<?xml version="1.0"?>
<COLLADA xmlns="http://www.collada.org/2005/11/COLLADASchema" version="1.4.1">
	<asset>
		<contributor>
			<author>Assimp</author>
			<authoring_tool>Assimp Exporter</authoring_tool>
		</contributor>
		<created>2024-09-30T17:41:46</created>
		<modified>2024-09-30T17:41:46</modified>
		<unit name="meter" meter="0.010000" />
		<up_axis>Y_UP</up_axis>
	</asset>
	<library_effects>
		<effect id="Mask-fx" name="Mask">
			<profile_COMMON>
				<technique sid="standard">
					<phong>
					</phong>
				</technique>
			</profile_COMMON>
		</effect>
	</library_effects>
	<library_materials>
		<material id="Mask" name="Mask">
			<instance_effect url="#Mask-fx"/>
		</material>
	</library_materials>
	<library_geometries>
		<geometry id="meshId0" name="meshId0_name" >
			<mesh>
				<source id="meshId0-positions" name="meshId0-positions">
					<float_array id="meshId0-positions-array" count="17628"> 
						0.324935 1.016434 0.089031 0.294472 1.033512 0.097703 0.299976 1.045840 0.096127 0.332807 1.027994 0.086802 0.259589 1.046182 0.107294 0.262031 1.058953 0.106542 0.266781 1.075032 0.105193 0.308910 1.061247 0.093637 0.345237 1.042070 0.083369 0.221336 1.054015 0.117311 0.220208 1.066922 0.117466 0.180766 1.056584 0.127267 0.175741 1.069336 0.128318 0.173510 1.086144 0.128788 0.221251 1.083419 0.117113 0.224111 1.104111 0.116381 0.273168 1.094888 0.103453 0.174719 1.108034 0.128582 0.177236 1.134061 0.128118 0.227326 1.128817 0.115605 0.278980 1.119080 0.101913 0.321292 1.080270 0.090277 0.363033 1.059131 0.078589 0.332071 1.104593 0.087420 0.391010 1.082187 0.071321 0.320813 1.006919 0.090194 0.292385 1.023729 0.098324 0.319729 0.999147 0.090922 0.293067 1.016038 0.098596 0.263052 1.028642 0.106966 0.260123 1.036249 0.107242 0.320975 0.992814 0.091848 0.295876 1.009988 0.099129 0.323838 0.987620 0.093601 0.300167 1.005126 0.100528 0.273773 1.018348 0.108061 0.267796 1.022846 0.107046 0.237657 1.031138 0.115241 0.230613 1.036636 0.115644 0.245569 1.027083 0.115864 0.216469 1.031132 0.123601 0.206386 1.034610 0.123353 0.196680 1.039696 0.124242 0.224988 1.044090 0.116519 0.187943 1.046862 0.125727 0.349926 0.995375 0.081767 0.344446 0.986211 0.083280 0.369370 0.971465 0.075969 0.363057 0.962928 0.077691 0.359904 0.955116 0.078956 0.342108 0.978293 0.084332 0.383194 0.945836 0.071697 0.376418 0.938395 0.073535 0.391325 0.919617 0.069008 0.384302 0.913937 0.070920 0.380555 0.908355 0.072370 0.372819 0.931257 0.074925 0.371576 0.924839 0.076521 0.359136 0.948262 0.080410 0.379173 0.903290 0.074029 0.379244 0.899156 0.076567 0.371868 0.919556 0.078973 0.359980 0.942594 0.082698 0.342165 0.971580 0.085564 
						0.343873 0.966028 0.087616 0.359292 1.005828 0.079150 0.373360 1.017505 0.075310 0.394250 0.989472 0.069201 0.379617 0.980499 0.073143 0.392944 1.030340 0.070126 0.420293 1.040128 0.063166 0.438844 1.003976 0.057833 0.413723 0.997828 0.064128 0.428067 0.965523 0.059836 0.408880 0.959890 0.064782 0.451669 0.969574 0.053984 0.459634 0.936635 0.051404 0.436853 0.933744 0.057030 0.417765 0.929774 0.061929 0.393968 0.953164 0.068758 0.402534 0.924981 0.065967 0.389425 0.880805 0.123514 0.383265 0.865976 0.125060 0.386437 0.860836 0.124126 0.393544 0.877305 0.122348 0.373304 0.853416 0.127716 0.375511 0.846328 0.127010 0.380682 0.838329 0.125462 0.392215 0.855057 0.122464 0.399900 0.873326 0.120567 0.359612 0.843375 0.131468 0.360891 0.834224 0.130977 0.342259 0.836101 0.136305 0.342703 0.824964 0.136005 0.346232 0.812031 0.134790 0.365366 0.823618 0.129558 0.373154 0.811500 0.127182 0.388956 0.829768 0.123048 0.352808 0.796873 0.132670 0.363953 0.776608 0.129162 0.385630 0.800100 0.123525 0.400784 0.821565 0.119672 0.400737 0.849003 0.120052 0.408631 0.869062 0.118145 0.412142 0.843036 0.116867 0.419870 0.864710 0.115059 0.387410 0.883629 0.124090 0.382561 0.870115 0.125289 0.386820 0.885880 0.123846 0.383458 0.873361 0.124637 0.376304 0.863891 0.126550 0.373922 0.859244 0.127602 0.386979 0.887661 0.122552 0.385092 0.875824 0.122929 0.387211 0.889073 0.119976 0.386596 0.877612 0.119990 0.382114 0.869971 0.121160 0.379388 0.867440 0.124442 0.369368 0.862442 0.127236 0.365066 0.857480 0.129671 0.373098 0.866018 0.123680 0.358885 0.865624 0.127748 0.354534 0.860765 0.131460 0.349458 0.854136 0.134087 0.361409 0.851125 0.131057 0.344938 0.845870 0.135684 0.391714 0.897653 0.123090 0.388552 0.899676 0.123977 
						0.390192 0.915916 0.123769 0.386053 0.917462 0.124926 0.383087 0.919056 0.125346 0.386678 0.901439 0.124090 0.384918 0.934989 0.125528 0.379975 0.936188 0.126913 0.375952 0.954266 0.128346 0.370385 0.955060 0.129916 0.365784 0.956531 0.130809 0.376104 0.937748 0.127594 0.372909 0.939629 0.127261 0.380844 0.920727 0.124737 0.361787 0.958556 0.130712 0.358031 0.961009 0.129310 0.369996 0.941789 0.125608 0.378873 0.922500 0.122805 0.385549 0.903017 0.123161 0.384624 0.904482 0.120921 0.396706 0.895296 0.121699 0.403676 0.892660 0.119773 0.403533 0.912829 0.120083 0.395957 0.914395 0.122168 0.412771 0.889803 0.117282 0.424138 0.886782 0.114196 0.424862 0.909281 0.114303 0.413106 0.911147 0.117475 0.409588 0.933013 0.118741 0.399464 0.933601 0.121501 0.421961 0.932233 0.115403 0.415351 0.955667 0.117521 0.402166 0.955323 0.121094 0.391460 0.954744 0.124027 0.391328 0.934193 0.123743 0.382850 0.954277 0.126414 0.433755 0.860464 0.111282 0.437926 0.883653 0.110486 0.449842 0.856221 0.106990 0.453788 0.880358 0.106302 0.455158 0.904759 0.106290 0.438986 0.907160 0.110526 0.467689 0.851876 0.102359 0.471379 0.876841 0.101795 0.486853 0.847326 0.097564 0.490351 0.873043 0.097114 0.492357 0.899009 0.097024 0.473055 0.902051 0.101741 0.472638 0.927564 0.102217 0.453859 0.929503 0.106978 0.492806 0.925251 0.097306 0.491634 0.951798 0.097974 0.470048 0.953438 0.103240 0.449801 0.954668 0.108390 0.436842 0.931061 0.111428 0.431399 0.955429 0.113218 0.426568 0.837520 0.112886 0.416620 0.814640 0.115234 0.435175 0.808469 0.110139 0.443411 0.832269 0.108329 0.404165 0.791644 0.118259 0.392302 0.768355 0.121094 0.416725 0.761180 0.114244 0.425816 0.784784 0.112238 0.447636 0.778170 0.106315 0.455163 0.802526 0.104790 
						0.440138 0.754045 0.107816 0.462914 0.746780 0.101751 0.469527 0.771540 0.100563 0.476009 0.796560 0.099398 0.462066 0.827100 0.103415 0.481928 0.821826 0.098362 0.280814 1.235920 0.156307 0.272107 1.253822 0.158641 0.240361 1.251050 0.167319 0.247009 1.232953 0.165513 0.262962 1.269831 0.160924 0.234049 1.267563 0.168853 0.202717 1.266745 0.176986 0.206867 1.249269 0.176073 0.211811 1.230603 0.174742 0.253551 1.283460 0.162976 0.228552 1.282241 0.169826 0.245802 1.292877 0.164421 0.226972 1.295405 0.169345 0.199878 1.298380 0.175989 0.199967 1.283058 0.177125 0.168262 1.284199 0.184673 0.169616 1.266570 0.185051 0.168723 1.301081 0.183120 0.135397 1.303281 0.190217 0.134900 1.285254 0.192029 0.135646 1.266554 0.192720 0.172311 1.248072 0.184604 0.175874 1.228583 0.183681 0.137381 1.247049 0.192610 0.139851 1.226608 0.192020 0.312575 1.239792 0.147433 0.301419 1.257993 0.150343 0.343566 1.244723 0.138673 0.329638 1.263648 0.142126 0.313192 1.280946 0.146034 0.288803 1.274361 0.153469 0.375063 1.250871 0.129809 0.358105 1.270872 0.133693 0.408341 1.258393 0.120622 0.388164 1.279747 0.124747 0.363647 1.299687 0.129543 0.337745 1.289385 0.138163 0.313747 1.306061 0.143259 0.293765 1.296253 0.150455 0.335083 1.317819 0.134985 0.302765 1.333750 0.141051 0.285874 1.320547 0.149022 0.270428 1.309180 0.155619 0.274494 1.288425 0.156773 0.256395 1.299618 0.160904 0.288908 1.216618 0.154099 0.322505 1.220226 0.144778 0.296534 1.196136 0.151981 0.331442 1.199470 0.142330 0.365635 1.203220 0.132896 0.355441 1.224535 0.135618 0.303840 1.174698 0.149918 0.339620 1.177701 0.140038 0.310970 1.152525 0.147873 0.347273 1.155092 0.137853 0.382473 1.157757 0.128191 0.374522 1.180915 0.130442 0.409323 1.184509 0.121096 
						0.400076 1.207577 0.123596 0.417192 1.160645 0.118886 0.452051 1.163879 0.109937 0.444806 1.188648 0.111964 0.435728 1.212731 0.114344 0.388855 1.229735 0.126472 0.423884 1.236017 0.117193 0.253512 1.213521 0.163726 0.216944 1.210716 0.173343 0.222282 1.189918 0.171871 0.259949 1.193027 0.161935 0.179831 1.207982 0.182631 0.142801 1.205098 0.191271 0.146087 1.182798 0.190396 0.184130 1.186583 0.181465 0.188718 1.164701 0.180195 0.227844 1.168514 0.170318 0.149565 1.159988 0.189431 0.153090 1.136946 0.188407 0.193544 1.142652 0.178834 0.233647 1.146812 0.168677 0.266400 1.171741 0.160118 0.272942 1.149934 0.158252 0.085071 0.977721 0.203476 0.105303 0.994443 0.199408 0.098242 0.997308 0.200564 0.077114 0.980067 0.204768 0.129574 1.009214 0.194236 0.124119 1.012622 0.195125 0.116523 1.017525 0.196417 0.088563 1.001166 0.202187 0.066356 0.982769 0.206540 0.156921 1.021168 0.188082 0.153525 1.025095 0.188596 0.186381 1.029436 0.181064 0.185244 1.033814 0.181122 0.182774 1.040177 0.181474 0.148424 1.030812 0.189456 0.141786 1.038762 0.190654 0.107033 1.024384 0.198090 0.178953 1.048896 0.182156 0.173761 1.060343 0.183204 0.133782 1.049387 0.192185 0.096472 1.033903 0.200017 0.076425 1.006355 0.204276 0.052967 0.986005 0.208789 0.064288 1.014199 0.206404 0.035704 0.989993 0.211767 0.090059 0.975555 0.202666 0.109585 0.992237 0.198721 0.092587 0.973507 0.201850 0.111530 0.990455 0.198028 0.133647 1.005164 0.193276 0.132639 1.006844 0.193772 0.093167 0.971513 0.200541 0.111576 0.988866 0.196854 0.092309 0.969512 0.198250 0.110164 0.987236 0.194724 0.130815 1.002481 0.190363 0.132929 1.003825 0.192292 0.156660 1.015779 0.186922 0.158286 1.016931 0.187678 0.153765 1.014709 0.185218 0.178516 1.023379 0.179339 
						0.182203 1.024114 0.180812 0.184789 1.025056 0.181318 0.158440 1.018587 0.187921 0.186206 1.026673 0.181266 0.069842 0.959916 0.206321 0.074840 0.957591 0.205508 0.059047 0.941911 0.208145 0.063604 0.939359 0.207407 0.066034 0.936198 0.206586 0.077473 0.955018 0.204660 0.052119 0.924593 0.209151 0.056023 0.921875 0.208522 0.048490 0.908846 0.209540 0.051772 0.906154 0.209015 0.053557 0.902386 0.208296 0.058114 0.918251 0.207755 0.058830 0.914381 0.206366 0.066835 0.932866 0.205192 0.054211 0.898329 0.206913 0.054097 0.894772 0.204396 0.058613 0.910924 0.203875 0.066505 0.929800 0.202736 0.078267 0.952378 0.203285 0.077747 0.949848 0.200891 0.061953 0.961814 0.207591 0.051712 0.963368 0.209244 0.042958 0.943949 0.210696 0.051865 0.943418 0.209290 0.039661 0.964661 0.211207 0.027706 0.964129 0.213138 0.023902 0.941955 0.213643 0.033224 0.943575 0.212218 0.030369 0.923996 0.212511 0.038420 0.925496 0.211290 0.022677 0.921405 0.213639 0.023463 0.903173 0.213288 0.030161 0.906614 0.212331 0.037013 0.908854 0.211311 0.045961 0.925747 0.210122 0.043346 0.909672 0.210343 0.181400 1.265845 0.120025 0.182118 1.303580 0.112508 0.233125 1.296801 0.101344 0.232276 1.259446 0.108041 0.182708 1.340419 0.104222 0.233836 1.333107 0.094060 0.286715 1.324105 0.082969 0.285909 1.288427 0.089168 0.284964 1.251471 0.094975 0.182939 1.373977 0.097385 0.234108 1.366086 0.088265 0.182581 1.401868 0.094213 0.233641 1.393460 0.086033 0.286470 1.383089 0.077073 0.287023 1.356371 0.078297 0.340528 1.344903 0.068102 0.340189 1.313597 0.071597 0.339948 1.370723 0.067925 0.392958 1.356326 0.059186 0.393470 1.331755 0.058301 0.393101 1.301766 0.060593 0.339326 1.278773 0.076655 0.338333 1.242398 0.081523 0.392232 1.268153 0.064480 
						0.391248 1.232707 0.068383 0.133472 1.270188 0.130231 0.134033 1.308448 0.121986 0.087753 1.272833 0.138160 0.088138 1.311634 0.129332 0.088446 1.349565 0.119429 0.134487 1.345859 0.112806 0.043508 1.274134 0.143316 0.043704 1.313363 0.134097 0.000000 1.274449 0.145201 0.000000 1.313864 0.135834 0.000000 1.352335 0.125263 0.043860 1.351678 0.123709 0.043923 1.386598 0.114671 0.088571 1.384154 0.110901 0.000000 1.387387 0.116032 -0.000000 1.416542 0.110686 0.043841 1.415646 0.109501 0.088403 1.412926 0.106195 0.134668 1.379973 0.105035 0.134409 1.408345 0.101016 0.180784 1.229600 0.124558 0.132970 1.233525 0.135196 0.180038 1.195270 0.126893 0.132229 1.198654 0.137747 0.086727 1.200085 0.146192 0.087400 1.235634 0.143467 0.178932 1.163282 0.127817 0.130951 1.165770 0.138750 0.128836 1.135071 0.139072 0.083010 1.134115 0.147656 0.085381 1.166230 0.147275 0.042114 1.166071 0.152747 0.042936 1.200427 0.151668 0.040641 1.133461 0.153059 -0.000000 1.133211 0.154965 -0.000000 1.165838 0.154720 -0.000000 1.200326 0.153664 0.043326 1.236468 0.148849 0.000000 1.236566 0.150817 0.231589 1.223320 0.112078 0.284243 1.215371 0.098469 0.283379 1.180735 0.100311 0.230747 1.189072 0.114192 0.337604 1.206442 0.084446 0.390530 1.197220 0.070723 0.390159 1.161212 0.071809 0.336956 1.170933 0.085919 0.336202 1.135899 0.086439 0.282004 1.148166 0.101162 0.390218 1.124202 0.071949 0.229432 1.157354 0.115121 0.239884 0.698661 0.162053 0.239926 0.683729 0.161694 0.266090 0.681713 0.154528 0.266697 0.697193 0.154730 0.241026 0.669719 0.161054 0.266552 0.667324 0.154043 0.291259 0.663398 0.147062 0.291665 0.678447 0.147335 0.293082 0.694724 0.147340 0.243685 0.656741 0.159989 0.268544 0.654141 0.153145 0.248403 0.644904 0.158355 
						0.272531 0.642280 0.151703 0.294987 0.637405 0.145306 0.292241 0.649682 0.146420 0.314992 0.643243 0.139812 0.315229 0.657807 0.140150 0.316183 0.630150 0.139100 0.336530 0.620388 0.133023 0.337014 0.634705 0.133319 0.338544 0.650419 0.133343 0.316631 0.673757 0.140180 0.318934 0.691011 0.139972 0.340972 0.667472 0.133131 0.344147 0.685811 0.132716 0.212748 0.699370 0.169220 0.213188 0.684669 0.168767 0.185378 0.699617 0.176148 0.185985 0.684896 0.175653 0.187428 0.670750 0.174940 0.214601 0.670717 0.168057 0.157865 0.699699 0.182751 0.158422 0.684774 0.182259 0.130296 0.699912 0.188945 0.130606 0.684666 0.188490 0.131446 0.669650 0.187900 0.159659 0.670250 0.181592 0.161847 0.656139 0.180667 0.190084 0.657230 0.173897 0.132992 0.654837 0.187121 0.135421 0.640197 0.186101 0.165262 0.642449 0.179404 0.194331 0.644386 0.172411 0.217447 0.657600 0.166955 0.222190 0.645405 0.165326 0.240401 0.714403 0.162275 0.212817 0.714732 0.169552 0.241197 0.730709 0.162427 0.213185 0.730602 0.169810 0.185366 0.730542 0.176853 0.185230 0.714862 0.176535 0.241992 0.747334 0.162578 0.213641 0.746824 0.170044 0.242505 0.764030 0.162794 0.213973 0.763243 0.170302 0.185800 0.762841 0.177436 0.185613 0.746565 0.177141 0.158003 0.746633 0.183799 0.157810 0.730678 0.183487 0.158137 0.762835 0.184117 0.131137 0.763236 0.190263 0.130905 0.747108 0.189948 0.130591 0.731161 0.189644 0.157712 0.715017 0.183149 0.130339 0.715419 0.189320 0.267907 0.713650 0.154778 0.295132 0.712126 0.147178 0.297404 0.730305 0.146957 0.269330 0.730714 0.154772 0.321871 0.709486 0.139592 0.347921 0.705381 0.132136 0.352336 0.726461 0.131382 0.325239 0.729171 0.139096 0.328829 0.750059 0.138540 0.299485 0.748912 0.146784 0.357434 0.749330 0.130446 
						0.330322 0.770429 0.138544 0.300433 0.767172 0.146906 0.270573 0.748017 0.154810 0.271243 0.765189 0.154992 0.242457 0.780550 0.163143 0.213972 0.779705 0.170632 0.242370 0.796917 0.163484 0.214048 0.796193 0.170928 0.185724 0.795867 0.178102 0.185751 0.779281 0.177778 0.242765 0.813152 0.163677 0.214613 0.812693 0.171082 0.244165 0.829278 0.163581 0.216081 0.829189 0.170989 0.187230 0.829243 0.178331 0.185974 0.812578 0.178346 0.156899 0.812915 0.185415 0.157672 0.795903 0.184899 0.157545 0.829729 0.185587 0.124573 0.831484 0.193249 0.128818 0.812943 0.191864 0.130507 0.796051 0.191116 0.158055 0.779234 0.184475 0.131142 0.779516 0.190617 0.270950 0.781862 0.155416 0.299309 0.784311 0.147571 0.297581 0.800406 0.148370 0.270419 0.798070 0.155881 0.327394 0.788562 0.139728 0.323244 0.804676 0.141200 0.321070 0.818989 0.142069 0.296719 0.815538 0.148890 0.321316 0.831845 0.142214 0.297504 0.829816 0.148915 0.270375 0.813846 0.156186 0.271546 0.829223 0.156130 0.016217 0.917882 0.214530 0.017591 0.898753 0.214071 0.016233 0.938748 0.214761 0.009927 0.935257 0.215554 0.010537 0.914412 0.215187 0.011980 0.894677 0.214687 0.017753 0.960209 0.214696 0.018795 0.979417 0.214651 0.009836 0.973257 0.215997 0.009939 0.955563 0.215791 0.004401 0.952852 0.216333 0.004695 0.932781 0.216006 0.004110 0.970371 0.216613 -0.000000 0.969748 0.216739 0.000000 0.951980 0.216465 0.000000 0.931798 0.216147 0.005186 0.911980 0.215617 0.006066 0.892267 0.215148 -0.000000 0.911023 0.215775 0.000000 0.891479 0.215339 0.025690 0.887951 0.212753 0.031665 0.892120 0.211920 0.029314 0.875937 0.212034 0.034672 0.880302 0.211294 0.040165 0.883070 0.210484 0.037649 0.894870 0.211043 0.034288 0.867326 0.211131 0.038976 0.870944 0.210466 
						0.038952 0.862163 0.210293 0.043663 0.862821 0.209552 0.049994 0.863875 0.208519 0.044394 0.872980 0.209635 0.049671 0.874263 0.208793 0.045257 0.884423 0.209702 0.056319 0.865090 0.207461 0.061899 0.866241 0.206512 0.054237 0.874671 0.208045 0.049488 0.884303 0.209031 0.043130 0.896062 0.210211 0.047593 0.895556 0.209515 0.020240 0.882502 0.213453 0.014468 0.877698 0.214051 0.018926 0.860810 0.213163 0.024624 0.869796 0.212609 -0.000000 0.874990 0.214829 0.007526 0.875464 0.214581 -0.000000 0.860591 0.214366 0.008806 0.860680 0.214067 -0.000000 0.834220 0.213870 0.008956 0.833626 0.213554 0.009143 0.847024 0.213757 -0.000000 0.847316 0.214074 0.018600 0.831803 0.212605 0.018777 0.845368 0.212829 0.042708 0.825706 0.208828 0.041478 0.837673 0.209300 0.029395 0.841568 0.211316 0.029623 0.828706 0.211020 0.040058 0.848078 0.209779 0.029602 0.852753 0.211522 0.031198 0.861301 0.211471 0.039188 0.856457 0.210128 0.171472 1.317337 0.180043 0.137392 1.320767 0.186963 0.203710 1.312881 0.173072 0.210421 1.327244 0.168489 0.176117 1.333416 0.175437 0.140657 1.338081 0.182239 0.232409 1.307372 0.166515 0.242252 1.319337 0.161757 0.253890 1.332493 0.155491 0.218965 1.342149 0.162354 0.266986 1.347085 0.147715 0.228867 1.358041 0.154674 0.182267 1.349765 0.169300 0.144965 1.355593 0.176018 0.189528 1.366833 0.161628 0.150090 1.373675 0.168271 0.101793 1.304756 0.196758 0.101345 1.285816 0.198752 0.067978 1.305637 0.202169 0.067644 1.286028 0.204279 0.067792 1.265736 0.205322 0.101708 1.266215 0.199660 0.034024 1.306060 0.205876 0.033846 1.286039 0.208046 0.000000 1.306156 0.207303 0.000000 1.285995 0.209490 0.000000 1.265095 0.210621 0.033892 1.265302 0.209159 0.034150 1.243618 0.209525 0.068379 1.244563 0.205606 
						0.000000 1.243216 0.211009 0.000000 1.220114 0.210968 0.034609 1.220759 0.209452 0.069360 1.222312 0.205436 0.102763 1.245793 0.199789 0.104393 1.224390 0.199448 0.103169 1.323196 0.193370 0.105354 1.341464 0.188534 0.070170 1.343703 0.193755 0.068839 1.324760 0.198687 0.108229 1.359884 0.182196 0.111674 1.378782 0.174303 0.074024 1.382276 0.179237 0.071917 1.362772 0.187297 0.035888 1.364396 0.190787 0.035065 1.344936 0.197340 0.036884 1.384276 0.182586 0.000000 1.384902 0.183865 0.000000 1.364892 0.192129 -0.000000 1.345301 0.198723 0.034437 1.325591 0.202338 -0.000000 1.325824 0.203747 0.247091 0.845316 0.163054 0.218862 0.845664 0.170540 0.250834 0.860298 0.161858 0.222343 0.861108 0.169465 0.193981 0.860983 0.176790 0.190222 0.845691 0.177879 0.254685 0.873255 0.159754 0.225908 0.874506 0.167490 0.257935 0.883220 0.156502 0.228944 0.884847 0.164342 0.200479 0.884365 0.171781 0.197540 0.874185 0.174865 0.170254 0.872805 0.181691 0.166372 0.860405 0.183656 0.173116 0.882290 0.178650 0.147429 0.879136 0.184782 0.144723 0.870877 0.187779 0.140623 0.860049 0.189780 0.161419 0.845802 0.184978 0.134649 0.847190 0.191309 0.274658 0.844236 0.155511 0.300718 0.843351 0.148225 0.305299 0.855555 0.146696 0.278834 0.858073 0.154144 0.324426 0.843587 0.141512 0.329188 0.853869 0.139887 0.334386 0.862342 0.137261 0.310187 0.865839 0.144202 0.338808 0.868661 0.133558 0.314321 0.873614 0.140616 0.283199 0.869922 0.151845 0.286879 0.878972 0.148429 0.125586 1.106751 0.139578 0.124747 1.082943 0.139612 0.072125 1.073174 0.149960 0.079262 1.103784 0.148274 0.138930 1.053461 0.136668 0.129862 1.065782 0.138518 0.098604 1.045436 0.145153 0.087180 1.056669 0.147397 0.029368 1.019393 0.158713 0.026594 1.028652 0.159164 
						0.052300 1.042403 0.154289 0.062561 1.033298 0.152355 0.021272 1.033989 0.159869 0.041245 1.050032 0.155871 0.000000 1.036195 0.161373 0.000000 1.052968 0.158874 0.022536 1.052799 0.157813 0.011699 1.036012 0.160829 0.000000 1.075324 0.156502 0.032960 1.075244 0.154946 0.038292 1.102658 0.153577 -0.000000 1.102555 0.155380 0.341427 0.973034 0.111589 0.336697 0.976182 0.106170 0.353326 0.954972 0.101087 0.357006 0.952218 0.106800 0.331993 0.979518 0.101124 0.349728 0.958005 0.095743 0.363937 0.935157 0.091345 0.366568 0.932684 0.096961 0.369312 0.930571 0.102944 0.327609 0.983259 0.096814 0.346485 0.961597 0.091131 0.361661 0.938343 0.086467 0.372873 0.915825 0.082936 0.374395 0.913259 0.088030 0.379860 0.896370 0.080653 0.380873 0.894596 0.085897 0.376235 0.911474 0.093874 0.378196 0.910082 0.100088 0.382139 0.893498 0.091909 0.383512 0.892740 0.098298 0.322721 0.991031 0.117244 0.316868 0.994156 0.112125 0.301469 1.005889 0.123550 0.294525 1.008632 0.118706 0.287411 1.011470 0.114262 0.310960 0.997412 0.107390 0.278252 1.017288 0.130294 0.270350 1.019347 0.125669 0.253650 1.024910 0.137260 0.245031 1.026037 0.132768 0.235893 1.027208 0.128720 0.262128 1.021475 0.121465 0.253797 1.023958 0.118067 0.280403 1.014632 0.110590 0.226339 1.028785 0.125527 0.305294 1.001002 0.103403 0.345888 0.969861 0.117021 0.328221 0.987835 0.122385 0.345888 0.969861 0.117021 0.350119 0.966744 0.122056 0.333409 0.984668 0.127142 0.328221 0.987835 0.122385 0.314066 1.000108 0.132927 0.307971 1.003009 0.128423 0.307971 1.003009 0.128423 0.354154 0.963766 0.126288 0.338327 0.981630 0.131112 0.343017 0.978823 0.133889 0.325190 0.994698 0.139233 0.319794 0.997300 0.136663 0.298860 1.010293 0.142807 0.292480 1.012637 0.139252 
						0.304785 1.008102 0.145227 0.282038 1.018505 0.151757 0.275831 1.020131 0.149412 0.269038 1.021827 0.145961 0.285620 1.015010 0.134951 0.285620 1.015010 0.134951 0.261649 1.023464 0.141784 0.261649 1.023464 0.141784 0.360493 0.949463 0.112516 0.371927 0.928466 0.108923 0.360493 0.949463 0.112516 0.371927 0.928466 0.108923 0.374401 0.926400 0.114495 0.363807 0.946766 0.117828 0.380081 0.908698 0.106292 0.384848 0.891986 0.104674 0.380081 0.908698 0.106292 0.384848 0.891986 0.104674 0.386004 0.891168 0.110662 0.381825 0.907311 0.112094 0.383361 0.905910 0.117101 0.376721 0.924401 0.119256 0.386839 0.890220 0.115888 0.366968 0.944188 0.122328 0.081010 0.959464 0.177974 0.095663 0.976919 0.175370 0.100351 0.980279 0.181137 0.084735 0.962552 0.183994 0.112861 0.992582 0.172049 0.118547 0.995933 0.177535 0.100351 0.980279 0.181137 0.118547 0.995933 0.177535 0.123510 0.998634 0.182643 0.104419 0.983048 0.186517 0.084735 0.962552 0.183994 0.087953 0.965166 0.189619 0.132412 1.005979 0.167969 0.139038 1.009040 0.173170 0.154118 1.016635 0.163088 0.161539 1.019126 0.168027 0.139038 1.009040 0.173170 0.161539 1.019126 0.168027 0.168121 1.021002 0.172608 0.144865 1.011445 0.178004 0.149804 1.013299 0.182132 0.127638 1.000783 0.187033 0.173802 1.022381 0.176491 0.107735 0.985331 0.191162 0.090524 0.967441 0.194490 0.076919 0.955769 0.171917 0.090486 0.972862 0.169565 0.071778 0.951863 0.166373 0.084020 0.968642 0.164298 0.098788 0.984273 0.161565 0.106568 0.988482 0.166528 0.064906 0.948146 0.161891 0.075464 0.964794 0.160143 0.055621 0.945015 0.159022 0.064014 0.961849 0.157678 0.075256 0.978091 0.155685 0.088644 0.980596 0.157752 0.104988 0.994907 0.154538 0.116209 0.998242 0.158066 0.090592 0.992822 0.152742 
						0.109922 1.005831 0.148773 0.124500 1.007362 0.150409 0.136275 1.010105 0.153715 0.125076 1.002156 0.162738 0.145922 1.013412 0.158129 0.069098 0.940692 0.179903 0.065953 0.937675 0.173651 0.059996 0.921951 0.181217 0.057647 0.919776 0.174821 0.054542 0.917429 0.168918 0.061935 0.934451 0.167898 0.053771 0.904588 0.181980 0.052057 0.903269 0.175482 0.050492 0.889951 0.182251 0.049239 0.889349 0.175689 0.047324 0.888653 0.169627 0.049654 0.901821 0.169479 0.045981 0.900334 0.164485 0.050100 0.915086 0.164028 0.044136 0.887874 0.164577 0.039066 0.887026 0.161050 0.040452 0.898895 0.161011 0.043739 0.912924 0.160671 0.056430 0.931300 0.163175 0.048829 0.928502 0.160014 0.071982 0.943225 0.186123 0.074472 0.945466 0.191940 0.071982 0.943225 0.186123 0.064058 0.925520 0.193553 0.062171 0.923778 0.187589 0.062171 0.923778 0.187589 0.076438 0.947609 0.196986 0.065541 0.927440 0.198730 0.057900 0.908537 0.199799 0.056791 0.906901 0.194530 0.053581 0.892506 0.200272 0.052750 0.891180 0.194941 0.055382 0.905692 0.188459 0.055382 0.905692 0.188459 0.051692 0.890444 0.188801 0.051692 0.890444 0.188801 0.444675 1.267444 0.110894 0.421156 1.290359 0.114991 0.480710 1.276861 0.100588 0.454043 1.301280 0.104487 0.420507 1.324245 0.109262 0.392080 1.311863 0.119858 0.513092 1.285482 0.089672 0.483789 1.311081 0.093299 0.538468 1.292142 0.078108 0.507355 1.318334 0.081490 0.467189 1.342967 0.085938 0.446389 1.335169 0.097904 0.403219 1.357188 0.103387 0.381784 1.345243 0.114822 0.420758 1.365474 0.091352 0.370851 1.385289 0.097630 0.356605 1.376579 0.109647 0.339557 1.363758 0.121079 0.358417 1.331500 0.125431 0.321135 1.348817 0.131642 0.461668 1.243569 0.107633 0.473553 1.218875 0.105056 0.510348 1.225382 0.095491 
						0.498824 1.251503 0.097655 0.481749 1.193499 0.103010 0.487673 1.167582 0.101342 0.521472 1.171558 0.092683 0.517244 1.198675 0.093899 0.548382 1.203787 0.084294 0.542911 1.231628 0.085408 0.550863 1.175611 0.083540 0.573260 1.179542 0.073493 0.572256 1.208447 0.073858 0.568040 1.236988 0.074566 0.531974 1.258929 0.087121 0.557737 1.264957 0.075891 0.149653 0.888244 0.161702 0.148323 0.888129 0.155235 0.124271 0.882668 0.160577 0.125575 0.882757 0.167051 0.146141 0.886488 0.149333 0.122142 0.881266 0.154660 0.100834 0.875950 0.159097 0.102784 0.877033 0.165056 0.103981 0.877076 0.171556 0.142956 0.882036 0.144425 0.118988 0.877461 0.149737 0.138619 0.873488 0.140939 0.114606 0.870159 0.146246 0.093582 0.867194 0.150600 0.097858 0.872959 0.154128 0.079909 0.869394 0.157654 0.082674 0.871520 0.162678 0.075742 0.865245 0.154085 0.061282 0.864968 0.156783 0.065484 0.867630 0.160373 0.068123 0.868961 0.165440 0.084403 0.872260 0.168692 0.085458 0.872250 0.175226 0.069670 0.869385 0.171501 0.070592 0.869328 0.178071 0.175627 0.892491 0.155499 0.174396 0.892380 0.149012 0.203046 0.895049 0.148588 0.201987 0.894963 0.142066 0.200244 0.893217 0.136081 0.172371 0.890632 0.143081 0.231459 0.895469 0.141115 0.230588 0.895423 0.134555 0.260414 0.893304 0.133227 0.259695 0.893301 0.126637 0.258567 0.891782 0.120534 0.229172 0.893761 0.128506 0.227083 0.888953 0.123402 0.197695 0.888302 0.131060 0.256894 0.887258 0.115354 0.254544 0.878239 0.111534 0.224193 0.879469 0.119674 0.194218 0.878710 0.127434 0.169423 0.885823 0.138134 0.165425 0.876527 0.134595 0.150281 0.888121 0.168305 0.176189 0.892393 0.162116 0.150281 0.888121 0.168305 0.150156 0.887040 0.174630 0.176008 0.891230 0.168453 0.176189 0.892393 0.162116 
						0.203362 0.893813 0.161560 0.203544 0.894983 0.155219 0.203544 0.894983 0.155219 0.149222 0.884284 0.180260 0.175009 0.888147 0.174101 0.202380 0.890591 0.167213 0.230835 0.891117 0.159750 0.231764 0.894313 0.154094 0.259875 0.889223 0.151864 0.260762 0.892249 0.146200 0.231911 0.895432 0.147755 0.231911 0.895432 0.147755 0.260855 0.893281 0.139868 0.260855 0.893281 0.139868 0.126256 0.882625 0.173646 0.104701 0.876947 0.178147 0.126256 0.882625 0.173646 0.104701 0.876947 0.178147 0.104868 0.876282 0.184417 0.126256 0.881723 0.179946 0.086206 0.872129 0.181816 0.071358 0.869215 0.184664 0.086206 0.872129 0.181816 0.071358 0.869215 0.184664 0.071858 0.869046 0.190882 0.086549 0.871722 0.188058 0.086393 0.870853 0.193548 0.104410 0.874720 0.189960 0.071978 0.868819 0.196327 0.071607 0.868536 0.200600 0.085642 0.869348 0.197883 0.103251 0.871897 0.194364 0.125521 0.879502 0.185539 0.123994 0.875415 0.190008 0.043010 0.812643 0.208497 0.060029 0.811219 0.205497 0.058541 0.824175 0.206053 0.042577 0.798658 0.208272 0.060312 0.797146 0.205131 0.081259 0.796301 0.201220 0.080157 0.810943 0.201764 0.077060 0.824300 0.202657 0.041605 0.783925 0.208115 0.059732 0.782241 0.204895 0.040287 0.768621 0.207989 0.058629 0.766786 0.204727 0.080485 0.765251 0.200638 0.081211 0.780975 0.200874 0.105271 0.780081 0.196099 0.104846 0.796060 0.196552 0.104954 0.764054 0.195793 0.103162 0.811902 0.197267 0.098203 0.826270 0.198597 0.029332 0.815128 0.210798 0.018161 0.817758 0.212415 0.017507 0.803229 0.212246 0.028624 0.800896 0.210627 0.008663 0.819617 0.213364 -0.000000 0.820353 0.213671 -0.000000 0.805784 0.213470 0.008281 0.805022 0.213177 0.007826 0.789868 0.212984 0.016682 0.788209 0.212085 0.000000 0.790578 0.213259 
						0.000000 0.774803 0.213032 0.007315 0.774182 0.212777 0.015732 0.772695 0.211917 0.027598 0.786071 0.210486 0.026355 0.770716 0.210353 0.055510 0.835733 0.206861 0.071124 0.835775 0.204045 0.063821 0.845855 0.205642 0.051686 0.845905 0.207779 0.087952 0.837828 0.200897 0.102708 0.842660 0.198102 0.086142 0.850985 0.201609 0.075802 0.847550 0.203486 0.065143 0.856411 0.205683 0.056624 0.855028 0.207161 0.072537 0.858595 0.204390 0.047818 0.854704 0.208666 0.038817 0.752920 0.207858 0.057343 0.751065 0.204567 0.037275 0.736874 0.207714 0.055972 0.735114 0.204401 0.078523 0.733497 0.200212 0.079550 0.749416 0.200424 0.035739 0.720533 0.207547 0.054614 0.718973 0.204214 0.034290 0.703951 0.207348 0.053367 0.702681 0.203993 0.076656 0.701512 0.199711 0.077520 0.717520 0.199981 0.103185 0.716294 0.194973 0.103779 0.732139 0.195256 0.102763 0.700553 0.194647 0.104412 0.748066 0.195521 0.024996 0.754891 0.210205 0.014703 0.756680 0.211728 0.013635 0.740232 0.211518 0.023579 0.738658 0.210039 0.006763 0.757990 0.212546 0.000000 0.758526 0.212779 0.000000 0.741819 0.212503 0.006192 0.741364 0.212292 0.005621 0.724375 0.212015 0.012568 0.723421 0.211284 0.000000 0.724756 0.212205 0.000000 0.707409 0.211884 0.005071 0.707096 0.211715 0.011542 0.706313 0.211025 0.022166 0.722078 0.209849 0.020815 0.705213 0.209631 0.404951 0.979608 0.120682 0.390789 0.977996 0.124548 0.390238 1.003935 0.125019 0.374954 1.000461 0.129224 0.363391 0.996448 0.132445 0.379512 0.976029 0.127664 0.370691 1.028524 0.130665 0.354157 1.022150 0.135238 0.342147 1.055232 0.138763 0.327213 1.039828 0.142882 0.317536 1.030001 0.145620 0.342866 1.014996 0.138405 0.334226 1.009697 0.140870 0.354372 0.993048 0.134992 0.310045 1.023161 0.147785 
						0.303917 1.018893 0.149578 0.327322 1.006304 0.142864 0.347139 0.990771 0.137058 0.370555 0.974235 0.130169 0.363354 0.973143 0.132205 0.422562 0.980338 0.115925 0.442891 0.980331 0.110550 0.433833 1.006314 0.113267 0.410419 1.005715 0.119520 0.465206 0.979729 0.104830 0.488775 0.978680 0.099040 0.484676 1.005738 0.100389 0.458819 1.006250 0.106799 0.451593 1.032811 0.108958 0.423330 1.032441 0.116351 0.479782 1.032817 0.101908 0.474539 1.059758 0.103483 0.444238 1.059224 0.111119 0.413019 1.058465 0.119353 0.395056 1.031483 0.123978 0.380296 1.057303 0.128239 0.247162 0.698463 0.105449 0.253446 0.675265 0.103128 0.224506 0.672543 0.110741 0.217570 0.695781 0.113194 0.260877 0.654031 0.100922 0.232445 0.651292 0.108440 0.200941 0.646762 0.116435 0.193348 0.668500 0.118594 0.186496 0.692206 0.120974 0.268331 0.635925 0.099616 0.240279 0.633184 0.107070 0.274685 0.622109 0.099994 0.246899 0.619374 0.107407 0.214416 0.614012 0.115734 0.208292 0.628197 0.115235 0.173744 0.621807 0.123600 0.167509 0.641116 0.124475 0.178758 0.606986 0.124401 0.141447 0.599257 0.132834 0.138010 0.614855 0.131651 0.133292 0.635034 0.132131 0.160872 0.663622 0.126341 0.154652 0.688029 0.128510 0.127976 0.658394 0.133633 0.122746 0.683536 0.135520 0.274561 0.699967 0.098018 0.279270 0.676181 0.096103 0.300293 0.700643 0.090845 0.302892 0.675906 0.089495 0.306383 0.652799 0.088308 0.285093 0.654301 0.094313 0.324880 0.700841 0.083874 0.325229 0.675053 0.083136 0.348846 0.700915 0.077049 0.347197 0.674236 0.076856 0.345586 0.647910 0.076882 0.326040 0.650223 0.082607 0.326658 0.627058 0.082845 0.310013 0.632500 0.087945 0.343444 0.622179 0.077555 0.339586 0.595296 0.079748 0.326694 0.608768 0.084712 0.313094 0.616810 0.089140 
						0.291074 0.635576 0.093388 0.296254 0.621255 0.094070 0.243148 0.722464 0.107102 0.271926 0.724408 0.099319 0.241148 0.746990 0.108171 0.271050 0.749131 0.100099 0.299784 0.751140 0.092125 0.299340 0.725831 0.091697 0.240907 0.771764 0.108741 0.271618 0.773761 0.100453 0.242169 0.796509 0.108897 0.273316 0.797924 0.100474 0.303509 0.800236 0.092095 0.301374 0.776238 0.092202 0.330376 0.779862 0.084044 0.327491 0.753207 0.084313 0.332852 0.804659 0.083843 0.363723 0.814513 0.075204 0.358030 0.783103 0.076234 0.354113 0.754972 0.076774 0.325646 0.726880 0.084261 0.351102 0.727701 0.077034 0.212747 0.719851 0.115024 0.181372 0.716676 0.122838 0.177939 0.741774 0.124223 0.209938 0.744527 0.116280 0.149669 0.713043 0.130296 0.118285 0.709059 0.137152 0.114086 0.735164 0.138680 0.145671 0.738763 0.131797 0.142407 0.765286 0.133107 0.176164 0.767366 0.125169 0.109643 0.762052 0.140257 0.103429 0.792024 0.142332 0.142106 0.791847 0.133742 0.176631 0.793103 0.125569 0.209043 0.769579 0.117013 0.209963 0.794780 0.117274 0.032696 0.842540 0.156628 0.040283 0.848573 0.155565 0.054196 0.841147 0.153025 0.044917 0.833006 0.154372 0.047734 0.854905 0.154935 0.062496 0.850043 0.152242 0.080287 0.846105 0.148816 0.071224 0.833515 0.149751 0.060106 0.822102 0.151435 0.055049 0.860548 0.155156 0.069808 0.858435 0.152438 0.087733 0.857786 0.148965 0.108798 0.858271 0.144624 0.101266 0.842946 0.144520 0.132979 0.859558 0.139304 0.125751 0.841158 0.139168 0.091716 0.825338 0.145581 0.078575 0.809281 0.147681 0.116650 0.819199 0.140180 0.023129 0.851251 0.158340 0.029133 0.856133 0.157534 0.015088 0.858146 0.159557 0.019386 0.862527 0.158974 0.024658 0.868173 0.158640 0.035839 0.860831 0.157036 0.000000 0.863577 0.160606 
						0.000000 0.867806 0.160284 0.009682 0.866457 0.159929 0.007444 0.862235 0.160331 -0.000000 0.872350 0.160054 0.011403 0.871234 0.159641 -0.000000 0.885957 0.160278 0.011350 0.885701 0.159880 0.011614 0.877513 0.159699 -0.000000 0.878214 0.160113 0.022064 0.885551 0.159402 0.022545 0.876703 0.159192 0.039683 0.877932 0.160807 0.032112 0.877082 0.159326 0.031506 0.886122 0.159559 0.043171 0.871349 0.160108 0.035653 0.870012 0.158631 0.043482 0.864454 0.157231 0.050398 0.867015 0.158778 0.033005 0.687177 0.207109 0.052330 0.686275 0.203723 0.031932 0.670102 0.206815 0.051559 0.669656 0.203386 0.075771 0.669400 0.198973 0.076047 0.685500 0.199384 0.031117 0.652612 0.206449 0.051113 0.652723 0.202963 0.030606 0.634597 0.205997 0.051049 0.635378 0.202435 0.076525 0.636608 0.197806 0.075905 0.653131 0.198455 0.103771 0.653835 0.193113 0.102942 0.669383 0.193752 0.105246 0.638232 0.192298 0.102644 0.684936 0.194252 0.065999 0.867103 0.205805 0.057517 0.874083 0.207492 0.068837 0.867735 0.204886 0.059707 0.872889 0.206689 0.054211 0.880111 0.207820 0.052399 0.882655 0.208553 0.070634 0.868193 0.203302 0.060999 0.871474 0.205190 0.061588 0.870228 0.202550 0.055432 0.874869 0.203793 0.055148 0.877304 0.206383 0.052934 0.886113 0.206938 0.052209 0.889807 0.208337 0.052986 0.882902 0.204388 0.050524 0.893213 0.209043 0.077965 0.861318 0.203438 0.093354 0.856156 0.200312 0.098169 0.861999 0.199035 0.081746 0.864243 0.202353 0.112104 0.851044 0.196345 0.117841 0.860591 0.194875 0.121619 0.868913 0.192942 0.101320 0.867452 0.197220 0.084199 0.867032 0.200660 0.405500 0.897107 0.064745 0.393688 0.893940 0.067962 0.421421 0.900143 0.060515 0.420939 0.870906 0.060230 0.403436 0.869289 0.064922 0.390284 0.868494 0.068547 
						0.440955 0.902810 0.055487 0.463605 0.904872 0.049877 0.464451 0.874110 0.049165 0.441476 0.872621 0.054900 0.439521 0.843076 0.054960 0.417411 0.841978 0.060764 0.463041 0.844176 0.049030 0.460243 0.814896 0.049232 0.436193 0.814075 0.055359 0.412615 0.813320 0.061611 0.396911 0.841272 0.066327 0.381114 0.842972 0.070749 0.389242 0.813005 0.068012 0.386481 0.890877 0.069953 0.382803 0.869251 0.070674 0.379448 0.870674 0.072123 0.382813 0.888051 0.071420 0.373114 0.849090 0.073124 0.356855 0.833457 0.077525 0.355177 0.846767 0.078720 0.370318 0.856550 0.074525 0.370134 0.862277 0.076020 0.378676 0.871879 0.073710 0.355763 0.856916 0.080071 0.357325 0.864035 0.082357 0.371198 0.866304 0.078402 0.379249 0.872761 0.076183 0.381614 0.885593 0.073069 0.381818 0.883634 0.075604 0.156518 1.113952 0.187361 0.198554 1.120750 0.177391 0.160872 1.092701 0.186155 0.203783 1.100123 0.175928 0.245643 1.104182 0.165250 0.239707 1.125120 0.166943 0.167177 1.074888 0.184653 0.209264 1.081900 0.174503 0.213952 1.066463 0.173370 0.254624 1.067875 0.162786 0.251072 1.084743 0.163735 0.292832 1.083990 0.152492 0.286347 1.105816 0.154374 0.296048 1.064704 0.151556 0.332982 1.082425 0.141441 0.325341 1.106515 0.143681 0.279654 1.127879 0.156316 0.318070 1.129840 0.145810 0.112744 1.129188 0.197084 0.113921 1.103912 0.196551 0.073469 1.121956 0.204077 0.072883 1.094725 0.203962 0.069519 1.064182 0.204791 0.117015 1.080978 0.195678 -0.000000 1.116538 0.210238 -0.000000 1.089598 0.210219 0.035522 1.090483 0.208596 0.036226 1.117827 0.208596 0.000000 1.063832 0.210895 0.031897 1.064158 0.209434 0.000000 1.020914 0.214991 0.013452 1.020366 0.214402 0.023084 1.040263 0.211790 0.000000 1.040479 0.212836 0.024751 1.016327 0.213312 
						0.042509 1.036487 0.209834 0.054613 1.026020 0.208147 0.031747 1.006406 0.212396 0.085662 1.046788 0.202071 0.124580 1.063130 0.194041 0.110929 1.154058 0.197702 0.108750 1.178338 0.198344 0.072041 1.174126 0.204734 0.073078 1.148469 0.204360 0.106480 1.201843 0.198946 0.070691 1.198787 0.205119 0.035257 1.196498 0.209252 0.035883 1.171087 0.208995 0.000000 1.195546 0.210809 0.000000 1.169861 0.210593 0.036276 1.144779 0.208753 -0.000000 1.143409 0.210383 0.357345 0.973281 0.133911 0.340935 0.990125 0.138833 0.335430 0.990783 0.140000 0.352181 0.974423 0.134972 0.321238 1.004868 0.144618 0.298331 1.016783 0.151200 0.293009 1.016342 0.152323 0.315662 1.004969 0.145811 0.310281 1.006187 0.146121 0.330292 0.992416 0.140239 0.287671 1.017079 0.152618 0.347520 0.976345 0.135070 0.416052 0.562150 0.109079 0.409739 0.540746 0.109889 0.429337 0.523160 0.103998 0.436712 0.546378 0.103043 0.402647 0.519322 0.110840 0.421076 0.499886 0.105114 0.438922 0.481991 0.098792 0.448063 0.506770 0.097576 0.456231 0.531455 0.096537 0.394342 0.497585 0.112073 0.411608 0.476440 0.106505 0.384390 0.475245 0.113728 0.400612 0.452707 0.108289 0.416722 0.432098 0.102131 0.428558 0.457105 0.100279 0.443297 0.440217 0.093051 0.454348 0.466246 0.091506 0.430791 0.414135 0.094938 0.440892 0.399539 0.086397 0.453934 0.426417 0.084479 0.465521 0.453260 0.082887 0.464150 0.492185 0.090229 0.472908 0.517999 0.089142 0.475831 0.480015 0.081560 0.485042 0.506627 0.080437 0.395954 0.578154 0.115067 0.391035 0.558917 0.115646 0.376166 0.593673 0.121035 0.372921 0.576732 0.121299 0.369221 0.559928 0.121610 0.385468 0.539688 0.116342 0.356442 0.607990 0.127010 0.355091 0.593248 0.126880 0.337242 0.607521 0.132419 0.338173 0.595565 0.131503 
						0.353587 0.578983 0.126637 0.351041 0.564456 0.126370 0.364298 0.542491 0.122132 0.338350 0.583980 0.130271 0.336265 0.571086 0.128477 0.346211 0.546948 0.126503 0.357294 0.523159 0.123112 0.378652 0.519902 0.117324 0.369986 0.498993 0.118761 0.422023 0.583825 0.108270 0.400826 0.597962 0.114436 0.427761 0.605829 0.107451 0.405724 0.618376 0.113747 0.383622 0.630275 0.120154 0.379728 0.611518 0.120652 0.433378 0.628217 0.106613 0.410723 0.639432 0.112994 0.438984 0.651046 0.105744 0.415894 0.661165 0.112171 0.392486 0.670554 0.118812 0.387869 0.649952 0.119540 0.364668 0.659418 0.126251 0.361286 0.641099 0.126682 0.368618 0.678881 0.125661 0.358525 0.623948 0.126940 0.443523 0.569655 0.102132 0.463675 0.556061 0.095580 0.470537 0.580662 0.094689 0.449902 0.593061 0.101253 0.480828 0.543654 0.088170 0.493334 0.533043 0.079459 0.500852 0.559333 0.078600 0.488057 0.569223 0.087293 0.494738 0.594780 0.086491 0.476960 0.605331 0.093847 0.507741 0.585570 0.077838 0.514148 0.611825 0.077148 0.501019 0.620399 0.085743 0.483087 0.630142 0.093037 0.455982 0.616663 0.100392 0.461895 0.640531 0.099535 0.373078 0.699465 0.124927 0.397492 0.692090 0.117970 0.403042 0.714475 0.116973 0.378198 0.721321 0.124009 0.421312 0.683609 0.111271 0.444690 0.674372 0.104836 0.450546 0.698141 0.103875 0.427086 0.706648 0.110265 0.433325 0.730165 0.109123 0.409293 0.737625 0.115777 0.456604 0.722295 0.102850 0.384126 0.744599 0.122871 0.502394 0.816265 0.093390 0.506892 0.842466 0.092782 0.497136 0.790316 0.094169 0.516993 0.784076 0.088548 0.521846 0.810672 0.087954 0.526126 0.837535 0.087480 0.491390 0.764631 0.095056 0.485427 0.739219 0.095987 0.506214 0.731702 0.089957 0.511729 0.757751 0.089227 0.529046 0.751209 0.082513 
						0.534026 0.778119 0.081981 0.523814 0.724573 0.083094 0.536766 0.718174 0.074832 0.541844 0.745312 0.074350 0.546683 0.772725 0.073910 0.538666 0.805305 0.081512 0.542876 0.832772 0.081123 0.551238 0.800423 0.073517 0.555463 0.828417 0.073178 0.510359 0.868909 0.092411 0.529674 0.864661 0.087159 0.532447 0.892052 0.086997 0.512742 0.895606 0.092284 0.546569 0.860523 0.080830 0.559315 0.856717 0.072898 0.562761 0.885326 0.072679 0.549708 0.888556 0.080637 0.552259 0.916870 0.080546 0.534403 0.919709 0.086999 0.565773 0.914245 0.072521 0.568319 0.943478 0.072428 0.554186 0.945465 0.080560 0.535498 0.947633 0.087171 0.513990 0.922567 0.092410 0.514049 0.949804 0.092796 0.149947 1.044173 0.134437 0.162183 1.037497 0.132373 0.128735 1.030944 0.139804 0.112948 1.036946 0.142397 0.174906 1.033011 0.131023 0.187385 1.030293 0.130936 0.159287 1.025305 0.137694 0.144483 1.027177 0.138049 0.116381 1.017948 0.144233 0.097947 1.020941 0.146307 0.133143 1.016905 0.143698 0.091865 1.006162 0.149372 0.071862 1.008660 0.151572 0.078892 1.026101 0.149354 0.051447 1.013632 0.154744 0.169018 1.021778 0.152633 0.177787 1.024077 0.157363 0.158978 1.019417 0.148427 0.183616 1.025695 0.142380 0.193687 1.026903 0.146445 0.202726 1.028084 0.151008 0.147180 1.017594 0.145273 0.172241 1.024986 0.139300 0.198890 1.028923 0.132661 0.209489 1.028454 0.135751 0.219251 1.028440 0.139758 0.228244 1.028435 0.144236 0.185768 1.025719 0.162087 0.211006 1.028711 0.155581 0.185768 1.025719 0.162087 0.211006 1.028711 0.155581 0.218506 1.028914 0.159809 0.192919 1.026829 0.166461 0.236539 1.027995 0.148737 0.236539 1.027995 0.148737 0.244130 1.027250 0.152895 0.251013 1.026333 0.156341 0.225204 1.028824 0.163337 0.257185 1.025375 0.158710 
						0.231079 1.028571 0.165809 0.199201 1.027531 0.170140 0.204572 1.027953 0.172777 0.289941 0.888073 0.131697 0.289459 0.888104 0.125069 0.289903 0.887143 0.138021 0.289941 0.888073 0.131697 0.317575 0.880649 0.130100 0.317551 0.881466 0.123786 0.317551 0.881466 0.123786 0.316996 0.881520 0.117178 0.288998 0.884411 0.143710 0.316641 0.878291 0.135812 0.341239 0.872477 0.128699 0.342164 0.874420 0.122975 0.361227 0.868579 0.122896 0.362056 0.870108 0.117190 0.342065 0.875118 0.116676 0.341428 0.875201 0.110092 0.342065 0.875118 0.116676 0.361867 0.870687 0.110912 0.361867 0.870687 0.110912 0.361155 0.870795 0.104348 0.288803 0.888140 0.118471 0.316340 0.881590 0.110586 0.315458 0.880460 0.104446 0.287841 0.886799 0.112340 0.340735 0.875297 0.103513 0.360417 0.870911 0.097781 0.359580 0.870306 0.091641 0.339883 0.874413 0.097373 0.338769 0.871553 0.092106 0.314228 0.876914 0.099195 0.358573 0.868257 0.086357 0.337289 0.865722 0.088146 0.312525 0.869737 0.095272 0.286440 0.882697 0.107115 0.284466 0.874452 0.103234 0.055049 0.336270 0.160874 0.047421 0.333303 0.168692 0.066320 0.339324 0.165743 0.074597 0.342774 0.157752 0.040044 0.329627 0.175931 0.058238 0.334807 0.173121 0.079644 0.341761 0.169672 0.087875 0.347040 0.162202 0.096286 0.350932 0.154086 0.033212 0.324386 0.182044 0.050591 0.327973 0.179304 0.027215 0.316723 0.186482 0.043615 0.317573 0.183712 0.064610 0.320733 0.180201 0.071815 0.333518 0.175878 0.095861 0.341563 0.171900 0.103100 0.350487 0.165706 0.089609 0.327818 0.176108 0.116125 0.337610 0.171612 0.120949 0.351516 0.167517 0.127259 0.360698 0.161346 0.110986 0.356258 0.158179 0.119175 0.360541 0.149977 0.134551 0.366783 0.153786 0.142317 0.371400 0.145527 0.082831 0.346405 0.149732 
						0.062637 0.339384 0.153025 0.104656 0.355013 0.145944 0.082831 0.346405 0.149732 0.104656 0.355013 0.145944 0.113722 0.357889 0.137917 0.091688 0.348751 0.141832 0.062637 0.339384 0.153025 0.070738 0.341120 0.145313 0.127325 0.365004 0.141754 0.150051 0.376175 0.137257 0.127325 0.365004 0.141754 0.150051 0.376175 0.137257 0.158564 0.379888 0.129119 0.136220 0.368335 0.133652 0.146642 0.369224 0.125812 0.124221 0.358165 0.130150 0.168667 0.381320 0.121255 0.181171 0.379249 0.113808 0.159373 0.366359 0.118375 0.136891 0.354445 0.122784 0.101832 0.348342 0.134203 0.079907 0.339953 0.137907 0.113930 0.343711 0.126996 0.090697 0.334361 0.130974 0.157471 0.378424 0.149133 0.164770 0.383305 0.140839 0.150772 0.372108 0.156716 0.173579 0.384685 0.151931 0.179687 0.391158 0.144347 0.186481 0.396243 0.136050 0.145298 0.362788 0.162874 0.141675 0.348893 0.166897 0.166247 0.361574 0.162046 0.168863 0.375323 0.158074 0.191595 0.389066 0.153217 0.195620 0.398395 0.147109 0.189829 0.375558 0.157142 0.212410 0.390754 0.152270 0.213449 0.403960 0.148407 0.216837 0.413206 0.142365 0.201141 0.404967 0.139557 0.207396 0.410201 0.131298 0.221775 0.419829 0.134889 0.227461 0.425165 0.126720 0.172045 0.388322 0.132546 0.193254 0.401439 0.127768 0.172045 0.388322 0.132546 0.193254 0.401439 0.127768 0.200864 0.405712 0.119648 0.180131 0.392348 0.124399 0.213622 0.415518 0.123071 0.233095 0.430551 0.118602 0.213622 0.415518 0.123071 0.233095 0.430551 0.118602 0.239594 0.435139 0.110669 0.220705 0.419976 0.115019 0.229529 0.422635 0.107284 0.210171 0.408026 0.111833 0.247878 0.438081 0.103054 0.258862 0.438529 0.095892 0.240980 0.422553 0.100008 0.222032 0.407347 0.104469 0.189863 0.394254 0.116542 0.202076 0.392912 0.109121 
						0.281756 1.032421 0.155724 0.276940 1.027691 0.157158 0.287002 1.039792 0.154169 0.253203 1.044628 0.163395 0.250659 1.037360 0.164230 0.247571 1.032508 0.165200 0.292935 1.050262 0.152447 0.254930 1.054651 0.162793 0.216802 1.054194 0.172783 0.218081 1.044769 0.172642 0.218055 1.037863 0.172848 0.216991 1.033153 0.173303 0.272297 1.025144 0.158515 0.244212 1.029729 0.166204 0.240440 1.028497 0.166881 0.267605 1.024258 0.159455 0.215156 1.030313 0.173907 0.212504 1.028837 0.174277 0.208991 1.028219 0.174028 0.236110 1.028287 0.166870 0.262642 1.024509 0.159634 0.148282 0.583261 0.153617 0.149991 0.583230 0.160076 0.112619 0.575300 0.167853 0.109918 0.575150 0.161533 0.150893 0.584014 0.166307 0.114212 0.576286 0.173984 0.080168 0.569333 0.180596 0.078068 0.568179 0.174592 0.074718 0.567904 0.168477 0.150766 0.586549 0.171982 0.114699 0.579168 0.179550 0.149384 0.591771 0.176773 0.114082 0.585008 0.184177 0.081183 0.578946 0.190572 0.081158 0.572533 0.186065 0.052048 0.566963 0.191381 0.050836 0.563514 0.186001 0.052551 0.573872 0.195809 0.030049 0.570072 0.199741 0.029274 0.562776 0.195355 0.028064 0.559144 0.190043 0.048823 0.562298 0.180153 0.045914 0.562089 0.174321 0.026440 0.557920 0.184347 0.024423 0.557843 0.178813 0.186574 0.591671 0.144862 0.187696 0.591535 0.151400 0.223032 0.599285 0.135916 0.223872 0.599099 0.142493 0.224029 0.599600 0.148854 0.188132 0.592158 0.157708 0.255896 0.605004 0.127430 0.256653 0.604806 0.134019 0.283402 0.607733 0.120054 0.284175 0.607539 0.126643 0.284199 0.607900 0.133045 0.256684 0.605220 0.140411 0.255285 0.606866 0.146396 0.222907 0.601496 0.154760 0.282734 0.609372 0.139056 0.279041 0.612512 0.144472 0.251749 0.610364 0.151761 0.219912 0.605494 0.159970 
						0.187451 0.594357 0.163503 0.185225 0.598948 0.168505 0.145991 0.583170 0.147259 0.185193 0.591751 0.138372 0.145991 0.583170 0.147259 0.143932 0.584712 0.141371 0.183573 0.593327 0.132438 0.185193 0.591751 0.138372 0.220676 0.601017 0.123419 0.222105 0.599449 0.129363 0.222105 0.599449 0.129363 0.142919 0.589642 0.136318 0.181731 0.597949 0.127564 0.218328 0.605411 0.118669 0.251195 0.611015 0.110229 0.253742 0.606744 0.114918 0.278816 0.613746 0.102839 0.281276 0.609471 0.107539 0.255117 0.605195 0.120857 0.255117 0.605195 0.120857 0.282620 0.607922 0.113482 0.282620 0.607922 0.113482 0.106107 0.574771 0.155398 0.069972 0.567340 0.162678 0.106107 0.574771 0.155398 0.069972 0.567340 0.162678 0.059713 0.567179 0.157356 0.103248 0.576209 0.149611 0.022033 0.557655 0.173983 0.042017 0.561659 0.168990 0.022033 0.557655 0.173983 0.017669 0.557256 0.170476 0.034020 0.560813 0.165173 0.042017 0.561659 0.168990 0.000000 0.556109 0.168609 0.000000 0.558476 0.163873 0.018813 0.559357 0.163885 0.009729 0.556543 0.168908 0.000000 0.562512 0.158880 0.027490 0.563816 0.158485 0.000000 0.579840 0.151112 0.033246 0.581376 0.149968 0.031771 0.570449 0.153602 0.000000 0.568947 0.154412 0.067558 0.585515 0.146446 0.065565 0.574715 0.150475 0.103405 0.581505 0.144334 0.104002 0.591788 0.140459 0.442575 1.222875 0.056250 0.441877 1.188391 0.058014 0.489750 1.213370 0.046372 0.489076 1.180171 0.047599 0.488883 1.146203 0.048099 0.441672 1.153113 0.058772 0.530208 1.204657 0.039994 0.529557 1.172778 0.040758 0.561381 1.197204 0.038364 0.560749 1.166426 0.038772 0.560146 1.134749 0.038971 0.529184 1.140047 0.041078 0.529350 1.106691 0.040978 0.489533 1.111534 0.047942 0.559675 1.102415 0.038972 0.559435 1.069661 0.038786 
						0.530313 1.072936 0.040484 0.492062 1.076442 0.047030 0.442242 1.116726 0.058691 0.446574 1.079739 0.057267 0.443484 1.256882 0.053315 0.444294 1.288795 0.050606 0.490958 1.275740 0.042758 0.490545 1.245729 0.044347 0.444696 1.316996 0.049518 0.444380 1.339869 0.051449 0.489829 1.322628 0.045663 0.490491 1.301898 0.042838 0.527139 1.287731 0.039348 0.530281 1.263660 0.038172 0.524918 1.305880 0.042776 0.545412 1.292912 0.042632 0.554087 1.277113 0.039664 0.560242 1.253949 0.037851 0.530877 1.235461 0.038760 0.561943 1.226846 0.037737 0.011159 0.555303 0.181703 0.009813 0.555256 0.177309 0.004045 0.554042 0.183238 0.003374 0.554061 0.179095 0.009813 0.555256 0.177309 0.003374 0.554061 0.179095 0.003963 0.554321 0.176366 0.007737 0.555119 0.174172 0.000000 0.553639 0.183598 0.000000 0.553681 0.179300 0.000737 0.553673 0.179467 0.001004 0.553632 0.183663 0.000000 0.553681 0.179300 0.000000 0.553951 0.175643 0.001499 0.553987 0.175916 0.000737 0.553673 0.179467 0.004227 0.554849 0.172657 0.000000 0.554681 0.172305 0.012478 0.555305 0.186988 0.013698 0.556540 0.192566 0.005633 0.555255 0.193911 0.004824 0.554009 0.188386 0.014743 0.560290 0.197843 0.015542 0.567835 0.202220 0.007030 0.566756 0.203572 0.006395 0.559073 0.199183 0.002167 0.558690 0.199716 0.001767 0.554841 0.194417 0.002516 0.566431 0.204123 0.000000 0.566458 0.204198 0.000000 0.558706 0.199780 0.000000 0.554853 0.194460 0.001363 0.553588 0.188856 0.000000 0.553597 0.188859 0.295925 0.496489 0.112033 0.281131 0.476630 0.115062 0.277369 0.471521 0.122667 0.292934 0.491872 0.119418 0.264605 0.458225 0.118553 0.260148 0.452880 0.126375 0.256391 0.446322 0.133545 0.274266 0.465199 0.129638 0.290566 0.486004 0.126180 0.246623 0.441122 0.122456 
						0.241530 0.435725 0.130472 0.237171 0.429087 0.137816 0.234377 0.419952 0.143744 0.254184 0.437360 0.139324 0.233979 0.407067 0.147514 0.254378 0.424805 0.142972 0.272676 0.456504 0.135242 0.289657 0.477702 0.131593 0.273452 0.444276 0.138746 0.291045 0.465786 0.134933 0.298702 0.501034 0.104750 0.284699 0.481684 0.107556 0.298702 0.501034 0.104750 0.302396 0.505060 0.097632 0.289141 0.486126 0.100228 0.284699 0.481684 0.107556 0.274079 0.468182 0.103269 0.268911 0.463546 0.110818 0.268911 0.463546 0.110818 0.308141 0.508119 0.090738 0.295529 0.489393 0.093159 0.317067 0.509761 0.084131 0.304931 0.490926 0.086428 0.291046 0.472752 0.089133 0.281119 0.471471 0.096008 0.265155 0.454363 0.099301 0.257474 0.451196 0.106751 0.275620 0.455274 0.092278 0.251617 0.446531 0.114509 0.251617 0.446531 0.114509 0.308710 0.517956 0.109515 0.310643 0.521684 0.102428 0.318771 0.539607 0.107675 0.319877 0.542363 0.100754 0.310643 0.521684 0.102428 0.319877 0.542363 0.100754 0.322083 0.545033 0.093939 0.313578 0.525018 0.095483 0.325393 0.560012 0.106682 0.325761 0.561804 0.099895 0.327860 0.577747 0.106704 0.327650 0.578737 0.100016 0.325761 0.561804 0.099895 0.327650 0.578737 0.100016 0.328483 0.580882 0.093394 0.327309 0.564138 0.093154 0.331312 0.567594 0.086443 0.326639 0.547585 0.087255 0.331446 0.585357 0.086859 0.339638 0.570732 0.079827 0.334943 0.549483 0.080749 0.318713 0.527638 0.088728 0.327245 0.529220 0.082210 0.306584 0.514160 0.116696 0.305059 0.509023 0.123254 0.316882 0.532713 0.121066 0.317517 0.536794 0.114675 0.304933 0.501275 0.128473 0.307000 0.489645 0.131635 0.320537 0.515215 0.129161 0.317635 0.526155 0.126159 0.326896 0.551276 0.124931 0.325168 0.555532 0.119820 0.330873 0.541862 0.127823 
						0.330834 0.573701 0.124955 0.328799 0.575469 0.119692 0.324931 0.558183 0.113530 0.328025 0.576737 0.113435 0.388685 0.500956 0.059573 0.398987 0.523871 0.057724 0.422164 0.520580 0.051367 0.411956 0.496551 0.053096 0.408065 0.547295 0.056149 0.431237 0.544987 0.049893 0.453857 0.542687 0.044751 0.444924 0.517395 0.046079 0.434924 0.492347 0.047645 0.416056 0.571334 0.054822 0.439302 0.569844 0.048646 0.423097 0.596097 0.053719 0.446488 0.595221 0.047594 0.469043 0.594223 0.042669 0.461854 0.568278 0.043626 0.482133 0.567243 0.040995 0.474298 0.541043 0.041983 0.489232 0.593664 0.040147 0.505525 0.594107 0.041233 0.498566 0.567344 0.041981 0.490931 0.540703 0.042848 0.465587 0.515012 0.043151 0.455862 0.489097 0.044541 0.482472 0.514126 0.043874 0.473044 0.487557 0.045103 0.366839 0.504808 0.065753 0.377075 0.526574 0.063861 0.347138 0.507777 0.071799 0.357258 0.528495 0.069903 0.365799 0.549942 0.068329 0.385971 0.548962 0.062259 0.330307 0.509538 0.077871 0.340371 0.529441 0.075978 0.348393 0.550193 0.074466 0.354155 0.572111 0.073369 0.372846 0.572368 0.067069 0.358635 0.595531 0.072467 0.378785 0.596024 0.066053 0.393692 0.572143 0.060925 0.400401 0.596289 0.059838 0.377023 0.478444 0.061719 0.355100 0.483492 0.067957 0.364028 0.456342 0.064191 0.341931 0.462644 0.070506 0.322022 0.467823 0.076614 0.335353 0.487543 0.074024 0.349731 0.434661 0.067017 0.327406 0.442283 0.073434 0.334161 0.413409 0.070224 0.311598 0.422426 0.076773 0.291206 0.430052 0.083041 0.307266 0.448649 0.079607 0.289831 0.453175 0.085801 0.304870 0.471364 0.082746 0.273466 0.435636 0.089318 0.318418 0.490165 0.080115 0.400485 0.472832 0.055112 0.423726 0.467488 0.049486 0.411291 0.442844 0.051621 0.387744 0.449434 0.057437 
						0.444985 0.463246 0.046192 0.462498 0.460938 0.046578 0.450743 0.434323 0.048318 0.432886 0.437498 0.048122 0.419497 0.411892 0.050351 0.397576 0.418437 0.054070 0.437683 0.407765 0.050344 0.423226 0.381318 0.052676 0.404748 0.386467 0.052897 0.382541 0.394291 0.056851 0.373721 0.426369 0.060093 0.358410 0.403651 0.063105 0.212599 0.819901 0.117113 0.244679 0.820949 0.108722 0.179928 0.818634 0.125315 0.184724 0.842423 0.125104 0.216290 0.843411 0.117087 0.247921 0.843664 0.108749 0.146999 0.817683 0.133215 0.154057 0.841328 0.132580 0.160251 0.861319 0.132892 0.189691 0.862933 0.125629 0.220375 0.863778 0.117755 0.251381 0.863234 0.109510 0.275830 0.821246 0.100259 0.278780 0.842555 0.100310 0.307767 0.841623 0.092188 0.305584 0.822248 0.091969 0.281786 0.860681 0.101134 0.310226 0.857713 0.093112 0.335340 0.855926 0.085930 0.333780 0.842409 0.084799 0.333469 0.825414 0.084099 0.095562 0.653302 0.140125 0.091491 0.679016 0.141726 0.099435 0.629190 0.138970 0.065957 0.624223 0.144472 0.063508 0.648923 0.145355 0.060723 0.675046 0.146704 0.102464 0.608184 0.138876 0.067498 0.602552 0.144640 0.033506 0.598717 0.148312 0.032879 0.620771 0.148116 0.000000 0.597249 0.149625 0.000000 0.619423 0.149474 0.031694 0.645833 0.148862 0.030280 0.672203 0.150029 0.000000 0.644611 0.150184 0.000000 0.671063 0.151279 0.030445 0.615946 0.205442 0.051425 0.617521 0.201785 0.030433 0.598047 0.204442 0.051976 0.600450 0.200682 0.079113 0.603733 0.195732 0.077710 0.619749 0.197001 0.030368 0.582293 0.202656 0.052439 0.585467 0.198800 0.080386 0.589739 0.193692 0.112363 0.594868 0.187490 0.110007 0.607715 0.189763 0.146524 0.600617 0.180351 0.142821 0.612217 0.182945 0.107479 0.622514 0.191274 0.138909 0.625700 0.184786 
						0.255679 0.634319 0.156008 0.278977 0.631854 0.149588 0.264132 0.625230 0.152926 0.286584 0.623035 0.146749 0.305754 0.617521 0.141278 0.299875 0.626670 0.143619 0.272380 0.617880 0.149088 0.294056 0.615992 0.143135 0.300096 0.610895 0.138698 0.315943 0.604611 0.134239 0.311471 0.610003 0.138205 0.325698 0.599247 0.134066 0.322590 0.608388 0.136290 0.327615 0.592760 0.130896 0.319067 0.618610 0.137947 0.229292 0.634218 0.163034 0.200547 0.632270 0.170370 0.207622 0.621402 0.167680 0.237452 0.624406 0.160038 0.170175 0.629191 0.177719 0.175719 0.617059 0.175450 0.181025 0.606747 0.172433 0.214447 0.612303 0.164245 0.245371 0.616332 0.156294 0.281203 1.363362 0.138426 0.295509 1.379277 0.127943 0.250567 1.392080 0.135048 0.239651 1.375367 0.145458 0.308872 1.392786 0.116586 0.320258 1.401845 0.104673 0.269781 1.415488 0.112011 0.260861 1.406135 0.123785 0.213412 1.416952 0.130825 0.205655 1.402446 0.142026 0.220225 1.426565 0.119175 0.172391 1.435423 0.125696 0.167365 1.425566 0.137289 0.161700 1.410657 0.148512 0.197509 1.385066 0.152415 0.155805 1.392695 0.158971 0.317346 0.392596 0.073841 0.294581 0.403093 0.080557 0.299283 0.372236 0.077779 0.276367 0.384297 0.084677 0.255563 0.394695 0.091212 0.273961 0.412064 0.086952 0.279971 0.352345 0.081948 0.256967 0.366055 0.089023 0.259404 0.332937 0.086259 0.236395 0.348379 0.093485 0.215426 0.361859 0.100260 0.236042 0.377956 0.095691 0.217607 0.387194 0.102281 0.237308 0.402641 0.097703 0.196888 0.372455 0.106923 0.255943 0.418790 0.093333 0.341801 0.381291 0.066496 0.366143 0.370430 0.059986 0.348366 0.346852 0.063423 0.323881 0.359299 0.070195 0.388570 0.361261 0.055777 0.407279 0.355035 0.055334 0.389823 0.328894 0.058292 0.370944 0.336262 0.058957 
						0.351854 0.311457 0.062399 0.329193 0.323557 0.067110 0.370843 0.302872 0.061526 0.350319 0.276945 0.065009 0.331280 0.286834 0.066068 0.308607 0.300543 0.070998 0.304639 0.337682 0.074135 0.284061 0.316451 0.078246 0.375964 0.728443 0.070038 0.372716 0.701214 0.070313 0.379594 0.756076 0.069622 0.404341 0.756781 0.062797 0.400436 0.729062 0.063268 0.396574 0.701608 0.063692 0.383744 0.784435 0.069029 0.408330 0.784894 0.062267 0.432598 0.785518 0.055787 0.428764 0.757349 0.056241 0.456927 0.786094 0.049535 0.453164 0.757731 0.049923 0.424723 0.729516 0.056717 0.420504 0.701963 0.057209 0.449027 0.729762 0.050379 0.444590 0.702147 0.050890 0.369712 0.674069 0.070484 0.392713 0.674290 0.064083 0.388604 0.647384 0.064553 0.366545 0.647198 0.070808 0.416137 0.674636 0.057714 0.439925 0.674843 0.051439 0.434885 0.647981 0.052067 0.411448 0.647763 0.058286 0.406261 0.621571 0.058976 0.383999 0.621162 0.065212 0.429325 0.621689 0.052814 0.362809 0.620789 0.071541 0.057107 0.211861 0.119832 0.078802 0.222568 0.117049 0.098127 0.192048 0.109240 0.072754 0.180781 0.112552 0.104247 0.235099 0.113455 0.126336 0.205711 0.105217 0.147845 0.176478 0.097633 0.117317 0.160927 0.101910 0.088822 0.148152 0.105532 0.132954 0.248383 0.109023 0.156274 0.221040 0.100638 0.162188 0.262794 0.104241 0.185933 0.237883 0.095863 0.209378 0.213539 0.088181 0.179057 0.194176 0.092956 0.199982 0.170305 0.087579 0.167604 0.150204 0.092313 0.231016 0.192058 0.082805 0.249338 0.175735 0.081346 0.217727 0.151939 0.086111 0.184443 0.129699 0.090869 0.135220 0.132432 0.096717 0.104170 0.117661 0.100500 0.150685 0.109793 0.095324 0.117655 0.092997 0.099181 0.043024 0.237704 0.125646 0.060496 0.249255 0.123675 0.029332 0.256563 0.129880 
						0.041811 0.269237 0.128766 0.058079 0.287009 0.127960 0.082749 0.261832 0.120734 0.000000 0.269579 0.133272 0.000000 0.282444 0.133101 0.021350 0.279639 0.131971 0.014861 0.266695 0.132423 0.000000 0.295686 0.133769 0.026068 0.293508 0.132489 0.000000 0.319696 0.140873 0.022035 0.319672 0.139997 0.025319 0.307813 0.135386 0.000000 0.308901 0.136520 0.044393 0.321380 0.137791 0.051013 0.308230 0.132636 0.103662 0.322817 0.124681 0.077456 0.313830 0.128920 0.067399 0.326597 0.134678 0.119685 0.306348 0.118451 0.091108 0.295872 0.123128 0.110420 0.273691 0.116508 0.139649 0.285978 0.111704 0.166576 0.299838 0.107030 0.189211 0.278706 0.099594 0.146141 0.318421 0.113855 0.170740 0.331855 0.109312 0.191485 0.315023 0.102457 0.214263 0.295867 0.095061 0.128646 0.333392 0.120362 0.152470 0.345335 0.115963 0.175196 0.358429 0.111483 0.193747 0.346413 0.104790 0.214663 0.331286 0.097952 0.237581 0.314027 0.090623 0.213307 0.256087 0.091251 0.238630 0.275411 0.086788 0.262887 0.255581 0.079234 0.237236 0.234082 0.083612 0.262137 0.295613 0.082458 0.286591 0.277809 0.075035 0.309204 0.262381 0.069929 0.285332 0.238298 0.073995 0.328236 0.251092 0.068717 0.304263 0.225488 0.072665 0.259367 0.214790 0.078282 0.278074 0.200310 0.076869 0.354633 1.131818 0.135725 0.362073 1.107768 0.133557 0.397085 1.109329 0.123992 0.389862 1.133881 0.126077 0.369964 1.082830 0.131247 0.404537 1.084143 0.121826 0.437461 1.085300 0.113095 0.430920 1.110954 0.114983 0.469394 1.086405 0.104998 0.464096 1.112688 0.106529 0.424277 1.136098 0.116881 0.458399 1.138535 0.108150 0.358868 0.476398 0.120822 0.372356 0.452008 0.115945 0.347350 0.500666 0.124797 0.334763 0.476516 0.127160 0.345487 0.452821 0.123458 0.358328 0.428269 0.118682 
						0.337855 0.523740 0.127455 0.326346 0.497991 0.129278 0.312058 0.472862 0.132023 0.319829 0.452209 0.130173 0.295568 0.449075 0.135475 0.302895 0.428638 0.133741 0.330033 0.428967 0.126619 0.342393 0.404420 0.121897 0.312695 0.405541 0.130257 0.324640 0.380855 0.125547 0.387765 0.428570 0.110581 0.373096 0.404221 0.113343 0.387884 0.381750 0.107184 0.403164 0.406955 0.104443 0.356631 0.379850 0.116541 0.338399 0.355647 0.120136 0.352141 0.331440 0.113820 0.370877 0.356554 0.110320 0.383258 0.335832 0.103004 0.400784 0.361929 0.099943 0.364036 0.309756 0.106400 0.372253 0.292120 0.097673 0.391907 0.318982 0.094363 0.409890 0.345833 0.091363 0.416624 0.388035 0.097245 0.426214 0.372681 0.088700 0.467774 0.664733 0.098668 0.489060 0.655168 0.092243 0.494895 0.680427 0.091465 0.473641 0.689257 0.097790 0.507044 0.646154 0.085031 0.520219 0.638169 0.076505 0.525988 0.664646 0.075906 0.512836 0.672080 0.084352 0.518418 0.698208 0.083707 0.500608 0.705933 0.090703 0.531492 0.691299 0.075349 0.479518 0.714090 0.096897 0.452921 0.621187 0.046708 0.458723 0.647683 0.045960 0.481490 0.647321 0.041128 0.475555 0.620574 0.041843 0.464015 0.674650 0.045320 0.468918 0.702028 0.044759 0.492029 0.701951 0.039959 0.486948 0.674450 0.040507 0.507265 0.674638 0.038153 0.501715 0.647344 0.038738 0.512465 0.702258 0.037631 0.528767 0.703295 0.038918 0.523507 0.675607 0.039410 0.517926 0.648203 0.039954 0.495731 0.620358 0.039399 0.511956 0.621048 0.040560 0.121531 0.226578 0.163277 0.127652 0.189056 0.157095 0.159265 0.204568 0.152458 0.151981 0.240517 0.158468 0.133589 0.151911 0.149812 0.166530 0.169108 0.145359 0.198641 0.188920 0.140596 0.189997 0.222521 0.147581 0.181405 0.256702 0.153493 0.138285 0.118603 0.141422 
						0.172474 0.137298 0.137145 0.140687 0.092591 0.131923 0.175797 0.112298 0.127794 0.210182 0.134908 0.123232 0.205861 0.158761 0.132494 0.237847 0.182237 0.127675 0.229416 0.210694 0.135698 0.243151 0.159587 0.118472 0.274012 0.185502 0.113754 0.267835 0.206971 0.122897 0.258349 0.233780 0.130839 0.219451 0.242379 0.142604 0.209543 0.274712 0.148457 0.247226 0.263606 0.137665 0.236135 0.294127 0.143462 0.145979 0.273796 0.163411 0.116279 0.261018 0.168359 0.174337 0.288600 0.158375 0.169210 0.317312 0.161745 0.141935 0.303531 0.166782 0.113125 0.291551 0.171772 0.201283 0.305113 0.153320 0.226746 0.323019 0.148315 0.219421 0.349366 0.151730 0.195016 0.332665 0.156711 0.191084 0.356453 0.158146 0.166438 0.341936 0.163119 0.214521 0.372250 0.153214 0.140527 0.328852 0.168072 0.113295 0.317352 0.172943 0.272924 0.285664 0.132902 0.260922 0.314525 0.138611 0.284934 0.257523 0.126191 0.309324 0.281798 0.121786 0.296630 0.308436 0.128363 0.283923 0.335830 0.133967 0.295225 0.232206 0.118365 0.302074 0.211819 0.109312 0.327615 0.238432 0.105150 0.320241 0.257827 0.114095 0.343104 0.283716 0.110102 0.331675 0.306479 0.117652 0.350915 0.265234 0.101269 0.318427 0.331803 0.124092 0.305156 0.357966 0.129591 0.250653 0.342001 0.143429 0.272971 0.362072 0.138739 0.264146 0.386253 0.142171 0.242490 0.367186 0.146854 0.293663 0.383248 0.134323 0.284307 0.406695 0.137770 0.277450 0.427355 0.139416 0.257823 0.407467 0.143752 0.236808 0.389177 0.148383 0.485033 0.815404 0.043208 0.481694 0.786411 0.043456 0.508886 0.815848 0.038456 0.505333 0.786727 0.038697 0.501292 0.758058 0.039039 0.477840 0.757874 0.043809 0.530123 0.816474 0.036144 0.526274 0.787301 0.036407 0.547067 0.817527 0.037443 0.542950 0.788392 0.037732 
						0.538512 0.759660 0.038077 0.522016 0.758561 0.036749 0.517398 0.730223 0.037160 0.496834 0.729810 0.039464 0.533777 0.731304 0.038473 0.473554 0.729758 0.044250 0.487775 0.844888 0.043084 0.489272 0.875054 0.043257 0.513868 0.875708 0.038433 0.511880 0.845452 0.038329 0.488877 0.906093 0.043900 0.485943 0.938196 0.045187 0.513032 0.938853 0.039799 0.514402 0.906785 0.038885 0.537813 0.907263 0.036161 0.536173 0.876328 0.035952 0.538153 0.939036 0.036664 0.558558 0.939172 0.037202 0.556742 0.907838 0.037058 0.554118 0.877172 0.037072 0.533516 0.846107 0.035970 0.550842 0.847094 0.037211 0.512867 0.977326 0.093452 0.535690 0.975826 0.087517 0.535123 1.004165 0.088004 0.510707 1.004998 0.094313 0.555454 0.974340 0.080683 0.570368 0.973026 0.072400 0.571953 1.002764 0.072428 0.556135 1.003375 0.080897 0.556301 1.032450 0.081187 0.533941 1.032526 0.088598 0.573105 1.032568 0.072505 0.573857 1.062314 0.072621 0.556024 1.061445 0.081535 0.532289 1.060785 0.089266 0.507833 1.032685 0.095314 0.504509 1.060251 0.096390 0.500997 1.087560 0.097478 0.530311 1.088820 0.089973 0.527912 1.116629 0.090755 0.497131 1.114576 0.098630 0.555378 1.090241 0.081924 0.574239 1.091877 0.072769 0.574261 1.121265 0.072957 0.554326 1.118855 0.082375 0.552832 1.147306 0.082907 0.524997 1.144209 0.091647 0.573931 1.150484 0.073195 0.492745 1.141262 0.099900 0.479824 0.971554 0.047290 0.470425 1.006324 0.050223 0.503913 1.006265 0.043179 0.509312 0.972081 0.041294 0.457655 1.042662 0.053997 0.497510 1.041202 0.045267 0.532335 1.039009 0.039624 0.534755 1.005194 0.038578 0.559527 1.036729 0.038424 0.559627 1.003849 0.037978 0.536914 0.971775 0.037531 0.559412 0.971253 0.037540 0.133545 1.428527 0.103095 0.181406 1.421707 0.096922 
						0.087835 1.433409 0.107760 0.086861 1.445837 0.114109 0.132052 1.440768 0.109790 0.179354 1.433745 0.104048 0.043559 1.436343 0.110718 0.000000 1.437324 0.111771 -0.000000 1.449949 0.117801 0.043079 1.448911 0.116835 0.086861 1.445837 0.114109 0.043079 1.448911 0.116835 0.042399 1.453571 0.126365 0.085475 1.450445 0.123754 -0.000000 1.449949 0.117801 -0.000000 1.454632 0.127291 0.000000 1.451590 0.138756 0.041519 1.450546 0.137822 0.083670 1.447467 0.135208 0.179354 1.433745 0.104048 0.132052 1.440768 0.109790 0.129906 1.445313 0.119620 0.176368 1.438233 0.114127 0.127083 1.442409 0.131103 0.232134 1.412954 0.089439 0.229471 1.424808 0.097052 0.281473 1.413717 0.089343 0.284695 1.402127 0.081216 0.225540 1.429264 0.107441 0.229471 1.424808 0.097052 0.276577 1.418093 0.100069 0.281473 1.413717 0.089343 0.328634 1.404407 0.092523 0.334425 1.400234 0.081463 0.380868 1.387895 0.085311 0.387398 1.384120 0.073954 0.338055 1.389086 0.072821 0.334425 1.400234 0.081463 0.387398 1.384120 0.073954 0.391181 1.373690 0.064825 0.443037 1.355797 0.057795 0.439458 1.365136 0.067359 0.487376 1.343875 0.061888 0.489660 1.336356 0.052308 0.432434 1.368243 0.078943 0.439458 1.365136 0.067359 0.480368 1.345974 0.073515 0.487376 1.343875 0.061888 0.521705 1.321611 0.069123 0.527921 1.320933 0.057755 0.553482 1.295678 0.065862 0.558633 1.296555 0.054767 0.527086 1.316318 0.048942 0.527921 1.320933 0.057755 0.558633 1.296555 0.054767 0.554423 1.295236 0.046654 0.325456 0.591383 0.107907 0.324900 0.591892 0.101282 0.317620 0.600925 0.110437 0.316892 0.601193 0.103847 0.324900 0.591892 0.101282 0.316892 0.601193 0.103847 0.316039 0.602911 0.097754 0.324833 0.593812 0.094925 0.303789 0.606374 0.114438 0.303005 0.606562 0.107863 
						0.303005 0.606562 0.107863 0.301781 0.608162 0.101888 0.299677 0.612589 0.097097 0.314938 0.607532 0.092631 0.325758 0.598562 0.089070 0.325997 0.590866 0.114563 0.326655 0.590513 0.120858 0.318644 0.600814 0.123406 0.318346 0.600653 0.117051 0.327564 0.590496 0.126398 0.318089 0.601840 0.129221 0.303407 0.607914 0.133386 0.304672 0.606520 0.127423 0.304572 0.606183 0.121032 0.050227 0.879386 0.182092 0.049252 0.879213 0.175496 0.053284 0.872615 0.181407 0.052434 0.872649 0.174802 0.050904 0.872536 0.168707 0.047603 0.878947 0.169407 0.059969 0.869356 0.180099 0.059127 0.869444 0.173504 0.057639 0.869254 0.167417 0.054923 0.868529 0.162341 0.048035 0.872146 0.163638 0.044630 0.878536 0.164339 0.051179 0.879517 0.188679 0.052017 0.879929 0.194858 0.051179 0.879517 0.188679 0.054811 0.872754 0.194206 0.054110 0.872565 0.188008 0.054110 0.872565 0.188008 0.052650 0.880949 0.200228 0.055286 0.873437 0.199601 0.061669 0.869537 0.198323 0.061352 0.869258 0.192906 0.060748 0.869246 0.186699 0.060748 0.869246 0.186699 0.374581 0.869954 0.100483 0.373815 0.870078 0.093922 0.382351 0.873069 0.098310 0.381512 0.873259 0.091767 0.380696 0.873343 0.085624 0.373013 0.869789 0.087774 0.385113 0.880533 0.097644 0.384092 0.880913 0.091152 0.383145 0.881451 0.085047 0.382358 0.882306 0.079731 0.379932 0.873213 0.080292 0.372149 0.868670 0.082460 0.375337 0.869832 0.107036 0.375638 0.869366 0.113284 0.375337 0.869832 0.107036 0.383658 0.872456 0.111039 0.383185 0.872879 0.104841 0.383185 0.872879 0.104841 0.375040 0.868210 0.118931 0.383419 0.871564 0.116586 0.387105 0.878836 0.115644 0.386864 0.879636 0.110238 0.386119 0.880155 0.104122 0.386119 0.880155 0.104122 0.162557 0.096238 0.099391 0.128136 0.077848 0.103302 
						0.197190 0.117768 0.094911 0.205776 0.114560 0.102768 0.170756 0.091990 0.107262 0.135525 0.072524 0.111225 0.230971 0.141592 0.090156 0.262837 0.166866 0.085415 0.271475 0.165502 0.093309 0.239659 0.139357 0.098024 0.205776 0.114560 0.102768 0.239659 0.139357 0.098024 0.243737 0.145324 0.108025 0.210130 0.120224 0.112765 0.271475 0.165502 0.093309 0.275213 0.171697 0.103323 0.135525 0.072524 0.111225 0.170756 0.091990 0.107262 0.175196 0.097269 0.117281 0.139738 0.077335 0.121312 0.094987 0.063444 0.106354 0.086554 0.080091 0.102144 0.101015 0.057041 0.114378 0.067043 0.045734 0.116682 0.062794 0.053082 0.108541 0.056899 0.070985 0.104234 0.104559 0.061296 0.124595 0.101015 0.057041 0.114378 0.105544 0.076621 0.135383 0.070376 0.064750 0.138032 0.069590 0.049452 0.127049 0.067043 0.045734 0.116682 0.034760 0.042105 0.128587 0.033432 0.038795 0.118095 0.035192 0.057338 0.139734 -0.000000 0.054747 0.140347 0.000000 0.039556 0.129128 0.000000 0.036418 0.118580 0.031238 0.046820 0.109857 0.028208 0.065591 0.105471 0.033432 0.038795 0.118095 0.000000 0.036418 0.118580 0.000000 0.044713 0.110297 0.000000 0.063823 0.105876 0.291726 0.192743 0.080982 0.317981 0.219074 0.076841 0.326462 0.219078 0.084797 0.300296 0.192118 0.088905 0.341947 0.245709 0.072976 0.363965 0.272497 0.069373 0.372188 0.273522 0.077426 0.350313 0.246255 0.080975 0.326462 0.219078 0.084797 0.350313 0.246255 0.080975 0.353310 0.252756 0.090984 0.329681 0.225523 0.094809 0.372188 0.273522 0.077426 0.374961 0.280052 0.087437 0.300296 0.192118 0.088905 0.303755 0.198467 0.098920 0.384381 0.299290 0.066015 0.403210 0.326116 0.062924 0.411051 0.327978 0.071130 0.392430 0.300753 0.074138 0.420467 0.353004 0.060120 0.436171 0.379983 0.057623 
						0.443490 0.382530 0.066031 0.428066 0.355227 0.068421 0.411051 0.327978 0.071130 0.428066 0.355227 0.068421 0.430005 0.361765 0.078519 0.413295 0.334533 0.081184 0.443490 0.382530 0.066031 0.445094 0.389026 0.076192 0.392430 0.300753 0.074138 0.394951 0.307303 0.084164 0.450335 0.407084 0.055454 0.463076 0.434243 0.053586 0.469744 0.437327 0.062233 0.457338 0.409919 0.063980 0.474507 0.461396 0.051995 0.484743 0.488480 0.050654 0.490770 0.491927 0.059513 0.480843 0.464685 0.060756 0.469744 0.437327 0.062233 0.480843 0.464685 0.060756 0.481340 0.470870 0.071173 0.470606 0.443643 0.072565 0.490770 0.491927 0.059513 0.490933 0.497956 0.070001 0.457338 0.409919 0.063980 0.458576 0.416340 0.074222 0.493900 0.515433 0.049538 0.502127 0.542315 0.048605 0.507662 0.545926 0.057593 0.499660 0.518986 0.058471 0.509575 0.569188 0.047817 0.516393 0.596112 0.047131 0.521606 0.599713 0.056186 0.514928 0.572814 0.056843 0.507662 0.545926 0.057593 0.514928 0.572814 0.056843 0.514394 0.578261 0.067403 0.507312 0.551583 0.068146 0.521606 0.599713 0.056186 0.520934 0.604940 0.066744 0.499660 0.518986 0.058471 0.499541 0.524838 0.069002 0.522733 0.623151 0.046508 0.528654 0.650348 0.045942 0.533703 0.653794 0.055038 0.527847 0.626690 0.055586 0.534216 0.677751 0.045429 0.539478 0.705406 0.044963 0.544468 0.708589 0.054085 0.539226 0.681077 0.054539 0.533703 0.653794 0.055038 0.539226 0.681077 0.054539 0.538373 0.685591 0.065070 0.532879 0.658555 0.065581 0.544468 0.708589 0.054085 0.543607 0.712845 0.064601 0.527847 0.626690 0.055586 0.527081 0.631688 0.066137 0.544501 0.733358 0.044541 0.549275 0.761634 0.044160 0.554258 0.764474 0.053296 0.549481 0.736381 0.053671 0.553792 0.790258 0.043820 0.558042 0.819256 0.043520 
						0.563078 0.821651 0.052652 0.558793 0.792891 0.052957 0.554258 0.764474 0.053296 0.558793 0.792891 0.052957 0.557944 0.796282 0.063428 0.553411 0.768174 0.063781 0.563078 0.821651 0.052652 0.562208 0.824708 0.063113 0.549481 0.736381 0.053671 0.548626 0.740367 0.064172 0.562016 0.848652 0.043259 0.565636 0.878494 0.043049 0.570839 0.880294 0.052140 0.567107 0.850778 0.052379 0.568823 0.908825 0.042904 0.571499 0.939690 0.042836 0.577254 0.940585 0.051778 0.574235 0.910222 0.051939 0.570839 0.880294 0.052140 0.574235 0.910222 0.051939 0.573158 0.912029 0.062398 0.569843 0.882572 0.062598 0.577254 0.940585 0.051778 0.576101 0.941849 0.062238 0.567107 0.850778 0.052379 0.566184 0.853468 0.062836 0.573585 0.971136 0.042859 0.575204 1.002972 0.042934 0.582066 1.002524 0.051575 0.579855 0.971405 0.051660 0.576480 1.035009 0.043024 0.577534 1.067056 0.043091 0.585427 1.065025 0.051459 0.583914 1.033784 0.051512 0.582066 1.002524 0.051575 0.583914 1.033784 0.051512 0.582550 1.032992 0.061976 0.580790 1.002468 0.062030 0.585427 1.065025 0.051459 0.583929 1.063476 0.061949 0.579855 0.971405 0.051660 0.578642 0.972041 0.062116 0.578490 1.098924 0.043098 0.579341 1.130415 0.043042 0.587562 1.126852 0.051354 0.586631 1.096090 0.051406 0.580082 1.161332 0.042920 0.580706 1.191477 0.042729 0.588749 1.186965 0.051258 0.588256 1.157185 0.051304 0.587562 1.126852 0.051354 0.588256 1.157185 0.051304 0.585973 1.153673 0.062029 0.585604 1.123866 0.061972 0.588749 1.186965 0.051258 0.586078 1.183157 0.062122 0.586631 1.096090 0.051406 0.584935 1.093784 0.061946 0.581207 1.220652 0.042466 0.578820 1.247999 0.042800 0.586191 1.244175 0.051574 0.589075 1.216065 0.051215 0.570780 1.272662 0.044401 0.577050 1.270987 0.052732 
						0.586191 1.244175 0.051574 0.577050 1.270987 0.052732 0.572732 1.268698 0.063828 0.582532 1.240838 0.062725 0.589075 1.216065 0.051215 0.585956 1.212268 0.062255 0.000000 0.832992 0.159718 0.000000 0.843751 0.160417 0.006142 0.843587 0.160201 0.008586 0.833225 0.159411 -0.000000 0.852300 0.160802 0.005039 0.851708 0.160623 0.009451 0.850169 0.160167 0.012075 0.844296 0.159703 0.016975 0.834601 0.158679 0.005685 0.857621 0.160614 -0.000000 0.858658 0.160822 0.011504 0.853948 0.160021 0.024969 0.837794 0.157709 0.017590 0.847078 0.159073 0.000000 0.767657 0.155276 0.000000 0.787332 0.156444 0.019691 0.788432 0.155681 0.023116 0.768883 0.154366 0.000000 0.804780 0.157637 0.015821 0.805662 0.157037 0.031400 0.808616 0.155561 0.039681 0.792077 0.153671 0.047022 0.772834 0.151860 0.000000 0.820001 0.158760 0.011966 0.820589 0.158318 0.023624 0.822749 0.157264 0.034667 0.826881 0.155867 0.046496 0.813949 0.153532 0.060269 0.798610 0.150691 0.072510 0.779781 0.147982 -0.000000 0.093127 0.106911 0.024373 0.094522 0.106536 -0.000000 0.128198 0.111572 0.020144 0.129169 0.111219 0.041107 0.132544 0.110124 0.049414 0.098928 0.105369 -0.000000 0.164608 0.118026 0.015933 0.165092 0.117687 0.000000 0.197931 0.124442 0.012153 0.197849 0.124107 0.025103 0.199318 0.123202 0.032748 0.167463 0.116676 0.051324 0.172639 0.114998 0.063709 0.138781 0.108250 0.039647 0.204050 0.121830 0.075790 0.106567 0.103370 0.000000 0.223738 0.128988 0.009215 0.222999 0.128644 -0.000000 0.243201 0.131806 0.008227 0.241713 0.131391 0.015628 0.237761 0.130104 0.018941 0.223739 0.127880 0.010298 0.255166 0.132441 -0.000000 0.257489 0.133037 0.020295 0.246281 0.130475 0.029691 0.228920 0.126964 0.000000 1.441038 0.150711 0.040440 1.440058 0.149717 
						0.000000 1.425033 0.162591 0.039248 1.424153 0.161506 0.078967 1.421482 0.158580 0.081440 1.437139 0.146983 0.000000 1.405635 0.173831 0.038034 1.404877 0.172645 0.076434 1.402520 0.169498 0.115569 1.398486 0.164803 0.119628 1.416993 0.154139 0.123561 1.432301 0.142757 0.000000 0.689851 0.211542 0.004560 0.689598 0.211392 0.000000 0.671956 0.211169 0.004102 0.671755 0.211037 0.009756 0.671288 0.210417 0.010597 0.688976 0.210740 0.000000 0.653597 0.210757 0.003707 0.653440 0.210640 -0.000000 0.634647 0.210295 0.003388 0.634528 0.210190 0.008481 0.634357 0.209613 0.009043 0.653123 0.210045 0.017637 0.652796 0.208729 0.018516 0.670691 0.209084 0.016985 0.634319 0.208302 0.019587 0.688124 0.209380 0.000000 0.614980 0.209774 0.003155 0.614893 0.209678 0.000000 0.596073 0.208829 0.002964 0.596012 0.208739 0.007785 0.596124 0.208175 0.008093 0.614867 0.209110 0.000000 0.579406 0.207092 0.002766 0.579365 0.207009 0.007462 0.579596 0.206450 0.016020 0.580454 0.205102 0.016322 0.596704 0.206841 0.016596 0.615140 0.207791 -0.000000 0.938467 0.160280 0.000000 0.955564 0.160180 0.015940 0.956895 0.159591 0.014654 0.939381 0.159751 0.000000 0.971828 0.160435 0.015394 0.973435 0.159858 0.035352 0.979089 0.157978 0.032142 0.959088 0.158474 0.029127 0.941168 0.158863 0.000000 0.995399 0.162574 0.005995 0.996578 0.162360 0.011128 0.986617 0.161015 -0.000000 0.985120 0.161428 0.012303 1.000596 0.161712 0.022481 0.991843 0.159848 0.034282 1.001530 0.158000 0.019238 1.007934 0.160625 0.052523 0.995273 0.155291 0.072199 0.992657 0.153266 0.057746 0.977396 0.155955 0.043238 0.942867 0.158316 0.048870 0.960343 0.157479 0.000000 1.002627 0.163285 0.002846 1.003452 0.163190 0.000000 1.007691 0.163661 0.001250 1.008199 0.163625 
						0.003182 1.008749 0.163377 0.005846 1.006162 0.162898 0.000000 1.014307 0.163830 0.000819 1.014462 0.163808 0.000775 1.011776 0.163784 -0.000000 1.011478 0.163803 0.003887 1.015115 0.163332 0.003258 1.011878 0.163418 0.009154 1.010991 0.162398 0.011455 1.016457 0.161995 -0.000000 0.896137 0.160364 0.011648 0.896210 0.159958 0.000000 0.908470 0.160385 0.012382 0.908811 0.159952 0.024197 0.909730 0.159372 0.022681 0.896629 0.159456 0.000000 0.922674 0.160353 0.013426 0.923278 0.159877 0.026412 0.924646 0.159168 0.038518 0.926335 0.158946 0.034877 0.911120 0.159365 0.032483 0.897592 0.159571 0.000000 0.326507 0.166627 0.000000 0.325010 0.173728 0.009507 0.325334 0.173430 0.011834 0.326972 0.166251 0.000000 0.322990 0.180321 0.007292 0.323231 0.180098 0.015670 0.324221 0.179346 0.019954 0.326618 0.172509 0.024439 0.328601 0.165149 0.000000 0.320026 0.185916 0.005312 0.320269 0.185766 0.000000 0.315696 0.190025 0.003691 0.316052 0.189944 0.008614 0.316538 0.189466 0.011815 0.320998 0.185164 0.020701 0.322216 0.183960 0.026221 0.326226 0.177982 0.016002 0.316570 0.188356 0.032278 0.329171 0.170938 0.038587 0.331623 0.163348 0.000000 0.325675 0.146345 0.019146 0.326204 0.145656 -0.000000 0.328018 0.152651 0.016551 0.328721 0.152097 0.033562 0.331043 0.150589 0.038651 0.328481 0.143853 -0.000000 0.327902 0.159506 0.014147 0.328539 0.159051 -0.000000 0.327902 0.159506 0.014147 0.328539 0.159051 0.028900 0.330580 0.157765 0.028900 0.330580 0.157765 0.044861 0.334151 0.155730 0.051494 0.335197 0.148280 0.044861 0.334151 0.155730 0.058876 0.333198 0.141197 0.000000 0.697028 0.152283 0.028967 0.698177 0.151101 -0.000000 0.722071 0.153249 0.027503 0.723272 0.152139 0.055413 0.726316 0.149132 0.058176 0.700990 0.147932 
						-0.000000 0.745759 0.154229 0.025636 0.747002 0.153206 0.051981 0.750589 0.150394 0.079742 0.756379 0.146049 0.084137 0.730648 0.144552 0.087868 0.704829 0.143156 -0.000000 0.309578 0.192159 0.002553 0.310187 0.192143 0.000000 0.302238 0.192656 0.002637 0.303316 0.192678 0.005767 0.304923 0.192153 0.006293 0.310429 0.191754 -0.000000 0.284974 0.190026 0.009020 0.287717 0.189952 0.004684 0.296077 0.191866 0.000000 0.294236 0.191852 0.016861 0.294976 0.189565 0.008957 0.301078 0.191577 0.012408 0.308717 0.190651 0.022345 0.305782 0.188699 -0.000000 0.273850 0.187459 0.015970 0.277478 0.187183 -0.000000 0.257076 0.184114 0.022819 0.261107 0.183603 0.049051 0.275031 0.181986 0.029349 0.287327 0.186552 0.000000 0.197274 0.174668 0.029357 0.199970 0.173853 0.026854 0.234349 0.179257 -0.000000 0.230863 0.179956 0.059275 0.206500 0.171530 0.054895 0.241893 0.177032 0.085311 0.250583 0.173149 0.090314 0.215304 0.167817 0.082713 0.281598 0.176663 0.084686 0.307586 0.177672 0.058253 0.301830 0.182024 0.037549 0.302358 0.185761 0.000000 0.158371 0.167932 0.031612 0.160739 0.167097 0.000000 0.118651 0.159880 0.033449 0.120996 0.159090 0.066892 0.127587 0.156974 0.063405 0.167053 0.164826 0.000000 0.082611 0.150641 0.034699 0.085082 0.149935 0.069347 0.092141 0.148025 0.103892 0.103432 0.145118 0.100324 0.137981 0.153782 0.095559 0.176521 0.161355 -0.000000 1.016500 0.163859 0.000775 1.016533 0.163837 0.000000 1.019739 0.163630 0.001820 1.019675 0.163556 0.004703 1.020395 0.163130 0.003828 1.017704 0.163353 0.005128 1.025569 0.162648 0.000000 1.025712 0.162880 0.009268 1.024305 0.162253 0.011436 1.021081 0.161991 0.000000 1.006509 0.216307 0.007366 1.006033 0.216005 0.000000 0.994788 0.216924 0.004276 0.994630 0.216770 
						0.008719 0.994469 0.216233 0.013553 1.002429 0.215437 0.003630 0.983520 0.216866 0.000000 0.983276 0.216980 0.008882 0.986265 0.216270 0.017379 0.993524 0.214942 -0.324935 1.016434 0.089031 -0.332807 1.027994 0.086802 -0.299976 1.045840 0.096127 -0.294472 1.033512 0.097703 -0.345238 1.042070 0.083369 -0.308910 1.061247 0.093637 -0.266781 1.075032 0.105193 -0.262031 1.058953 0.106542 -0.259589 1.046181 0.107294 -0.363033 1.059131 0.078589 -0.321292 1.080270 0.090277 -0.391010 1.082187 0.071321 -0.332071 1.104593 0.087420 -0.278980 1.119080 0.101913 -0.273168 1.094888 0.103453 -0.224111 1.104111 0.116381 -0.221251 1.083419 0.117113 -0.227326 1.128817 0.115605 -0.177236 1.134061 0.128118 -0.174719 1.108034 0.128582 -0.173510 1.086144 0.128788 -0.220208 1.066922 0.117466 -0.221336 1.054015 0.117311 -0.175741 1.069336 0.128318 -0.180766 1.056584 0.127267 -0.292385 1.023729 0.098324 -0.320813 1.006919 0.090194 -0.260123 1.036249 0.107242 -0.263052 1.028642 0.106966 -0.293068 1.016038 0.098596 -0.319729 0.999147 0.090922 -0.224988 1.044090 0.116519 -0.187943 1.046862 0.125727 -0.196680 1.039696 0.124242 -0.230613 1.036636 0.115644 -0.237657 1.031138 0.115241 -0.267796 1.022846 0.107046 -0.206386 1.034610 0.123353 -0.216469 1.031132 0.123601 -0.245569 1.027083 0.115864 -0.273773 1.018348 0.108061 -0.295876 1.009988 0.099129 -0.320975 0.992815 0.091848 -0.300167 1.005126 0.100528 -0.323838 0.987620 0.093601 -0.344446 0.986211 0.083280 -0.349926 0.995375 0.081767 -0.342108 0.978293 0.084332 -0.359904 0.955116 0.078956 -0.363057 0.962928 0.077691 -0.369370 0.971465 0.075969 -0.342165 0.971580 0.085564 -0.343873 0.966028 0.087616 -0.359980 0.942594 0.082698 -0.359136 0.948262 0.080410 -0.371576 0.924839 0.076521 -0.372819 0.931257 0.074925 -0.371868 0.919556 0.078973 
						-0.379244 0.899156 0.076567 -0.379173 0.903290 0.074029 -0.380555 0.908355 0.072370 -0.376418 0.938395 0.073535 -0.383194 0.945836 0.071697 -0.384302 0.913937 0.070920 -0.391325 0.919617 0.069008 -0.359292 1.005828 0.079150 -0.379617 0.980499 0.073143 -0.394250 0.989472 0.069201 -0.373360 1.017505 0.075310 -0.393968 0.953164 0.068758 -0.402534 0.924981 0.065967 -0.417765 0.929774 0.061929 -0.408880 0.959890 0.064782 -0.428067 0.965523 0.059836 -0.413723 0.997828 0.064128 -0.436853 0.933744 0.057030 -0.459634 0.936635 0.051404 -0.451669 0.969574 0.053984 -0.438844 1.003976 0.057833 -0.392944 1.030340 0.070126 -0.420293 1.040128 0.063166 -0.389425 0.880805 0.123514 -0.393544 0.877305 0.122348 -0.386437 0.860836 0.124126 -0.383265 0.865976 0.125060 -0.399900 0.873326 0.120567 -0.392215 0.855057 0.122464 -0.380682 0.838329 0.125462 -0.375511 0.846328 0.127010 -0.373304 0.853416 0.127716 -0.408631 0.869062 0.118145 -0.400737 0.849003 0.120052 -0.419870 0.864710 0.115059 -0.412142 0.843036 0.116867 -0.400784 0.821565 0.119672 -0.388956 0.829768 0.123048 -0.373154 0.811500 0.127182 -0.365366 0.823618 0.129558 -0.385630 0.800100 0.123525 -0.363953 0.776608 0.129162 -0.352808 0.796873 0.132670 -0.346232 0.812031 0.134790 -0.360891 0.834224 0.130977 -0.359612 0.843375 0.131468 -0.342703 0.824964 0.136005 -0.342259 0.836101 0.136305 -0.382561 0.870115 0.125289 -0.387410 0.883629 0.124090 -0.373922 0.859244 0.127602 -0.376304 0.863891 0.126550 -0.383458 0.873361 0.124637 -0.386820 0.885880 0.123846 -0.361409 0.851125 0.131057 -0.344938 0.845870 0.135684 -0.349458 0.854136 0.134087 -0.365066 0.857480 0.129671 -0.369368 0.862442 0.127236 -0.379388 0.867440 0.124442 -0.354534 0.860765 0.131460 -0.358885 0.865624 0.127748 -0.373098 0.866018 0.123680 -0.382114 0.869971 0.121160 
						-0.385092 0.875824 0.122929 -0.386979 0.887661 0.122552 -0.386596 0.877612 0.119990 -0.387211 0.889073 0.119976 -0.388552 0.899676 0.123977 -0.391715 0.897653 0.123090 -0.386678 0.901439 0.124090 -0.383087 0.919056 0.125346 -0.386053 0.917462 0.124926 -0.390192 0.915916 0.123769 -0.385549 0.903017 0.123161 -0.384624 0.904482 0.120921 -0.378873 0.922500 0.122805 -0.380844 0.920727 0.124737 -0.372909 0.939629 0.127261 -0.376104 0.937748 0.127594 -0.369996 0.941789 0.125608 -0.358031 0.961009 0.129310 -0.361787 0.958556 0.130712 -0.365784 0.956531 0.130809 -0.379975 0.936188 0.126913 -0.384918 0.934989 0.125528 -0.370385 0.955060 0.129916 -0.375952 0.954267 0.128346 -0.396706 0.895296 0.121699 -0.395957 0.914395 0.122168 -0.403533 0.912829 0.120083 -0.403676 0.892660 0.119773 -0.391328 0.934193 0.123743 -0.382850 0.954277 0.126414 -0.391460 0.954744 0.124027 -0.399464 0.933601 0.121501 -0.409588 0.933013 0.118741 -0.413106 0.911147 0.117475 -0.402166 0.955323 0.121094 -0.415351 0.955666 0.117521 -0.421961 0.932233 0.115403 -0.424862 0.909281 0.114303 -0.412771 0.889803 0.117282 -0.424138 0.886782 0.114196 -0.437926 0.883653 0.110486 -0.433755 0.860464 0.111282 -0.438987 0.907160 0.110526 -0.455158 0.904759 0.106290 -0.453788 0.880358 0.106302 -0.449842 0.856221 0.106990 -0.436842 0.931061 0.111428 -0.431399 0.955429 0.113218 -0.449801 0.954668 0.108390 -0.453859 0.929503 0.106978 -0.472638 0.927564 0.102217 -0.473055 0.902051 0.101741 -0.470048 0.953438 0.103240 -0.491634 0.951798 0.097974 -0.492806 0.925251 0.097306 -0.492357 0.899009 0.097024 -0.471379 0.876841 0.101795 -0.467689 0.851876 0.102359 -0.490351 0.873043 0.097114 -0.486853 0.847326 0.097564 -0.426568 0.837520 0.112886 -0.443411 0.832269 0.108329 -0.435175 0.808469 0.110139 -0.416620 0.814640 0.115234 
						-0.462066 0.827100 0.103415 -0.481928 0.821826 0.098362 -0.476009 0.796560 0.099398 -0.455163 0.802526 0.104790 -0.447636 0.778170 0.106315 -0.425816 0.784784 0.112238 -0.469527 0.771540 0.100563 -0.462914 0.746780 0.101751 -0.440138 0.754045 0.107816 -0.416725 0.761180 0.114244 -0.404165 0.791644 0.118259 -0.392302 0.768355 0.121094 -0.280814 1.235920 0.156307 -0.247009 1.232953 0.165513 -0.240361 1.251050 0.167319 -0.272107 1.253822 0.158641 -0.211811 1.230603 0.174742 -0.206867 1.249269 0.176073 -0.202717 1.266745 0.176986 -0.234049 1.267563 0.168853 -0.262962 1.269831 0.160924 -0.175874 1.228583 0.183681 -0.172311 1.248072 0.184604 -0.139851 1.226607 0.192020 -0.137381 1.247049 0.192610 -0.135646 1.266554 0.192720 -0.169616 1.266570 0.185051 -0.168262 1.284199 0.184673 -0.199967 1.283058 0.177125 -0.134900 1.285254 0.192029 -0.135397 1.303281 0.190217 -0.168723 1.301081 0.183120 -0.199878 1.298380 0.175989 -0.228552 1.282241 0.169826 -0.253551 1.283460 0.162976 -0.226972 1.295405 0.169345 -0.245802 1.292877 0.164421 -0.301419 1.257993 0.150343 -0.312575 1.239792 0.147433 -0.288803 1.274361 0.153469 -0.313192 1.280946 0.146034 -0.329638 1.263648 0.142126 -0.343566 1.244723 0.138673 -0.274494 1.288425 0.156773 -0.256395 1.299618 0.160904 -0.270428 1.309180 0.155619 -0.293765 1.296253 0.150455 -0.313747 1.306061 0.143259 -0.337745 1.289385 0.138163 -0.285874 1.320547 0.149022 -0.302765 1.333750 0.141051 -0.335083 1.317819 0.134985 -0.363647 1.299687 0.129543 -0.358105 1.270872 0.133693 -0.375063 1.250871 0.129809 -0.388164 1.279747 0.124747 -0.408341 1.258393 0.120622 -0.322505 1.220226 0.144778 -0.288908 1.216618 0.154099 -0.355441 1.224535 0.135618 -0.365635 1.203220 0.132896 -0.331442 1.199470 0.142330 -0.296534 1.196136 0.151981 -0.388855 1.229735 0.126472 
						-0.423884 1.236017 0.117193 -0.435728 1.212731 0.114344 -0.400076 1.207577 0.123596 -0.409323 1.184509 0.121096 -0.374522 1.180915 0.130442 -0.444806 1.188648 0.111964 -0.452051 1.163879 0.109937 -0.417192 1.160645 0.118886 -0.382473 1.157757 0.128191 -0.339620 1.177701 0.140038 -0.303840 1.174698 0.149918 -0.347273 1.155092 0.137853 -0.310970 1.152525 0.147873 -0.253512 1.213521 0.163726 -0.259949 1.193027 0.161935 -0.222282 1.189918 0.171871 -0.216944 1.210716 0.173343 -0.266400 1.171741 0.160118 -0.272942 1.149934 0.158252 -0.233647 1.146812 0.168677 -0.227844 1.168514 0.170318 -0.188718 1.164701 0.180195 -0.184130 1.186583 0.181465 -0.193544 1.142652 0.178834 -0.153090 1.136946 0.188407 -0.149565 1.159988 0.189431 -0.146087 1.182798 0.190396 -0.179831 1.207982 0.182631 -0.142801 1.205097 0.191271 -0.085071 0.977721 0.203476 -0.077114 0.980067 0.204768 -0.098242 0.997308 0.200564 -0.105303 0.994443 0.199408 -0.066356 0.982769 0.206540 -0.088563 1.001166 0.202187 -0.116523 1.017525 0.196417 -0.124119 1.012622 0.195125 -0.129574 1.009214 0.194236 -0.052967 0.986005 0.208789 -0.076425 1.006355 0.204276 -0.035704 0.989993 0.211767 -0.064288 1.014199 0.206404 -0.096472 1.033903 0.200017 -0.107033 1.024384 0.198090 -0.141786 1.038762 0.190654 -0.148424 1.030812 0.189456 -0.133782 1.049387 0.192185 -0.173761 1.060343 0.183204 -0.178953 1.048896 0.182156 -0.182774 1.040177 0.181474 -0.153526 1.025095 0.188596 -0.156921 1.021168 0.188082 -0.185244 1.033814 0.181122 -0.186381 1.029436 0.181064 -0.109585 0.992237 0.198721 -0.090058 0.975555 0.202666 -0.132639 1.006844 0.193772 -0.133647 1.005164 0.193276 -0.111530 0.990455 0.198028 -0.092587 0.973507 0.201850 -0.158440 1.018587 0.187921 -0.186206 1.026673 0.181266 -0.184789 1.025056 0.181318 -0.158286 1.016931 0.187678 
						-0.156660 1.015779 0.186922 -0.132929 1.003825 0.192292 -0.182203 1.024114 0.180812 -0.178516 1.023379 0.179339 -0.153765 1.014709 0.185218 -0.130815 1.002481 0.190363 -0.111576 0.988866 0.196854 -0.093167 0.971513 0.200541 -0.110164 0.987236 0.194724 -0.092309 0.969512 0.198250 -0.074840 0.957591 0.205508 -0.069842 0.959916 0.206321 -0.077473 0.955018 0.204660 -0.066034 0.936198 0.206586 -0.063604 0.939359 0.207407 -0.059047 0.941911 0.208145 -0.078267 0.952378 0.203285 -0.077747 0.949848 0.200891 -0.066505 0.929801 0.202736 -0.066835 0.932866 0.205192 -0.058830 0.914381 0.206366 -0.058114 0.918251 0.207755 -0.058613 0.910924 0.203875 -0.054097 0.894772 0.204396 -0.054211 0.898329 0.206913 -0.053557 0.902385 0.208296 -0.056023 0.921875 0.208522 -0.052119 0.924593 0.209151 -0.051772 0.906154 0.209015 -0.048490 0.908846 0.209540 -0.061953 0.961814 0.207591 -0.051865 0.943418 0.209290 -0.042958 0.943949 0.210696 -0.051712 0.963368 0.209244 -0.045961 0.925748 0.210122 -0.043346 0.909672 0.210343 -0.037013 0.908854 0.211311 -0.038420 0.925496 0.211290 -0.030369 0.923996 0.212511 -0.033224 0.943575 0.212218 -0.030161 0.906614 0.212331 -0.023463 0.903173 0.213288 -0.022677 0.921405 0.213639 -0.023902 0.941955 0.213643 -0.039661 0.964661 0.211207 -0.027706 0.964129 0.213138 -0.181400 1.265845 0.120025 -0.232276 1.259447 0.108041 -0.233125 1.296801 0.101344 -0.182118 1.303580 0.112508 -0.284964 1.251471 0.094975 -0.285909 1.288427 0.089168 -0.286715 1.324105 0.082969 -0.233836 1.333107 0.094060 -0.182708 1.340419 0.104222 -0.338333 1.242398 0.081523 -0.339326 1.278773 0.076655 -0.391248 1.232707 0.068383 -0.392232 1.268153 0.064480 -0.393101 1.301766 0.060593 -0.340189 1.313597 0.071597 -0.340528 1.344903 0.068102 -0.287023 1.356371 0.078297 -0.393470 1.331755 0.058301 
						-0.392958 1.356326 0.059186 -0.339948 1.370722 0.067925 -0.286470 1.383089 0.077073 -0.234108 1.366086 0.088265 -0.182939 1.373977 0.097385 -0.233641 1.393460 0.086033 -0.182581 1.401868 0.094213 -0.134033 1.308448 0.121986 -0.133472 1.270188 0.130231 -0.134487 1.345859 0.112806 -0.088446 1.349565 0.119429 -0.088138 1.311634 0.129332 -0.087753 1.272833 0.138160 -0.134668 1.379973 0.105035 -0.134409 1.408345 0.101016 -0.088403 1.412925 0.106195 -0.088571 1.384154 0.110901 -0.043923 1.386598 0.114671 -0.043860 1.351678 0.123709 -0.043841 1.415646 0.109501 -0.043704 1.313363 0.134097 -0.043508 1.274134 0.143316 -0.132970 1.233525 0.135196 -0.180784 1.229600 0.124558 -0.087400 1.235634 0.143467 -0.086727 1.200085 0.146192 -0.132229 1.198654 0.137747 -0.180038 1.195270 0.126893 -0.043326 1.236468 0.148849 -0.042936 1.200427 0.151668 -0.042114 1.166071 0.152747 -0.085381 1.166230 0.147275 -0.040641 1.133461 0.153059 -0.083010 1.134115 0.147656 -0.130951 1.165770 0.138750 -0.178932 1.163282 0.127817 -0.128836 1.135071 0.139072 -0.231589 1.223320 0.112078 -0.230747 1.189072 0.114192 -0.283379 1.180735 0.100311 -0.284243 1.215371 0.098469 -0.229432 1.157354 0.115121 -0.282004 1.148166 0.101162 -0.336202 1.135899 0.086439 -0.336956 1.170933 0.085919 -0.390218 1.124202 0.071949 -0.390159 1.161212 0.071809 -0.337604 1.206442 0.084446 -0.390530 1.197220 0.070723 -0.239884 0.698661 0.162053 -0.266697 0.697193 0.154730 -0.266090 0.681713 0.154528 -0.239926 0.683729 0.161694 -0.293082 0.694724 0.147340 -0.291665 0.678447 0.147335 -0.291259 0.663398 0.147062 -0.266552 0.667324 0.154043 -0.241026 0.669719 0.161054 -0.318934 0.691011 0.139972 -0.316631 0.673757 0.140180 -0.344147 0.685811 0.132716 -0.340972 0.667472 0.133131 -0.338544 0.650419 0.133343 -0.315229 0.657807 0.140150 
						-0.314992 0.643243 0.139812 -0.292241 0.649682 0.146420 -0.337014 0.634705 0.133319 -0.336530 0.620388 0.133023 -0.316183 0.630150 0.139100 -0.294987 0.637405 0.145306 -0.268544 0.654141 0.153145 -0.243685 0.656741 0.159989 -0.272531 0.642280 0.151703 -0.248403 0.644904 0.158355 -0.213188 0.684669 0.168767 -0.212748 0.699370 0.169220 -0.214601 0.670717 0.168057 -0.187428 0.670750 0.174940 -0.185985 0.684896 0.175653 -0.185378 0.699617 0.176148 -0.217447 0.657600 0.166955 -0.222190 0.645405 0.165326 -0.194331 0.644386 0.172411 -0.190084 0.657230 0.173897 -0.161847 0.656139 0.180667 -0.159659 0.670250 0.181592 -0.165262 0.642449 0.179404 -0.135421 0.640197 0.186101 -0.132992 0.654837 0.187121 -0.131446 0.669650 0.187900 -0.158422 0.684774 0.182259 -0.157865 0.699699 0.182751 -0.130606 0.684666 0.188490 -0.130296 0.699912 0.188945 -0.212817 0.714732 0.169552 -0.240401 0.714403 0.162275 -0.185230 0.714862 0.176535 -0.185366 0.730542 0.176853 -0.213185 0.730602 0.169810 -0.241197 0.730709 0.162427 -0.157712 0.715017 0.183149 -0.130339 0.715419 0.189320 -0.130591 0.731160 0.189644 -0.157810 0.730678 0.183487 -0.158003 0.746633 0.183799 -0.185613 0.746565 0.177141 -0.130905 0.747108 0.189948 -0.131137 0.763236 0.190263 -0.158137 0.762835 0.184117 -0.185800 0.762841 0.177436 -0.213641 0.746824 0.170044 -0.241992 0.747334 0.162578 -0.213973 0.763243 0.170302 -0.242505 0.764030 0.162794 -0.267907 0.713650 0.154778 -0.269330 0.730714 0.154772 -0.297404 0.730305 0.146957 -0.295132 0.712126 0.147178 -0.270573 0.748017 0.154810 -0.271243 0.765189 0.154992 -0.300433 0.767172 0.146906 -0.299485 0.748912 0.146784 -0.328829 0.750059 0.138540 -0.325239 0.729171 0.139096 -0.330322 0.770429 0.138544 -0.357434 0.749330 0.130446 -0.352336 0.726461 0.131382 -0.321871 0.709486 0.139592 
						-0.347921 0.705381 0.132136 -0.213972 0.779705 0.170632 -0.242457 0.780550 0.163143 -0.185751 0.779281 0.177778 -0.185724 0.795867 0.178102 -0.214048 0.796193 0.170928 -0.242370 0.796917 0.163484 -0.158055 0.779234 0.184475 -0.131142 0.779516 0.190617 -0.130507 0.796051 0.191116 -0.157672 0.795903 0.184899 -0.156899 0.812915 0.185415 -0.185974 0.812578 0.178346 -0.128818 0.812943 0.191864 -0.124573 0.831484 0.193249 -0.157545 0.829729 0.185587 -0.187230 0.829243 0.178331 -0.214613 0.812693 0.171082 -0.242765 0.813152 0.163677 -0.216081 0.829189 0.170989 -0.244165 0.829278 0.163581 -0.270950 0.781863 0.155416 -0.270419 0.798070 0.155881 -0.297581 0.800406 0.148370 -0.299309 0.784311 0.147571 -0.270375 0.813846 0.156186 -0.271546 0.829223 0.156130 -0.297504 0.829816 0.148915 -0.296719 0.815538 0.148890 -0.321070 0.818989 0.142069 -0.323244 0.804676 0.141200 -0.321316 0.831845 0.142214 -0.327394 0.788562 0.139728 -0.017591 0.898753 0.214071 -0.016217 0.917882 0.214530 -0.011980 0.894677 0.214687 -0.010537 0.914412 0.215187 -0.009927 0.935257 0.215554 -0.016233 0.938748 0.214761 -0.006066 0.892267 0.215148 -0.005186 0.911980 0.215617 -0.004695 0.932781 0.216006 -0.004401 0.952852 0.216333 -0.009939 0.955563 0.215791 -0.004110 0.970371 0.216613 -0.009836 0.973257 0.215997 -0.017753 0.960209 0.214696 -0.018795 0.979417 0.214651 -0.031665 0.892120 0.211920 -0.025690 0.887951 0.212753 -0.037649 0.894870 0.211043 -0.040165 0.883070 0.210484 -0.034672 0.880302 0.211294 -0.029314 0.875937 0.212034 -0.043130 0.896062 0.210211 -0.047593 0.895556 0.209515 -0.049488 0.884303 0.209031 -0.045257 0.884423 0.209702 -0.049671 0.874263 0.208793 -0.044394 0.872980 0.209635 -0.054237 0.874671 0.208045 -0.061899 0.866241 0.206512 -0.056319 0.865090 0.207461 -0.049994 0.863875 0.208519 
						-0.038976 0.870944 0.210466 -0.034288 0.867326 0.211131 -0.043663 0.862821 0.209552 -0.038952 0.862163 0.210293 -0.020240 0.882502 0.213453 -0.024624 0.869796 0.212609 -0.018926 0.860810 0.213163 -0.014468 0.877698 0.214051 -0.039188 0.856457 0.210128 -0.031198 0.861301 0.211471 -0.040058 0.848078 0.209779 -0.029602 0.852753 0.211522 -0.042708 0.825706 0.208828 -0.029623 0.828706 0.211020 -0.029395 0.841568 0.211316 -0.041478 0.837673 0.209300 -0.018600 0.831803 0.212605 -0.018777 0.845368 0.212829 -0.009143 0.847024 0.213757 -0.008956 0.833626 0.213554 -0.008806 0.860680 0.214067 -0.007526 0.875464 0.214581 -0.137392 1.320767 0.186963 -0.171472 1.317337 0.180043 -0.140657 1.338081 0.182239 -0.176117 1.333416 0.175437 -0.210421 1.327244 0.168489 -0.203710 1.312881 0.173072 -0.144965 1.355593 0.176018 -0.182267 1.349765 0.169300 -0.150090 1.373675 0.168271 -0.189528 1.366833 0.161628 -0.228867 1.358041 0.154674 -0.218965 1.342149 0.162354 -0.253890 1.332493 0.155491 -0.242252 1.319337 0.161757 -0.266986 1.347085 0.147715 -0.232409 1.307372 0.166515 -0.101345 1.285816 0.198752 -0.101793 1.304756 0.196758 -0.101708 1.266215 0.199660 -0.067792 1.265736 0.205322 -0.067644 1.286028 0.204279 -0.067978 1.305638 0.202169 -0.102763 1.245793 0.199789 -0.104393 1.224390 0.199448 -0.069360 1.222312 0.205436 -0.068379 1.244563 0.205606 -0.034150 1.243618 0.209525 -0.033892 1.265302 0.209159 -0.034609 1.220759 0.209452 -0.033846 1.286039 0.208046 -0.034024 1.306060 0.205876 -0.103169 1.323196 0.193370 -0.068839 1.324760 0.198687 -0.070170 1.343703 0.193755 -0.105354 1.341464 0.188534 -0.034437 1.325591 0.202338 -0.035065 1.344936 0.197340 -0.035888 1.364396 0.190787 -0.071917 1.362772 0.187297 -0.036884 1.384276 0.182586 -0.074024 1.382276 0.179237 -0.108229 1.359884 0.182196 
						-0.111674 1.378782 0.174303 -0.218862 0.845665 0.170540 -0.247091 0.845316 0.163054 -0.190222 0.845691 0.177879 -0.193981 0.860983 0.176790 -0.222343 0.861108 0.169465 -0.250834 0.860298 0.161858 -0.161419 0.845802 0.184978 -0.134649 0.847190 0.191309 -0.140623 0.860049 0.189780 -0.166372 0.860405 0.183656 -0.170254 0.872805 0.181691 -0.197540 0.874185 0.174865 -0.144723 0.870877 0.187779 -0.147429 0.879136 0.184782 -0.173116 0.882290 0.178650 -0.200479 0.884365 0.171781 -0.225908 0.874506 0.167490 -0.254685 0.873255 0.159753 -0.228944 0.884847 0.164342 -0.257935 0.883220 0.156502 -0.274657 0.844236 0.155511 -0.278834 0.858073 0.154144 -0.305299 0.855555 0.146696 -0.300718 0.843351 0.148225 -0.283199 0.869922 0.151845 -0.286879 0.878972 0.148429 -0.314321 0.873614 0.140616 -0.310187 0.865839 0.144202 -0.334386 0.862342 0.137261 -0.329188 0.853869 0.139887 -0.338808 0.868661 0.133558 -0.324426 0.843587 0.141512 -0.125586 1.106751 0.139578 -0.079262 1.103784 0.148274 -0.072125 1.073174 0.149960 -0.124747 1.082943 0.139612 -0.038292 1.102658 0.153577 -0.032960 1.075244 0.154946 -0.011699 1.036012 0.160829 -0.022536 1.052799 0.157813 -0.021272 1.033989 0.159869 -0.041245 1.050032 0.155871 -0.029368 1.019393 0.158713 -0.062561 1.033298 0.152355 -0.052300 1.042403 0.154289 -0.026594 1.028652 0.159164 -0.098604 1.045436 0.145153 -0.087180 1.056669 0.147397 -0.129862 1.065782 0.138518 -0.138930 1.053461 0.136668 -0.341427 0.973034 0.111589 -0.357006 0.952218 0.106800 -0.353326 0.954972 0.101087 -0.336697 0.976181 0.106170 -0.369312 0.930571 0.102944 -0.366568 0.932684 0.096961 -0.363937 0.935157 0.091345 -0.349728 0.958005 0.095743 -0.331993 0.979518 0.101124 -0.378196 0.910082 0.100088 -0.376235 0.911474 0.093874 -0.383512 0.892740 0.098298 -0.382139 0.893498 0.091909 
						-0.380873 0.894596 0.085897 -0.374395 0.913259 0.088030 -0.372873 0.915825 0.082936 -0.361661 0.938343 0.086467 -0.379860 0.896370 0.080653 -0.346485 0.961597 0.091131 -0.327609 0.983259 0.096814 -0.316868 0.994156 0.112125 -0.322721 0.991031 0.117244 -0.310960 0.997412 0.107390 -0.287411 1.011470 0.114262 -0.294525 1.008633 0.118706 -0.301469 1.005889 0.123550 -0.305294 1.001002 0.103403 -0.280403 1.014632 0.110590 -0.253797 1.023958 0.118067 -0.262128 1.021475 0.121465 -0.226339 1.028785 0.125527 -0.235893 1.027208 0.128720 -0.270350 1.019347 0.125669 -0.278252 1.017288 0.130294 -0.245031 1.026037 0.132768 -0.253650 1.024910 0.137260 -0.328221 0.987835 0.122385 -0.345888 0.969861 0.117021 -0.307971 1.003009 0.128423 -0.328221 0.987835 0.122385 -0.307971 1.003009 0.128423 -0.314066 1.000108 0.132927 -0.333409 0.984668 0.127142 -0.345888 0.969861 0.117021 -0.350119 0.966744 0.122056 -0.285619 1.015010 0.134951 -0.261649 1.023464 0.141784 -0.285619 1.015010 0.134951 -0.261649 1.023464 0.141784 -0.269038 1.021827 0.145961 -0.292480 1.012637 0.139252 -0.298860 1.010293 0.142807 -0.319794 0.997299 0.136663 -0.275831 1.020131 0.149412 -0.282038 1.018505 0.151757 -0.304785 1.008102 0.145227 -0.325190 0.994697 0.139233 -0.338327 0.981630 0.131112 -0.354154 0.963766 0.126288 -0.343017 0.978823 0.133889 -0.360493 0.949463 0.112516 -0.363807 0.946766 0.117828 -0.360493 0.949463 0.112516 -0.374401 0.926400 0.114495 -0.371927 0.928466 0.108923 -0.371927 0.928466 0.108923 -0.366968 0.944188 0.122328 -0.376721 0.924401 0.119256 -0.383361 0.905910 0.117101 -0.381825 0.907311 0.112094 -0.386839 0.890220 0.115888 -0.386004 0.891168 0.110662 -0.380081 0.908698 0.106292 -0.380081 0.908698 0.106292 -0.384848 0.891986 0.104674 -0.384848 0.891986 0.104674 -0.081010 0.959464 0.177974 
						-0.084735 0.962552 0.183994 -0.100351 0.980279 0.181137 -0.095663 0.976919 0.175370 -0.084735 0.962552 0.183994 -0.087953 0.965166 0.189619 -0.104419 0.983048 0.186517 -0.100351 0.980279 0.181137 -0.123510 0.998634 0.182643 -0.118547 0.995933 0.177535 -0.118547 0.995933 0.177535 -0.112861 0.992582 0.172049 -0.090524 0.967441 0.194490 -0.107735 0.985332 0.191162 -0.127638 1.000783 0.187033 -0.149804 1.013299 0.182132 -0.144865 1.011445 0.178004 -0.173802 1.022381 0.176491 -0.168121 1.021003 0.172608 -0.139038 1.009040 0.173170 -0.132412 1.005979 0.167969 -0.139038 1.009040 0.173170 -0.161539 1.019126 0.168027 -0.161539 1.019126 0.168027 -0.154118 1.016635 0.163088 -0.090486 0.972862 0.169565 -0.076919 0.955769 0.171917 -0.106568 0.988482 0.166528 -0.098788 0.984273 0.161565 -0.084020 0.968642 0.164298 -0.071778 0.951863 0.166373 -0.125076 1.002156 0.162739 -0.145922 1.013412 0.158129 -0.136275 1.010105 0.153715 -0.116209 0.998242 0.158066 -0.104988 0.994907 0.154538 -0.088644 0.980596 0.157752 -0.124500 1.007362 0.150409 -0.109922 1.005831 0.148773 -0.090592 0.992822 0.152742 -0.075256 0.978090 0.155685 -0.075464 0.964794 0.160143 -0.064906 0.948146 0.161891 -0.064014 0.961849 0.157678 -0.055621 0.945015 0.159022 -0.065953 0.937675 0.173651 -0.069098 0.940692 0.179903 -0.061935 0.934451 0.167898 -0.054542 0.917429 0.168918 -0.057647 0.919776 0.174821 -0.059996 0.921951 0.181217 -0.056431 0.931300 0.163175 -0.048829 0.928502 0.160014 -0.043739 0.912925 0.160671 -0.050100 0.915086 0.164028 -0.045981 0.900334 0.164485 -0.049654 0.901821 0.169479 -0.040452 0.898895 0.161011 -0.039066 0.887026 0.161050 -0.044136 0.887874 0.164577 -0.047324 0.888653 0.169627 -0.052057 0.903269 0.175482 -0.053771 0.904588 0.181980 -0.049239 0.889349 0.175689 -0.050492 0.889951 0.182251 
						-0.071982 0.943225 0.186123 -0.062171 0.923778 0.187589 -0.071982 0.943225 0.186123 -0.062171 0.923778 0.187589 -0.064058 0.925520 0.193553 -0.074472 0.945466 0.191940 -0.055382 0.905692 0.188459 -0.051692 0.890444 0.188801 -0.055382 0.905692 0.188459 -0.051692 0.890444 0.188801 -0.052750 0.891180 0.194941 -0.056791 0.906901 0.194530 -0.057900 0.908537 0.199799 -0.065541 0.927440 0.198730 -0.053581 0.892506 0.200272 -0.076438 0.947609 0.196986 -0.421156 1.290359 0.114991 -0.444675 1.267444 0.110894 -0.392080 1.311863 0.119858 -0.420507 1.324245 0.109262 -0.454043 1.301280 0.104487 -0.480710 1.276861 0.100588 -0.358417 1.331500 0.125431 -0.321135 1.348817 0.131642 -0.339557 1.363758 0.121079 -0.381784 1.345243 0.114822 -0.403219 1.357188 0.103387 -0.446389 1.335169 0.097904 -0.356605 1.376579 0.109647 -0.370851 1.385289 0.097630 -0.420758 1.365474 0.091352 -0.467189 1.342967 0.085938 -0.483789 1.311081 0.093299 -0.513092 1.285482 0.089672 -0.507355 1.318334 0.081490 -0.538468 1.292142 0.078108 -0.461668 1.243569 0.107633 -0.498824 1.251503 0.097655 -0.510348 1.225382 0.095491 -0.473553 1.218875 0.105056 -0.531974 1.258929 0.087121 -0.557737 1.264957 0.075891 -0.568040 1.236989 0.074566 -0.542911 1.231628 0.085408 -0.548382 1.203787 0.084294 -0.517244 1.198675 0.093899 -0.572256 1.208447 0.073858 -0.573260 1.179542 0.073493 -0.550863 1.175611 0.083540 -0.521473 1.171558 0.092683 -0.481749 1.193499 0.103010 -0.487673 1.167582 0.101342 -0.149653 0.888245 0.161702 -0.125575 0.882757 0.167051 -0.124271 0.882668 0.160577 -0.148323 0.888129 0.155235 -0.103981 0.877076 0.171556 -0.102784 0.877033 0.165056 -0.100834 0.875950 0.159097 -0.122142 0.881266 0.154660 -0.146141 0.886488 0.149333 -0.085458 0.872250 0.175226 -0.084403 0.872260 0.168692 -0.070592 0.869327 0.178071 
						-0.069670 0.869385 0.171501 -0.068123 0.868961 0.165440 -0.082674 0.871520 0.162678 -0.079909 0.869394 0.157654 -0.097858 0.872959 0.154128 -0.065484 0.867630 0.160373 -0.061282 0.864968 0.156783 -0.075742 0.865245 0.154085 -0.093582 0.867194 0.150600 -0.118988 0.877461 0.149737 -0.142956 0.882036 0.144425 -0.114606 0.870159 0.146246 -0.138619 0.873488 0.140939 -0.174396 0.892380 0.149012 -0.175627 0.892491 0.155499 -0.172371 0.890632 0.143081 -0.200244 0.893217 0.136081 -0.201987 0.894963 0.142066 -0.203046 0.895049 0.148588 -0.169423 0.885823 0.138134 -0.165425 0.876527 0.134595 -0.194218 0.878710 0.127434 -0.197695 0.888302 0.131060 -0.227083 0.888953 0.123402 -0.229172 0.893761 0.128506 -0.224193 0.879469 0.119674 -0.254544 0.878239 0.111534 -0.256894 0.887258 0.115354 -0.258567 0.891782 0.120534 -0.230588 0.895423 0.134555 -0.231459 0.895469 0.141115 -0.259696 0.893301 0.126637 -0.260414 0.893304 0.133227 -0.176189 0.892393 0.162116 -0.150281 0.888121 0.168305 -0.203544 0.894983 0.155218 -0.176189 0.892393 0.162116 -0.203544 0.894983 0.155218 -0.203362 0.893813 0.161560 -0.176008 0.891230 0.168453 -0.150281 0.888121 0.168305 -0.150156 0.887040 0.174630 -0.231911 0.895432 0.147755 -0.260855 0.893281 0.139868 -0.231911 0.895432 0.147755 -0.260855 0.893281 0.139868 -0.260762 0.892249 0.146200 -0.231764 0.894313 0.154094 -0.230835 0.891117 0.159750 -0.202380 0.890591 0.167213 -0.259875 0.889223 0.151864 -0.175009 0.888147 0.174101 -0.149222 0.884284 0.180260 -0.126256 0.882625 0.173646 -0.126256 0.881723 0.179946 -0.126256 0.882625 0.173646 -0.104868 0.876282 0.184417 -0.104701 0.876947 0.178147 -0.104701 0.876947 0.178147 -0.125521 0.879502 0.185539 -0.123994 0.875415 0.190008 -0.103251 0.871897 0.194364 -0.104410 0.874720 0.189960 -0.086393 0.870853 0.193548 
						-0.086549 0.871722 0.188058 -0.085642 0.869348 0.197883 -0.071607 0.868536 0.200600 -0.071978 0.868819 0.196327 -0.071858 0.869046 0.190882 -0.086206 0.872129 0.181816 -0.086206 0.872129 0.181816 -0.071358 0.869215 0.184664 -0.071358 0.869215 0.184664 -0.058541 0.824175 0.206053 -0.060029 0.811219 0.205497 -0.043010 0.812643 0.208497 -0.077060 0.824300 0.202657 -0.080157 0.810943 0.201764 -0.081259 0.796301 0.201220 -0.060312 0.797146 0.205131 -0.042577 0.798658 0.208272 -0.098203 0.826270 0.198597 -0.103162 0.811902 0.197267 -0.104846 0.796060 0.196552 -0.105271 0.780081 0.196099 -0.081211 0.780975 0.200874 -0.104954 0.764054 0.195793 -0.080485 0.765251 0.200638 -0.059732 0.782241 0.204895 -0.041605 0.783925 0.208115 -0.058629 0.766786 0.204727 -0.040287 0.768621 0.207989 -0.029332 0.815128 0.210798 -0.028624 0.800896 0.210627 -0.017507 0.803229 0.212246 -0.018161 0.817758 0.212415 -0.027598 0.786071 0.210486 -0.026355 0.770716 0.210353 -0.015732 0.772695 0.211917 -0.016682 0.788209 0.212085 -0.007826 0.789868 0.212984 -0.008281 0.805022 0.213177 -0.007315 0.774182 0.212777 -0.008663 0.819617 0.213364 -0.055510 0.835733 0.206861 -0.051686 0.845905 0.207779 -0.063821 0.845855 0.205642 -0.071124 0.835775 0.204045 -0.047818 0.854704 0.208666 -0.056624 0.855028 0.207161 -0.065143 0.856411 0.205683 -0.075802 0.847550 0.203486 -0.072537 0.858595 0.204390 -0.086142 0.850985 0.201609 -0.087952 0.837828 0.200897 -0.102708 0.842660 0.198102 -0.057343 0.751065 0.204567 -0.038817 0.752920 0.207858 -0.079550 0.749416 0.200424 -0.078523 0.733497 0.200212 -0.055972 0.735114 0.204401 -0.037275 0.736874 0.207714 -0.104412 0.748066 0.195521 -0.103779 0.732139 0.195256 -0.103185 0.716294 0.194973 -0.077520 0.717520 0.199981 -0.102763 0.700553 0.194647 -0.076656 0.701512 0.199711 
						-0.054614 0.718973 0.204215 -0.035739 0.720533 0.207547 -0.053367 0.702681 0.203993 -0.034290 0.703951 0.207348 -0.024996 0.754891 0.210205 -0.023579 0.738658 0.210039 -0.013635 0.740232 0.211518 -0.014703 0.756680 0.211728 -0.022166 0.722078 0.209849 -0.020815 0.705213 0.209631 -0.011542 0.706313 0.211025 -0.012568 0.723421 0.211284 -0.005621 0.724375 0.212015 -0.006192 0.741364 0.212292 -0.005071 0.707096 0.211715 -0.006763 0.757990 0.212546 -0.390789 0.977996 0.124548 -0.404951 0.979608 0.120682 -0.379512 0.976029 0.127664 -0.363391 0.996448 0.132445 -0.374954 1.000461 0.129224 -0.390238 1.003935 0.125019 -0.370555 0.974235 0.130169 -0.363354 0.973143 0.132205 -0.347139 0.990771 0.137058 -0.354372 0.993048 0.134992 -0.334226 1.009697 0.140870 -0.342866 1.014996 0.138405 -0.327322 1.006304 0.142864 -0.303917 1.018893 0.149578 -0.310045 1.023161 0.147785 -0.317536 1.030001 0.145620 -0.354157 1.022150 0.135238 -0.370691 1.028524 0.130665 -0.327213 1.039828 0.142882 -0.342147 1.055232 0.138763 -0.422562 0.980338 0.115925 -0.410419 1.005714 0.119520 -0.433833 1.006314 0.113267 -0.442891 0.980331 0.110550 -0.395056 1.031483 0.123978 -0.380296 1.057303 0.128239 -0.413019 1.058465 0.119353 -0.423330 1.032441 0.116351 -0.451593 1.032811 0.108958 -0.458819 1.006250 0.106799 -0.444238 1.059224 0.111119 -0.474539 1.059758 0.103483 -0.479782 1.032817 0.101908 -0.484676 1.005738 0.100389 -0.465206 0.979729 0.104830 -0.488775 0.978680 0.099040 -0.247162 0.698463 0.105449 -0.217570 0.695781 0.113194 -0.224506 0.672543 0.110741 -0.253446 0.675265 0.103128 -0.186496 0.692206 0.120974 -0.193348 0.668500 0.118594 -0.200941 0.646762 0.116435 -0.232445 0.651292 0.108440 -0.260877 0.654031 0.100922 -0.154652 0.688029 0.128510 -0.160872 0.663622 0.126341 -0.122746 0.683536 0.135520 
						-0.127977 0.658394 0.133633 -0.133292 0.635034 0.132131 -0.167509 0.641116 0.124475 -0.173744 0.621807 0.123600 -0.208292 0.628197 0.115235 -0.138010 0.614855 0.131651 -0.141447 0.599257 0.132834 -0.178758 0.606986 0.124401 -0.214416 0.614012 0.115734 -0.240279 0.633184 0.107070 -0.268331 0.635925 0.099616 -0.246899 0.619374 0.107407 -0.274685 0.622109 0.099994 -0.279270 0.676181 0.096103 -0.274561 0.699967 0.098018 -0.285093 0.654301 0.094313 -0.306383 0.652799 0.088308 -0.302892 0.675906 0.089495 -0.300293 0.700643 0.090845 -0.291074 0.635576 0.093388 -0.296254 0.621255 0.094070 -0.313094 0.616810 0.089140 -0.310013 0.632500 0.087945 -0.326658 0.627058 0.082845 -0.326040 0.650223 0.082607 -0.326694 0.608768 0.084712 -0.339586 0.595296 0.079748 -0.343444 0.622179 0.077555 -0.345586 0.647910 0.076882 -0.325229 0.675053 0.083136 -0.324880 0.700841 0.083874 -0.347197 0.674236 0.076856 -0.348846 0.700915 0.077049 -0.271926 0.724408 0.099319 -0.243148 0.722464 0.107102 -0.299340 0.725831 0.091697 -0.299784 0.751140 0.092125 -0.271050 0.749131 0.100099 -0.241148 0.746990 0.108171 -0.325646 0.726880 0.084261 -0.351102 0.727701 0.077034 -0.354113 0.754972 0.076774 -0.327491 0.753207 0.084313 -0.330376 0.779862 0.084044 -0.301374 0.776238 0.092202 -0.358030 0.783103 0.076234 -0.363723 0.814513 0.075204 -0.332852 0.804659 0.083843 -0.303509 0.800236 0.092095 -0.271618 0.773761 0.100453 -0.240907 0.771764 0.108741 -0.273316 0.797924 0.100474 -0.242169 0.796509 0.108897 -0.212747 0.719851 0.115024 -0.209938 0.744527 0.116280 -0.177939 0.741774 0.124223 -0.181372 0.716676 0.122838 -0.209043 0.769579 0.117013 -0.209963 0.794780 0.117274 -0.176631 0.793103 0.125569 -0.176164 0.767366 0.125169 -0.142407 0.765286 0.133107 -0.145671 0.738763 0.131797 -0.142106 0.791847 0.133742 
						-0.103429 0.792024 0.142332 -0.109643 0.762052 0.140257 -0.114086 0.735164 0.138680 -0.149669 0.713043 0.130296 -0.118285 0.709059 0.137152 -0.032696 0.842540 0.156628 -0.044917 0.833006 0.154372 -0.054196 0.841147 0.153025 -0.040283 0.848573 0.155565 -0.060106 0.822102 0.151435 -0.071224 0.833515 0.149751 -0.080287 0.846105 0.148816 -0.062496 0.850043 0.152242 -0.047734 0.854905 0.154935 -0.078575 0.809281 0.147681 -0.091716 0.825338 0.145581 -0.116650 0.819199 0.140180 -0.125751 0.841158 0.139168 -0.101266 0.842946 0.144520 -0.108798 0.858271 0.144624 -0.087733 0.857786 0.148965 -0.132979 0.859558 0.139304 -0.069808 0.858435 0.152438 -0.055049 0.860548 0.155156 -0.029133 0.856133 0.157534 -0.023129 0.851251 0.158340 -0.035839 0.860831 0.157036 -0.024658 0.868173 0.158640 -0.019386 0.862527 0.158974 -0.015088 0.858146 0.159557 -0.050398 0.867015 0.158778 -0.043482 0.864454 0.157231 -0.043171 0.871349 0.160108 -0.035653 0.870012 0.158631 -0.031506 0.886122 0.159559 -0.032112 0.877082 0.159326 -0.039683 0.877932 0.160807 -0.022064 0.885551 0.159402 -0.022545 0.876703 0.159192 -0.011614 0.877513 0.159699 -0.011350 0.885701 0.159880 -0.011403 0.871234 0.159641 -0.007444 0.862235 0.160331 -0.009682 0.866457 0.159929 -0.052330 0.686275 0.203723 -0.033005 0.687177 0.207109 -0.076047 0.685500 0.199384 -0.075771 0.669400 0.198973 -0.051559 0.669656 0.203386 -0.031932 0.670102 0.206815 -0.102644 0.684936 0.194252 -0.102942 0.669383 0.193752 -0.103771 0.653835 0.193113 -0.075905 0.653131 0.198455 -0.105246 0.638232 0.192298 -0.076525 0.636608 0.197806 -0.051113 0.652723 0.202963 -0.031117 0.652612 0.206449 -0.051049 0.635378 0.202435 -0.030606 0.634597 0.205997 -0.057517 0.874083 0.207492 -0.065999 0.867103 0.205805 -0.052399 0.882655 0.208553 -0.054211 0.880111 0.207820 
						-0.059707 0.872889 0.206689 -0.068837 0.867735 0.204886 -0.050524 0.893213 0.209043 -0.052209 0.889807 0.208337 -0.052934 0.886113 0.206938 -0.055148 0.877304 0.206383 -0.052986 0.882902 0.204388 -0.055432 0.874869 0.203793 -0.060999 0.871474 0.205190 -0.070634 0.868193 0.203302 -0.061588 0.870228 0.202550 -0.077965 0.861318 0.203438 -0.081746 0.864243 0.202353 -0.098169 0.861999 0.199035 -0.093354 0.856156 0.200312 -0.084199 0.867032 0.200660 -0.101320 0.867452 0.197220 -0.121619 0.868913 0.192942 -0.117841 0.860591 0.194875 -0.112104 0.851044 0.196345 -0.393688 0.893940 0.067962 -0.405500 0.897107 0.064745 -0.390284 0.868495 0.068547 -0.403436 0.869289 0.064922 -0.420939 0.870906 0.060230 -0.421421 0.900143 0.060515 -0.381114 0.842972 0.070749 -0.396911 0.841272 0.066327 -0.389242 0.813005 0.068012 -0.412615 0.813320 0.061611 -0.417411 0.841978 0.060764 -0.439521 0.843076 0.054960 -0.441476 0.872621 0.054900 -0.436193 0.814075 0.055359 -0.460243 0.814896 0.049232 -0.463041 0.844176 0.049030 -0.464451 0.874110 0.049165 -0.440955 0.902810 0.055487 -0.463605 0.904872 0.049877 -0.386481 0.890877 0.069953 -0.382813 0.888051 0.071420 -0.379448 0.870674 0.072123 -0.382803 0.869251 0.070674 -0.381614 0.885593 0.073069 -0.381818 0.883634 0.075604 -0.379249 0.872761 0.076183 -0.378676 0.871879 0.073710 -0.370134 0.862277 0.076020 -0.370318 0.856550 0.074525 -0.371198 0.866304 0.078402 -0.357325 0.864035 0.082357 -0.355763 0.856916 0.080071 -0.355177 0.846767 0.078720 -0.373114 0.849090 0.073124 -0.356855 0.833457 0.077525 -0.198554 1.120750 0.177391 -0.156518 1.113952 0.187361 -0.239707 1.125120 0.166943 -0.245643 1.104182 0.165250 -0.203783 1.100123 0.175928 -0.160872 1.092700 0.186155 -0.279654 1.127879 0.156316 -0.318070 1.129840 0.145810 -0.325341 1.106515 0.143682 
						-0.286347 1.105817 0.154374 -0.292832 1.083990 0.152492 -0.251072 1.084743 0.163735 -0.332982 1.082425 0.141441 -0.296048 1.064704 0.151556 -0.254624 1.067875 0.162786 -0.209264 1.081900 0.174503 -0.167177 1.074888 0.184653 -0.213952 1.066463 0.173370 -0.113921 1.103912 0.196551 -0.112744 1.129188 0.197084 -0.117015 1.080978 0.195678 -0.069519 1.064182 0.204791 -0.072883 1.094725 0.203962 -0.073469 1.121956 0.204077 -0.124580 1.063130 0.194041 -0.085662 1.046788 0.202071 -0.031747 1.006406 0.212396 -0.054613 1.026020 0.208147 -0.024751 1.016327 0.213312 -0.042509 1.036487 0.209834 -0.023084 1.040263 0.211790 -0.013452 1.020366 0.214402 -0.031897 1.064158 0.209434 -0.036226 1.117827 0.208596 -0.035522 1.090483 0.208596 -0.110929 1.154058 0.197702 -0.073078 1.148469 0.204360 -0.072041 1.174126 0.204734 -0.108750 1.178338 0.198344 -0.036276 1.144779 0.208753 -0.035883 1.171087 0.208995 -0.035257 1.196498 0.209252 -0.070691 1.198787 0.205119 -0.106480 1.201843 0.198946 -0.357345 0.973281 0.133911 -0.352181 0.974423 0.134972 -0.335430 0.990783 0.140000 -0.340935 0.990126 0.138833 -0.347520 0.976345 0.135070 -0.330292 0.992416 0.140239 -0.310281 1.006187 0.146121 -0.315662 1.004969 0.145811 -0.287671 1.017079 0.152618 -0.293009 1.016342 0.152323 -0.321238 1.004868 0.144618 -0.298331 1.016783 0.151200 -0.416052 0.562150 0.109079 -0.436712 0.546378 0.103043 -0.429337 0.523160 0.103998 -0.409739 0.540746 0.109889 -0.456231 0.531455 0.096537 -0.448063 0.506770 0.097576 -0.438922 0.481991 0.098792 -0.421076 0.499886 0.105114 -0.402647 0.519322 0.110840 -0.472908 0.517999 0.089142 -0.464150 0.492185 0.090229 -0.485042 0.506627 0.080437 -0.475831 0.480015 0.081560 -0.465521 0.453260 0.082887 -0.454348 0.466246 0.091506 -0.443297 0.440217 0.093051 -0.428558 0.457105 0.100279 
						-0.453934 0.426417 0.084479 -0.440892 0.399539 0.086397 -0.430791 0.414135 0.094938 -0.416722 0.432098 0.102131 -0.411608 0.476440 0.106505 -0.394342 0.497585 0.112073 -0.400612 0.452707 0.108289 -0.384390 0.475245 0.113728 -0.391035 0.558917 0.115646 -0.395954 0.578154 0.115067 -0.385468 0.539688 0.116342 -0.369221 0.559928 0.121610 -0.372921 0.576732 0.121299 -0.376166 0.593673 0.121035 -0.378652 0.519902 0.117324 -0.369986 0.498993 0.118761 -0.357294 0.523159 0.123112 -0.364298 0.542491 0.122132 -0.351041 0.564456 0.126370 -0.353587 0.578983 0.126637 -0.346211 0.546948 0.126503 -0.336265 0.571086 0.128477 -0.338350 0.583980 0.130271 -0.338173 0.595565 0.131503 -0.355091 0.593248 0.126880 -0.356442 0.607990 0.127010 -0.337242 0.607521 0.132419 -0.400826 0.597962 0.114436 -0.422023 0.583825 0.108270 -0.379728 0.611518 0.120652 -0.383622 0.630275 0.120154 -0.405724 0.618376 0.113747 -0.427761 0.605829 0.107451 -0.358525 0.623948 0.126940 -0.361286 0.641099 0.126682 -0.364668 0.659418 0.126251 -0.387869 0.649952 0.119540 -0.368618 0.678881 0.125661 -0.392486 0.670554 0.118812 -0.410723 0.639432 0.112994 -0.433378 0.628217 0.106613 -0.415894 0.661165 0.112171 -0.438984 0.651046 0.105744 -0.443523 0.569655 0.102132 -0.449902 0.593060 0.101253 -0.470537 0.580662 0.094689 -0.463675 0.556061 0.095580 -0.455982 0.616663 0.100392 -0.461895 0.640531 0.099535 -0.483087 0.630142 0.093037 -0.476960 0.605331 0.093847 -0.494738 0.594780 0.086491 -0.488057 0.569223 0.087293 -0.501019 0.620399 0.085743 -0.514148 0.611825 0.077148 -0.507741 0.585570 0.077838 -0.500852 0.559333 0.078600 -0.480828 0.543654 0.088170 -0.493334 0.533043 0.079459 -0.373078 0.699465 0.124927 -0.378198 0.721321 0.124009 -0.403042 0.714475 0.116973 -0.397492 0.692090 0.117970 -0.384126 0.744599 0.122871 
						-0.409293 0.737625 0.115777 -0.433325 0.730165 0.109123 -0.427086 0.706648 0.110265 -0.456605 0.722295 0.102850 -0.450547 0.698141 0.103875 -0.421312 0.683609 0.111271 -0.444690 0.674372 0.104836 -0.506892 0.842466 0.092783 -0.502394 0.816265 0.093390 -0.526126 0.837535 0.087480 -0.521846 0.810672 0.087954 -0.516993 0.784076 0.088548 -0.497136 0.790316 0.094169 -0.542876 0.832772 0.081123 -0.538666 0.805305 0.081512 -0.555463 0.828417 0.073178 -0.551238 0.800423 0.073517 -0.546683 0.772725 0.073910 -0.534026 0.778119 0.081981 -0.529046 0.751209 0.082513 -0.511729 0.757751 0.089227 -0.541844 0.745312 0.074350 -0.536765 0.718174 0.074832 -0.523814 0.724573 0.083094 -0.506214 0.731702 0.089957 -0.491390 0.764631 0.095056 -0.485427 0.739219 0.095987 -0.510359 0.868909 0.092411 -0.512742 0.895606 0.092284 -0.532447 0.892052 0.086997 -0.529674 0.864661 0.087159 -0.513990 0.922567 0.092410 -0.514049 0.949804 0.092796 -0.535498 0.947633 0.087171 -0.534403 0.919709 0.086999 -0.552259 0.916870 0.080546 -0.549708 0.888556 0.080637 -0.554186 0.945465 0.080560 -0.568319 0.943478 0.072428 -0.565773 0.914245 0.072521 -0.562761 0.885326 0.072679 -0.546569 0.860523 0.080830 -0.559315 0.856717 0.072898 -0.149947 1.044173 0.134437 -0.112948 1.036946 0.142397 -0.128735 1.030944 0.139804 -0.162183 1.037497 0.132373 -0.078892 1.026101 0.149354 -0.051447 1.013632 0.154744 -0.071862 1.008660 0.151572 -0.097947 1.020941 0.146307 -0.116381 1.017948 0.144233 -0.144483 1.027177 0.138049 -0.091865 1.006162 0.149372 -0.133143 1.016905 0.143698 -0.159287 1.025305 0.137694 -0.174906 1.033011 0.131023 -0.187385 1.030293 0.130936 -0.177787 1.024078 0.157363 -0.169018 1.021777 0.152633 -0.202726 1.028084 0.151008 -0.193687 1.026903 0.146445 -0.183616 1.025695 0.142380 -0.158978 1.019417 0.148427 
						-0.228244 1.028435 0.144236 -0.219251 1.028440 0.139758 -0.209489 1.028454 0.135751 -0.198890 1.028923 0.132661 -0.172241 1.024986 0.139300 -0.147180 1.017594 0.145273 -0.185768 1.025719 0.162087 -0.192919 1.026829 0.166461 -0.185768 1.025719 0.162087 -0.218506 1.028914 0.159809 -0.211006 1.028711 0.155581 -0.211006 1.028711 0.155581 -0.199201 1.027531 0.170140 -0.204572 1.027953 0.172777 -0.231079 1.028571 0.165809 -0.225204 1.028824 0.163337 -0.251013 1.026333 0.156341 -0.244130 1.027250 0.152895 -0.257185 1.025375 0.158710 -0.236539 1.027995 0.148737 -0.236539 1.027995 0.148737 -0.289459 0.888104 0.125069 -0.289941 0.888073 0.131697 -0.316996 0.881520 0.117178 -0.317551 0.881466 0.123786 -0.289941 0.888073 0.131697 -0.317551 0.881466 0.123786 -0.317575 0.880649 0.130100 -0.289903 0.887143 0.138021 -0.341428 0.875201 0.110092 -0.342065 0.875118 0.116676 -0.361155 0.870795 0.104348 -0.361867 0.870687 0.110912 -0.342065 0.875118 0.116676 -0.361867 0.870687 0.110912 -0.362056 0.870107 0.117190 -0.342164 0.874420 0.122975 -0.341239 0.872477 0.128699 -0.316641 0.878291 0.135812 -0.361227 0.868579 0.122896 -0.288998 0.884411 0.143710 -0.288803 0.888140 0.118471 -0.287841 0.886799 0.112340 -0.315459 0.880460 0.104446 -0.316340 0.881590 0.110586 -0.286440 0.882697 0.107115 -0.284466 0.874452 0.103234 -0.312525 0.869737 0.095272 -0.314228 0.876914 0.099195 -0.338769 0.871552 0.092106 -0.339883 0.874413 0.097373 -0.337289 0.865722 0.088146 -0.358573 0.868257 0.086357 -0.359580 0.870306 0.091641 -0.340735 0.875297 0.103513 -0.360417 0.870911 0.097781 -0.055049 0.336270 0.160874 -0.074597 0.342774 0.157752 -0.066320 0.339324 0.165743 -0.047421 0.333303 0.168692 -0.096286 0.350932 0.154086 -0.087875 0.347040 0.162202 -0.079644 0.341761 0.169672 -0.058238 0.334807 0.173121 
						-0.040044 0.329627 0.175931 -0.119175 0.360541 0.149977 -0.110986 0.356258 0.158179 -0.142317 0.371400 0.145527 -0.134551 0.366783 0.153786 -0.127259 0.360698 0.161346 -0.103100 0.350487 0.165706 -0.095861 0.341563 0.171900 -0.071815 0.333518 0.175878 -0.120949 0.351516 0.167517 -0.116125 0.337610 0.171612 -0.089609 0.327818 0.176108 -0.064610 0.320733 0.180201 -0.050591 0.327973 0.179304 -0.033212 0.324386 0.182044 -0.043615 0.317573 0.183712 -0.027215 0.316723 0.186482 -0.062637 0.339384 0.153025 -0.082831 0.346405 0.149732 -0.062637 0.339384 0.153025 -0.070738 0.341120 0.145313 -0.091688 0.348751 0.141832 -0.082831 0.346405 0.149732 -0.113722 0.357889 0.137917 -0.104656 0.355013 0.145944 -0.104656 0.355013 0.145944 -0.079907 0.339953 0.137907 -0.101832 0.348342 0.134203 -0.090697 0.334361 0.130974 -0.113930 0.343711 0.126996 -0.136891 0.354445 0.122784 -0.124221 0.358165 0.130150 -0.146642 0.369224 0.125812 -0.136220 0.368335 0.133652 -0.159373 0.366359 0.118375 -0.181171 0.379249 0.113808 -0.168667 0.381320 0.121255 -0.158564 0.379888 0.129119 -0.127325 0.365004 0.141754 -0.127325 0.365004 0.141754 -0.150051 0.376175 0.137257 -0.150051 0.376175 0.137257 -0.164770 0.383305 0.140839 -0.157471 0.378424 0.149133 -0.186481 0.396243 0.136050 -0.179687 0.391158 0.144347 -0.173579 0.384685 0.151931 -0.150772 0.372108 0.156716 -0.207396 0.410201 0.131298 -0.201141 0.404967 0.139557 -0.227461 0.425165 0.126720 -0.221775 0.419829 0.134889 -0.216837 0.413206 0.142365 -0.195620 0.398395 0.147109 -0.191595 0.389066 0.153217 -0.168863 0.375323 0.158074 -0.213449 0.403960 0.148407 -0.212410 0.390754 0.152270 -0.189829 0.375558 0.157142 -0.166247 0.361574 0.162046 -0.145298 0.362788 0.162874 -0.141675 0.348893 0.166897 -0.172045 0.388322 0.132546 -0.180131 0.392348 0.124399 
						-0.172045 0.388322 0.132546 -0.200864 0.405712 0.119648 -0.193254 0.401439 0.127768 -0.193254 0.401439 0.127768 -0.189863 0.394254 0.116542 -0.202077 0.392912 0.109121 -0.222032 0.407347 0.104469 -0.210171 0.408026 0.111833 -0.229529 0.422635 0.107284 -0.220705 0.419976 0.115019 -0.240980 0.422553 0.100008 -0.258862 0.438529 0.095892 -0.247878 0.438081 0.103054 -0.239594 0.435139 0.110669 -0.213622 0.415518 0.123071 -0.213622 0.415518 0.123071 -0.233095 0.430551 0.118602 -0.233095 0.430551 0.118602 -0.276940 1.027691 0.157158 -0.281756 1.032421 0.155724 -0.247571 1.032508 0.165200 -0.250659 1.037360 0.164230 -0.253203 1.044628 0.163395 -0.287002 1.039792 0.154169 -0.216991 1.033153 0.173303 -0.218055 1.037863 0.172848 -0.218081 1.044769 0.172642 -0.216802 1.054194 0.172783 -0.254930 1.054651 0.162793 -0.292935 1.050262 0.152447 -0.272297 1.025144 0.158515 -0.267605 1.024258 0.159455 -0.240440 1.028497 0.166881 -0.244212 1.029729 0.166204 -0.262642 1.024509 0.159634 -0.236110 1.028287 0.166870 -0.208991 1.028219 0.174028 -0.212504 1.028837 0.174277 -0.215156 1.030313 0.173907 -0.148282 0.583261 0.153617 -0.109918 0.575150 0.161533 -0.112619 0.575300 0.167853 -0.149991 0.583230 0.160076 -0.074718 0.567904 0.168477 -0.078068 0.568179 0.174592 -0.080168 0.569333 0.180596 -0.114212 0.576286 0.173984 -0.150893 0.584014 0.166307 -0.045914 0.562089 0.174321 -0.048823 0.562299 0.180153 -0.024423 0.557843 0.178813 -0.026440 0.557920 0.184347 -0.028064 0.559144 0.190043 -0.050836 0.563514 0.186001 -0.052048 0.566963 0.191381 -0.081158 0.572533 0.186065 -0.029274 0.562776 0.195355 -0.030049 0.570072 0.199741 -0.052551 0.573872 0.195809 -0.081183 0.578946 0.190572 -0.114699 0.579168 0.179550 -0.150766 0.586549 0.171982 -0.114082 0.585008 0.184177 -0.149384 0.591771 0.176773 
						-0.187696 0.591535 0.151400 -0.186574 0.591671 0.144862 -0.188132 0.592158 0.157708 -0.224029 0.599600 0.148854 -0.223872 0.599099 0.142493 -0.223032 0.599285 0.135916 -0.187451 0.594357 0.163503 -0.185225 0.598948 0.168505 -0.219912 0.605494 0.159970 -0.222907 0.601496 0.154760 -0.255285 0.606866 0.146396 -0.256685 0.605220 0.140411 -0.251749 0.610364 0.151761 -0.279041 0.612512 0.144472 -0.282734 0.609372 0.139056 -0.284199 0.607900 0.133045 -0.256653 0.604806 0.134019 -0.255896 0.605004 0.127430 -0.284175 0.607539 0.126643 -0.283402 0.607733 0.120054 -0.185193 0.591751 0.138372 -0.145991 0.583170 0.147259 -0.222105 0.599449 0.129363 -0.185193 0.591751 0.138372 -0.222105 0.599449 0.129363 -0.220676 0.601017 0.123419 -0.183573 0.593327 0.132438 -0.145991 0.583170 0.147259 -0.143932 0.584712 0.141371 -0.255117 0.605195 0.120857 -0.282620 0.607922 0.113482 -0.255117 0.605195 0.120857 -0.282620 0.607922 0.113482 -0.281276 0.609471 0.107539 -0.253742 0.606744 0.114918 -0.251195 0.611015 0.110229 -0.218328 0.605411 0.118669 -0.278816 0.613746 0.102839 -0.181731 0.597949 0.127564 -0.142919 0.589642 0.136318 -0.106107 0.574771 0.155398 -0.103248 0.576209 0.149611 -0.106107 0.574771 0.155398 -0.059713 0.567179 0.157356 -0.069972 0.567340 0.162678 -0.069972 0.567340 0.162678 -0.104002 0.591788 0.140459 -0.103405 0.581505 0.144334 -0.067558 0.585515 0.146446 -0.065565 0.574715 0.150475 -0.031771 0.570449 0.153602 -0.033246 0.581376 0.149968 -0.027490 0.563816 0.158485 -0.009729 0.556543 0.168908 -0.018813 0.559357 0.163885 -0.017669 0.557256 0.170476 -0.034020 0.560813 0.165173 -0.042017 0.561659 0.168990 -0.022033 0.557655 0.173983 -0.042017 0.561659 0.168990 -0.022033 0.557655 0.173983 -0.441877 1.188391 0.058014 -0.442575 1.222875 0.056250 -0.441672 1.153113 0.058772 
						-0.488883 1.146203 0.048099 -0.489076 1.180171 0.047599 -0.489750 1.213370 0.046372 -0.442242 1.116726 0.058691 -0.446574 1.079739 0.057267 -0.492062 1.076442 0.047030 -0.489533 1.111534 0.047942 -0.529350 1.106691 0.040978 -0.529184 1.140047 0.041078 -0.530313 1.072936 0.040484 -0.559435 1.069662 0.038786 -0.559675 1.102415 0.038972 -0.560146 1.134749 0.038971 -0.529557 1.172778 0.040758 -0.530208 1.204658 0.039994 -0.560749 1.166426 0.038772 -0.561381 1.197205 0.038364 -0.443484 1.256882 0.053315 -0.490545 1.245729 0.044347 -0.490958 1.275741 0.042758 -0.444294 1.288795 0.050606 -0.530877 1.235461 0.038760 -0.561943 1.226846 0.037737 -0.560242 1.253949 0.037851 -0.530281 1.263660 0.038172 -0.527139 1.287731 0.039348 -0.490491 1.301898 0.042838 -0.554087 1.277113 0.039664 -0.545412 1.292912 0.042632 -0.524918 1.305880 0.042776 -0.489829 1.322628 0.045663 -0.444696 1.316996 0.049518 -0.444380 1.339869 0.051449 -0.009813 0.555256 0.177309 -0.011159 0.555303 0.181703 -0.007737 0.555119 0.174172 -0.009813 0.555256 0.177309 -0.003963 0.554321 0.176366 -0.003374 0.554061 0.179095 -0.003374 0.554061 0.179095 -0.004045 0.554042 0.183238 -0.004227 0.554849 0.172657 -0.001499 0.553987 0.175916 -0.001004 0.553632 0.183663 -0.000737 0.553673 0.179467 -0.000737 0.553673 0.179467 -0.012478 0.555305 0.186988 -0.004824 0.554009 0.188386 -0.005633 0.555255 0.193911 -0.013698 0.556540 0.192566 -0.001363 0.553588 0.188856 -0.001767 0.554841 0.194417 -0.002167 0.558690 0.199716 -0.006395 0.559073 0.199183 -0.002516 0.566431 0.204123 -0.007030 0.566756 0.203572 -0.014743 0.560290 0.197843 -0.015542 0.567835 0.202220 -0.295925 0.496489 0.112033 -0.292934 0.491872 0.119418 -0.277369 0.471521 0.122667 -0.281131 0.476630 0.115062 -0.290566 0.486004 0.126180 -0.274266 0.465199 0.129638 
						-0.256391 0.446322 0.133545 -0.260148 0.452880 0.126375 -0.264605 0.458225 0.118553 -0.289657 0.477702 0.131593 -0.272676 0.456504 0.135242 -0.291045 0.465786 0.134933 -0.273452 0.444276 0.138746 -0.254378 0.424805 0.142972 -0.254184 0.437360 0.139324 -0.234377 0.419952 0.143744 -0.237171 0.429087 0.137816 -0.233979 0.407067 0.147514 -0.241530 0.435725 0.130472 -0.246623 0.441122 0.122456 -0.284699 0.481684 0.107556 -0.298702 0.501034 0.104750 -0.268911 0.463546 0.110818 -0.284699 0.481684 0.107556 -0.268911 0.463546 0.110818 -0.274079 0.468182 0.103269 -0.289141 0.486126 0.100228 -0.298702 0.501034 0.104750 -0.302396 0.505060 0.097632 -0.251617 0.446531 0.114509 -0.251617 0.446531 0.114509 -0.257474 0.451196 0.106751 -0.265155 0.454363 0.099301 -0.281120 0.471471 0.096008 -0.275620 0.455274 0.092278 -0.291046 0.472752 0.089133 -0.295529 0.489393 0.093159 -0.308141 0.508119 0.090738 -0.304931 0.490926 0.086428 -0.317067 0.509761 0.084131 -0.310643 0.521684 0.102428 -0.308710 0.517956 0.109515 -0.313578 0.525018 0.095483 -0.310643 0.521684 0.102428 -0.322083 0.545033 0.093939 -0.319877 0.542363 0.100754 -0.319877 0.542363 0.100754 -0.318771 0.539607 0.107675 -0.318713 0.527638 0.088728 -0.327245 0.529220 0.082210 -0.334943 0.549483 0.080749 -0.326639 0.547585 0.087255 -0.331312 0.567594 0.086443 -0.327309 0.564138 0.093154 -0.339638 0.570732 0.079827 -0.331446 0.585357 0.086859 -0.328483 0.580882 0.093394 -0.325761 0.561804 0.099895 -0.325393 0.560012 0.106682 -0.325761 0.561804 0.099895 -0.327650 0.578737 0.100016 -0.327650 0.578737 0.100016 -0.327860 0.577747 0.106704 -0.306584 0.514160 0.116696 -0.317517 0.536794 0.114675 -0.316882 0.532713 0.121066 -0.305059 0.509023 0.123254 -0.324931 0.558183 0.113530 -0.328025 0.576737 0.113435 -0.328799 0.575469 0.119692 
						-0.325168 0.555532 0.119820 -0.326896 0.551275 0.124931 -0.317635 0.526155 0.126159 -0.330834 0.573701 0.124955 -0.330873 0.541862 0.127823 -0.320537 0.515215 0.129161 -0.304933 0.501275 0.128473 -0.307000 0.489645 0.131635 -0.388685 0.500956 0.059573 -0.411956 0.496551 0.053096 -0.422164 0.520580 0.051367 -0.398987 0.523871 0.057724 -0.434924 0.492347 0.047645 -0.444924 0.517395 0.046079 -0.453857 0.542687 0.044751 -0.431237 0.544987 0.049893 -0.408065 0.547295 0.056149 -0.455862 0.489097 0.044541 -0.465587 0.515012 0.043151 -0.473044 0.487557 0.045103 -0.482472 0.514126 0.043874 -0.490931 0.540703 0.042848 -0.474298 0.541043 0.041983 -0.482134 0.567243 0.040995 -0.461854 0.568278 0.043626 -0.498566 0.567344 0.041981 -0.505525 0.594107 0.041233 -0.489232 0.593664 0.040147 -0.469043 0.594223 0.042669 -0.439302 0.569844 0.048646 -0.416056 0.571334 0.054822 -0.446488 0.595221 0.047594 -0.423097 0.596097 0.053719 -0.377075 0.526574 0.063861 -0.366839 0.504808 0.065753 -0.385971 0.548961 0.062259 -0.365799 0.549942 0.068329 -0.357258 0.528495 0.069903 -0.347138 0.507777 0.071799 -0.393692 0.572142 0.060925 -0.400401 0.596289 0.059838 -0.378785 0.596024 0.066053 -0.372846 0.572368 0.067069 -0.354155 0.572111 0.073369 -0.348393 0.550193 0.074466 -0.358635 0.595531 0.072467 -0.340371 0.529441 0.075978 -0.330307 0.509538 0.077871 -0.355100 0.483492 0.067957 -0.377023 0.478444 0.061719 -0.335353 0.487543 0.074024 -0.322022 0.467823 0.076614 -0.341931 0.462644 0.070506 -0.364028 0.456342 0.064191 -0.318418 0.490165 0.080115 -0.304870 0.471364 0.082746 -0.289831 0.453175 0.085801 -0.307266 0.448649 0.079607 -0.273466 0.435636 0.089318 -0.291206 0.430052 0.083041 -0.327406 0.442283 0.073434 -0.349731 0.434661 0.067017 -0.311598 0.422426 0.076773 -0.334161 0.413409 0.070224 
						-0.400485 0.472832 0.055112 -0.387744 0.449434 0.057437 -0.411291 0.442844 0.051621 -0.423726 0.467488 0.049486 -0.373721 0.426369 0.060093 -0.358410 0.403651 0.063105 -0.382541 0.394291 0.056851 -0.397576 0.418437 0.054070 -0.419497 0.411892 0.050351 -0.432886 0.437498 0.048122 -0.404748 0.386467 0.052897 -0.423226 0.381318 0.052676 -0.437683 0.407765 0.050344 -0.450743 0.434323 0.048318 -0.444985 0.463246 0.046192 -0.462498 0.460938 0.046578 -0.244679 0.820949 0.108722 -0.212599 0.819901 0.117113 -0.247921 0.843664 0.108749 -0.216290 0.843411 0.117087 -0.184723 0.842423 0.125104 -0.179928 0.818634 0.125315 -0.251381 0.863234 0.109510 -0.220375 0.863778 0.117755 -0.189691 0.862933 0.125629 -0.160251 0.861319 0.132892 -0.154057 0.841328 0.132580 -0.146999 0.817683 0.133215 -0.275830 0.821246 0.100259 -0.305584 0.822248 0.091969 -0.307767 0.841623 0.092188 -0.278781 0.842555 0.100310 -0.333469 0.825414 0.084099 -0.333780 0.842409 0.084799 -0.335340 0.855926 0.085930 -0.310226 0.857713 0.093112 -0.281786 0.860681 0.101134 -0.091491 0.679016 0.141726 -0.095562 0.653302 0.140125 -0.060723 0.675046 0.146704 -0.063508 0.648923 0.145355 -0.065957 0.624223 0.144472 -0.099435 0.629190 0.138970 -0.030280 0.672203 0.150029 -0.031694 0.645833 0.148862 -0.032879 0.620771 0.148116 -0.033506 0.598717 0.148312 -0.067498 0.602552 0.144640 -0.102464 0.608184 0.138876 -0.051425 0.617521 0.201785 -0.030445 0.615946 0.205442 -0.077710 0.619749 0.197001 -0.079113 0.603733 0.195732 -0.051976 0.600450 0.200682 -0.030433 0.598047 0.204442 -0.107479 0.622514 0.191274 -0.138909 0.625700 0.184786 -0.142821 0.612217 0.182945 -0.110007 0.607715 0.189763 -0.112363 0.594868 0.187490 -0.080386 0.589739 0.193692 -0.146524 0.600617 0.180351 -0.052439 0.585467 0.198800 -0.030368 0.582293 0.202656 
						-0.278977 0.631854 0.149588 -0.255679 0.634319 0.156008 -0.299875 0.626670 0.143619 -0.305754 0.617521 0.141278 -0.286584 0.623035 0.146749 -0.264132 0.625230 0.152926 -0.319067 0.618610 0.137947 -0.322590 0.608388 0.136290 -0.325698 0.599247 0.134066 -0.311471 0.610003 0.138205 -0.327615 0.592760 0.130896 -0.315943 0.604611 0.134239 -0.294056 0.615992 0.143135 -0.272380 0.617880 0.149088 -0.300096 0.610895 0.138698 -0.229292 0.634218 0.163034 -0.237452 0.624405 0.160038 -0.207622 0.621402 0.167680 -0.200547 0.632270 0.170370 -0.245371 0.616332 0.156294 -0.214447 0.612303 0.164245 -0.181025 0.606747 0.172433 -0.175719 0.617059 0.175450 -0.170175 0.629191 0.177719 -0.281203 1.363362 0.138426 -0.239651 1.375367 0.145458 -0.250567 1.392080 0.135048 -0.295509 1.379277 0.127943 -0.197509 1.385066 0.152415 -0.155805 1.392695 0.158971 -0.161700 1.410657 0.148512 -0.205655 1.402446 0.142026 -0.213412 1.416952 0.130825 -0.260861 1.406135 0.123785 -0.167365 1.425566 0.137289 -0.172391 1.435423 0.125696 -0.220225 1.426565 0.119175 -0.269781 1.415488 0.112011 -0.308872 1.392786 0.116586 -0.320258 1.401845 0.104673 -0.294581 0.403093 0.080557 -0.317346 0.392596 0.073841 -0.273961 0.412064 0.086952 -0.255563 0.394695 0.091212 -0.276367 0.384297 0.084677 -0.299284 0.372236 0.077779 -0.255943 0.418790 0.093333 -0.237308 0.402641 0.097703 -0.217607 0.387194 0.102281 -0.236042 0.377956 0.095691 -0.196888 0.372455 0.106923 -0.215426 0.361859 0.100260 -0.256967 0.366055 0.089023 -0.279971 0.352345 0.081948 -0.236395 0.348379 0.093485 -0.259404 0.332937 0.086259 -0.341801 0.381291 0.066496 -0.323881 0.359299 0.070195 -0.348366 0.346852 0.063423 -0.366143 0.370430 0.059986 -0.304639 0.337682 0.074135 -0.284061 0.316451 0.078246 -0.308607 0.300543 0.070998 -0.329193 0.323557 0.067110 
						-0.351854 0.311457 0.062399 -0.370944 0.336262 0.058957 -0.331280 0.286834 0.066068 -0.350319 0.276945 0.065009 -0.370843 0.302872 0.061526 -0.389823 0.328894 0.058292 -0.388570 0.361261 0.055777 -0.407279 0.355035 0.055334 -0.372716 0.701214 0.070313 -0.375964 0.728443 0.070038 -0.396574 0.701608 0.063692 -0.400436 0.729062 0.063268 -0.404341 0.756781 0.062797 -0.379594 0.756076 0.069622 -0.420504 0.701963 0.057209 -0.424723 0.729516 0.056717 -0.444590 0.702147 0.050890 -0.449027 0.729762 0.050379 -0.453164 0.757731 0.049923 -0.428764 0.757349 0.056241 -0.432598 0.785518 0.055787 -0.408330 0.784894 0.062267 -0.456927 0.786094 0.049535 -0.383744 0.784435 0.069029 -0.369712 0.674070 0.070484 -0.366545 0.647198 0.070808 -0.388604 0.647384 0.064553 -0.392712 0.674290 0.064083 -0.362809 0.620789 0.071541 -0.383999 0.621162 0.065212 -0.406261 0.621571 0.058976 -0.411448 0.647763 0.058286 -0.429325 0.621689 0.052814 -0.434885 0.647981 0.052067 -0.416137 0.674636 0.057714 -0.439925 0.674843 0.051439 -0.057107 0.211861 0.119832 -0.072754 0.180781 0.112552 -0.098127 0.192048 0.109240 -0.078802 0.222568 0.117049 -0.088822 0.148152 0.105532 -0.117317 0.160927 0.101910 -0.147845 0.176478 0.097633 -0.126336 0.205711 0.105217 -0.104247 0.235099 0.113455 -0.104170 0.117661 0.100500 -0.135221 0.132432 0.096717 -0.117655 0.092998 0.099181 -0.150685 0.109793 0.095324 -0.184443 0.129699 0.090869 -0.167604 0.150204 0.092313 -0.199982 0.170305 0.087579 -0.179057 0.194176 0.092956 -0.217727 0.151939 0.086111 -0.249338 0.175735 0.081346 -0.231016 0.192058 0.082805 -0.209378 0.213539 0.088181 -0.156274 0.221040 0.100638 -0.132954 0.248383 0.109023 -0.185933 0.237883 0.095863 -0.162188 0.262794 0.104241 -0.060496 0.249255 0.123675 -0.043024 0.237704 0.125646 -0.082749 0.261832 0.120734 
						-0.058079 0.287009 0.127960 -0.041811 0.269237 0.128766 -0.029332 0.256563 0.129880 -0.139649 0.285978 0.111704 -0.110420 0.273691 0.116508 -0.119685 0.306348 0.118451 -0.091108 0.295872 0.123128 -0.067399 0.326597 0.134678 -0.077456 0.313830 0.128920 -0.103662 0.322817 0.124681 -0.044393 0.321380 0.137791 -0.051013 0.308230 0.132636 -0.025319 0.307813 0.135386 -0.022035 0.319672 0.139997 -0.026068 0.293508 0.132489 -0.014861 0.266695 0.132423 -0.021350 0.279639 0.131971 -0.189211 0.278706 0.099594 -0.166576 0.299838 0.107030 -0.214263 0.295867 0.095061 -0.191485 0.315023 0.102457 -0.170740 0.331855 0.109312 -0.146141 0.318421 0.113855 -0.237581 0.314027 0.090623 -0.214663 0.331286 0.097952 -0.193747 0.346413 0.104790 -0.175196 0.358429 0.111483 -0.152470 0.345335 0.115963 -0.128646 0.333392 0.120362 -0.213307 0.256087 0.091251 -0.237236 0.234082 0.083612 -0.262887 0.255581 0.079234 -0.238630 0.275411 0.086788 -0.259367 0.214790 0.078282 -0.278074 0.200310 0.076869 -0.304263 0.225488 0.072665 -0.285332 0.238298 0.073995 -0.309204 0.262381 0.069929 -0.286591 0.277809 0.075035 -0.328236 0.251092 0.068717 -0.262137 0.295613 0.082458 -0.354633 1.131818 0.135725 -0.389862 1.133881 0.126077 -0.397085 1.109329 0.123992 -0.362073 1.107768 0.133557 -0.424277 1.136098 0.116881 -0.458399 1.138535 0.108150 -0.464096 1.112688 0.106529 -0.430920 1.110954 0.114983 -0.437461 1.085300 0.113095 -0.404537 1.084143 0.121826 -0.469394 1.086405 0.104998 -0.369964 1.082830 0.131247 -0.372356 0.452008 0.115945 -0.358868 0.476398 0.120822 -0.358328 0.428269 0.118682 -0.345487 0.452821 0.123458 -0.334763 0.476516 0.127160 -0.347350 0.500666 0.124797 -0.342393 0.404420 0.121897 -0.330033 0.428967 0.126619 -0.324640 0.380855 0.125547 -0.312695 0.405541 0.130257 -0.302895 0.428638 0.133741 
						-0.319829 0.452209 0.130173 -0.312058 0.472862 0.132023 -0.326346 0.497991 0.129278 -0.295568 0.449075 0.135475 -0.337855 0.523740 0.127455 -0.387765 0.428570 0.110581 -0.403164 0.406955 0.104443 -0.387884 0.381750 0.107184 -0.373096 0.404221 0.113343 -0.416624 0.388035 0.097245 -0.426214 0.372681 0.088700 -0.409890 0.345833 0.091363 -0.400784 0.361929 0.099943 -0.383259 0.335832 0.103004 -0.370877 0.356554 0.110320 -0.391907 0.318982 0.094363 -0.372253 0.292120 0.097673 -0.364036 0.309756 0.106400 -0.352141 0.331440 0.113820 -0.356631 0.379850 0.116541 -0.338399 0.355647 0.120136 -0.467774 0.664733 0.098668 -0.473641 0.689257 0.097790 -0.494895 0.680427 0.091465 -0.489060 0.655168 0.092243 -0.479518 0.714090 0.096897 -0.500608 0.705933 0.090703 -0.518418 0.698208 0.083707 -0.512836 0.672080 0.084352 -0.531492 0.691299 0.075349 -0.525988 0.664646 0.075906 -0.507044 0.646155 0.085031 -0.520219 0.638169 0.076505 -0.452921 0.621187 0.046708 -0.475555 0.620574 0.041843 -0.481490 0.647321 0.041128 -0.458723 0.647683 0.045960 -0.495731 0.620358 0.039399 -0.511956 0.621048 0.040560 -0.517926 0.648203 0.039954 -0.501714 0.647344 0.038738 -0.507265 0.674638 0.038153 -0.486948 0.674450 0.040507 -0.523507 0.675607 0.039410 -0.528767 0.703295 0.038918 -0.512465 0.702258 0.037631 -0.492029 0.701951 0.039959 -0.464015 0.674650 0.045320 -0.468918 0.702028 0.044759 -0.121531 0.226578 0.163277 -0.151981 0.240517 0.158468 -0.159265 0.204568 0.152458 -0.127652 0.189056 0.157095 -0.181405 0.256702 0.153493 -0.189997 0.222521 0.147581 -0.198641 0.188920 0.140596 -0.166530 0.169108 0.145359 -0.133589 0.151911 0.149812 -0.209543 0.274712 0.148457 -0.219451 0.242379 0.142604 -0.236135 0.294127 0.143462 -0.247226 0.263606 0.137665 -0.258349 0.233780 0.130839 -0.229416 0.210694 0.135698 
						-0.237847 0.182237 0.127675 -0.205861 0.158761 0.132494 -0.267835 0.206971 0.122897 -0.274013 0.185502 0.113754 -0.243151 0.159587 0.118472 -0.210182 0.134908 0.123232 -0.172474 0.137298 0.137145 -0.138285 0.118603 0.141422 -0.175797 0.112298 0.127794 -0.140687 0.092591 0.131923 -0.116279 0.261018 0.168359 -0.145979 0.273796 0.163411 -0.113125 0.291551 0.171772 -0.141935 0.303531 0.166782 -0.169210 0.317312 0.161745 -0.174337 0.288600 0.158375 -0.113296 0.317352 0.172943 -0.140527 0.328852 0.168072 -0.166438 0.341936 0.163119 -0.191084 0.356453 0.158146 -0.195016 0.332665 0.156711 -0.214521 0.372250 0.153214 -0.219421 0.349366 0.151730 -0.201283 0.305113 0.153320 -0.226746 0.323019 0.148315 -0.260922 0.314525 0.138611 -0.272924 0.285664 0.132902 -0.283923 0.335830 0.133967 -0.296630 0.308436 0.128363 -0.309324 0.281798 0.121786 -0.284934 0.257523 0.126191 -0.305156 0.357966 0.129591 -0.318427 0.331803 0.124092 -0.331675 0.306479 0.117652 -0.343104 0.283716 0.110102 -0.320241 0.257827 0.114095 -0.350915 0.265234 0.101269 -0.327615 0.238432 0.105150 -0.295225 0.232206 0.118365 -0.302074 0.211819 0.109312 -0.250653 0.342001 0.143429 -0.242490 0.367186 0.146854 -0.264146 0.386253 0.142171 -0.272971 0.362072 0.138739 -0.236808 0.389177 0.148383 -0.257823 0.407467 0.143752 -0.277450 0.427355 0.139416 -0.284307 0.406695 0.137770 -0.293663 0.383248 0.134323 -0.481694 0.786411 0.043456 -0.485033 0.815404 0.043208 -0.477840 0.757874 0.043809 -0.501292 0.758058 0.039039 -0.505333 0.786727 0.038697 -0.508886 0.815848 0.038456 -0.473554 0.729758 0.044250 -0.496834 0.729810 0.039464 -0.517398 0.730223 0.037160 -0.522016 0.758561 0.036749 -0.533777 0.731304 0.038473 -0.538512 0.759660 0.038077 -0.526274 0.787301 0.036407 -0.530123 0.816474 0.036144 -0.542950 0.788392 0.037732 
						-0.547067 0.817527 0.037443 -0.487775 0.844888 0.043084 -0.511880 0.845452 0.038329 -0.513868 0.875708 0.038433 -0.489272 0.875054 0.043257 -0.533516 0.846107 0.035970 -0.550842 0.847094 0.037211 -0.554118 0.877171 0.037072 -0.536173 0.876328 0.035952 -0.537813 0.907263 0.036161 -0.514402 0.906785 0.038885 -0.556742 0.907838 0.037058 -0.558558 0.939172 0.037202 -0.538153 0.939036 0.036664 -0.513032 0.938853 0.039799 -0.488877 0.906093 0.043900 -0.485943 0.938196 0.045187 -0.512867 0.977326 0.093452 -0.510707 1.004998 0.094313 -0.535123 1.004165 0.088004 -0.535690 0.975826 0.087517 -0.507833 1.032685 0.095314 -0.504509 1.060251 0.096390 -0.532289 1.060785 0.089266 -0.533941 1.032526 0.088598 -0.556301 1.032450 0.081187 -0.556135 1.003375 0.080898 -0.556024 1.061445 0.081535 -0.573856 1.062314 0.072621 -0.573105 1.032568 0.072505 -0.571953 1.002764 0.072428 -0.555454 0.974340 0.080683 -0.570368 0.973026 0.072400 -0.500997 1.087560 0.097478 -0.497131 1.114576 0.098630 -0.527912 1.116629 0.090755 -0.530311 1.088820 0.089973 -0.492745 1.141262 0.099900 -0.524997 1.144209 0.091647 -0.552833 1.147306 0.082907 -0.554326 1.118855 0.082375 -0.573931 1.150484 0.073195 -0.574261 1.121265 0.072957 -0.555378 1.090241 0.081924 -0.574239 1.091877 0.072769 -0.479824 0.971554 0.047290 -0.509312 0.972081 0.041294 -0.503913 1.006265 0.043179 -0.470425 1.006324 0.050223 -0.536914 0.971775 0.037531 -0.559412 0.971253 0.037540 -0.559627 1.003849 0.037978 -0.534755 1.005194 0.038578 -0.532335 1.039009 0.039624 -0.497510 1.041202 0.045267 -0.559527 1.036729 0.038424 -0.457655 1.042662 0.053997 -0.181406 1.421707 0.096922 -0.133545 1.428527 0.103095 -0.179354 1.433745 0.104048 -0.132052 1.440768 0.109790 -0.086861 1.445837 0.114109 -0.087835 1.433409 0.107760 -0.179354 1.433745 0.104048 
						-0.176368 1.438233 0.114127 -0.129906 1.445313 0.119620 -0.132052 1.440768 0.109790 -0.127083 1.442409 0.131103 -0.083670 1.447467 0.135208 -0.085475 1.450445 0.123754 -0.086861 1.445837 0.114109 -0.042399 1.453571 0.126365 -0.043079 1.448911 0.116835 -0.041519 1.450546 0.137822 -0.043559 1.436343 0.110718 -0.043079 1.448911 0.116835 -0.232134 1.412954 0.089439 -0.284695 1.402127 0.081216 -0.281473 1.413717 0.089343 -0.229471 1.424808 0.097052 -0.338055 1.389086 0.072821 -0.391181 1.373690 0.064825 -0.387398 1.384120 0.073954 -0.334425 1.400234 0.081463 -0.281473 1.413717 0.089343 -0.334425 1.400234 0.081463 -0.328634 1.404407 0.092523 -0.276577 1.418093 0.100069 -0.387398 1.384120 0.073954 -0.380868 1.387895 0.085311 -0.229471 1.424808 0.097052 -0.225540 1.429264 0.107441 -0.443037 1.355797 0.057795 -0.489660 1.336356 0.052308 -0.487376 1.343875 0.061888 -0.439458 1.365136 0.067359 -0.527086 1.316318 0.048942 -0.554423 1.295236 0.046654 -0.558633 1.296555 0.054767 -0.527921 1.320933 0.057755 -0.487376 1.343875 0.061888 -0.527921 1.320933 0.057755 -0.521705 1.321611 0.069123 -0.480368 1.345974 0.073515 -0.558633 1.296555 0.054767 -0.553482 1.295678 0.065862 -0.439458 1.365136 0.067359 -0.432434 1.368242 0.078943 -0.324900 0.591892 0.101282 -0.325456 0.591383 0.107907 -0.324833 0.593812 0.094925 -0.324900 0.591892 0.101282 -0.316039 0.602911 0.097754 -0.316892 0.601193 0.103847 -0.316892 0.601193 0.103847 -0.317620 0.600925 0.110437 -0.325758 0.598562 0.089070 -0.314938 0.607532 0.092631 -0.299677 0.612589 0.097097 -0.301781 0.608162 0.101888 -0.303005 0.606562 0.107863 -0.303789 0.606374 0.114438 -0.303005 0.606562 0.107863 -0.325997 0.590866 0.114563 -0.318346 0.600653 0.117051 -0.318644 0.600814 0.123406 -0.326655 0.590513 0.120858 -0.304572 0.606183 0.121032 
						-0.304672 0.606520 0.127423 -0.303407 0.607914 0.133386 -0.318089 0.601840 0.129221 -0.327564 0.590496 0.126398 -0.049252 0.879213 0.175496 -0.050227 0.879386 0.182092 -0.047603 0.878947 0.169407 -0.050904 0.872536 0.168707 -0.052434 0.872649 0.174802 -0.053284 0.872615 0.181407 -0.044630 0.878536 0.164339 -0.048035 0.872146 0.163638 -0.054923 0.868529 0.162341 -0.057639 0.869254 0.167418 -0.059127 0.869444 0.173504 -0.059969 0.869356 0.180099 -0.051179 0.879517 0.188679 -0.054110 0.872565 0.188008 -0.051179 0.879517 0.188679 -0.054110 0.872565 0.188008 -0.054811 0.872754 0.194206 -0.052017 0.879929 0.194858 -0.060748 0.869246 0.186699 -0.060748 0.869246 0.186699 -0.061352 0.869258 0.192906 -0.061669 0.869537 0.198323 -0.055286 0.873437 0.199601 -0.052650 0.880949 0.200228 -0.373815 0.870078 0.093922 -0.374581 0.869954 0.100483 -0.373013 0.869789 0.087774 -0.380696 0.873343 0.085624 -0.381512 0.873259 0.091767 -0.382351 0.873069 0.098310 -0.372149 0.868670 0.082460 -0.379932 0.873213 0.080292 -0.382358 0.882306 0.079731 -0.383145 0.881451 0.085047 -0.384092 0.880913 0.091152 -0.385113 0.880533 0.097644 -0.375337 0.869832 0.107036 -0.383185 0.872879 0.104841 -0.375337 0.869832 0.107036 -0.383185 0.872879 0.104841 -0.383658 0.872456 0.111039 -0.375638 0.869366 0.113284 -0.386119 0.880155 0.104122 -0.386119 0.880155 0.104122 -0.386864 0.879636 0.110238 -0.387105 0.878836 0.115644 -0.383419 0.871564 0.116586 -0.375040 0.868210 0.118931 -0.128136 0.077848 0.103302 -0.162557 0.096238 0.099391 -0.135525 0.072524 0.111225 -0.170755 0.091990 0.107262 -0.205776 0.114560 0.102768 -0.197190 0.117768 0.094911 -0.135525 0.072524 0.111225 -0.139738 0.077335 0.121312 -0.175196 0.097269 0.117281 -0.170755 0.091990 0.107262 -0.210130 0.120224 0.112765 -0.205776 0.114560 0.102768 
						-0.243737 0.145324 0.108025 -0.239659 0.139357 0.098024 -0.275213 0.171697 0.103323 -0.271475 0.165502 0.093309 -0.230971 0.141592 0.090156 -0.239659 0.139357 0.098024 -0.271475 0.165502 0.093309 -0.262837 0.166866 0.085415 -0.086554 0.080091 0.102144 -0.094987 0.063444 0.106354 -0.056899 0.070985 0.104234 -0.062794 0.053082 0.108541 -0.067043 0.045734 0.116682 -0.101015 0.057041 0.114378 -0.028208 0.065591 0.105471 -0.031238 0.046820 0.109857 -0.033432 0.038795 0.118095 -0.067043 0.045734 0.116682 -0.033432 0.038795 0.118095 -0.034760 0.042105 0.128587 -0.069590 0.049452 0.127049 -0.035192 0.057338 0.139734 -0.070376 0.064750 0.138032 -0.101015 0.057041 0.114378 -0.104559 0.061296 0.124595 -0.105544 0.076621 0.135383 -0.291726 0.192743 0.080982 -0.300296 0.192118 0.088905 -0.326462 0.219078 0.084797 -0.317981 0.219074 0.076841 -0.303755 0.198467 0.098920 -0.300296 0.192118 0.088905 -0.329681 0.225523 0.094809 -0.326462 0.219078 0.084797 -0.353310 0.252755 0.090984 -0.350313 0.246255 0.080975 -0.374961 0.280052 0.087437 -0.372189 0.273522 0.077426 -0.341947 0.245709 0.072976 -0.350313 0.246255 0.080975 -0.372189 0.273522 0.077426 -0.363965 0.272497 0.069373 -0.384381 0.299290 0.066015 -0.392430 0.300753 0.074138 -0.411051 0.327978 0.071130 -0.403210 0.326116 0.062924 -0.394951 0.307303 0.084164 -0.392430 0.300753 0.074138 -0.413295 0.334533 0.081184 -0.411051 0.327978 0.071130 -0.430005 0.361765 0.078519 -0.428066 0.355227 0.068421 -0.445094 0.389026 0.076192 -0.443490 0.382530 0.066031 -0.420468 0.353004 0.060120 -0.428066 0.355227 0.068421 -0.443490 0.382530 0.066031 -0.436171 0.379983 0.057623 -0.450335 0.407084 0.055454 -0.457338 0.409919 0.063980 -0.469744 0.437327 0.062233 -0.463076 0.434243 0.053586 -0.458576 0.416340 0.074222 -0.457338 0.409919 0.063980 
						-0.470606 0.443643 0.072565 -0.469744 0.437327 0.062233 -0.481340 0.470870 0.071173 -0.480843 0.464685 0.060756 -0.490933 0.497956 0.070001 -0.490770 0.491927 0.059513 -0.474507 0.461396 0.051995 -0.480843 0.464685 0.060756 -0.490770 0.491927 0.059513 -0.484743 0.488480 0.050654 -0.493900 0.515433 0.049538 -0.499660 0.518986 0.058471 -0.507662 0.545926 0.057593 -0.502127 0.542315 0.048605 -0.499541 0.524838 0.069002 -0.499660 0.518986 0.058471 -0.507312 0.551583 0.068146 -0.507662 0.545926 0.057593 -0.514394 0.578261 0.067403 -0.514928 0.572814 0.056843 -0.520934 0.604940 0.066744 -0.521606 0.599713 0.056186 -0.509575 0.569188 0.047817 -0.514928 0.572814 0.056843 -0.521606 0.599713 0.056186 -0.516393 0.596112 0.047131 -0.522733 0.623151 0.046508 -0.527847 0.626690 0.055586 -0.533703 0.653794 0.055038 -0.528654 0.650348 0.045942 -0.527081 0.631688 0.066137 -0.527847 0.626690 0.055586 -0.532879 0.658555 0.065581 -0.533703 0.653794 0.055038 -0.538373 0.685591 0.065070 -0.539226 0.681077 0.054539 -0.543607 0.712845 0.064601 -0.544468 0.708589 0.054085 -0.534216 0.677751 0.045429 -0.539226 0.681077 0.054539 -0.544468 0.708589 0.054085 -0.539478 0.705406 0.044963 -0.544501 0.733358 0.044541 -0.549481 0.736381 0.053671 -0.554258 0.764474 0.053296 -0.549275 0.761634 0.044160 -0.548626 0.740367 0.064172 -0.549481 0.736381 0.053671 -0.553411 0.768174 0.063781 -0.554258 0.764474 0.053296 -0.557944 0.796282 0.063428 -0.558793 0.792891 0.052957 -0.562208 0.824708 0.063113 -0.563078 0.821651 0.052652 -0.553792 0.790258 0.043820 -0.558793 0.792891 0.052957 -0.563078 0.821651 0.052652 -0.558042 0.819256 0.043520 -0.562016 0.848652 0.043259 -0.567107 0.850778 0.052379 -0.570839 0.880294 0.052140 -0.565636 0.878494 0.043049 -0.566183 0.853468 0.062836 -0.567107 0.850778 0.052379 
						-0.569843 0.882572 0.062598 -0.570839 0.880294 0.052140 -0.573158 0.912029 0.062398 -0.574235 0.910222 0.051939 -0.576101 0.941849 0.062238 -0.577254 0.940585 0.051778 -0.568823 0.908825 0.042904 -0.574235 0.910222 0.051939 -0.577254 0.940585 0.051778 -0.571499 0.939690 0.042836 -0.573585 0.971136 0.042859 -0.579855 0.971405 0.051660 -0.582066 1.002524 0.051575 -0.575204 1.002972 0.042934 -0.578642 0.972041 0.062116 -0.579855 0.971405 0.051660 -0.580790 1.002467 0.062030 -0.582066 1.002524 0.051575 -0.582550 1.032992 0.061976 -0.583915 1.033784 0.051512 -0.583929 1.063476 0.061949 -0.585427 1.065025 0.051459 -0.576480 1.035009 0.043024 -0.583915 1.033784 0.051512 -0.585427 1.065025 0.051459 -0.577534 1.067056 0.043091 -0.578490 1.098924 0.043098 -0.586631 1.096090 0.051406 -0.587562 1.126852 0.051354 -0.579341 1.130415 0.043042 -0.584935 1.093784 0.061946 -0.586631 1.096090 0.051406 -0.585604 1.123866 0.061972 -0.587562 1.126852 0.051354 -0.585973 1.153673 0.062029 -0.588256 1.157185 0.051304 -0.586078 1.183157 0.062122 -0.588749 1.186965 0.051258 -0.580082 1.161332 0.042920 -0.588256 1.157185 0.051304 -0.588749 1.186965 0.051258 -0.580706 1.191477 0.042729 -0.581207 1.220652 0.042466 -0.589075 1.216065 0.051215 -0.586191 1.244175 0.051574 -0.578820 1.247999 0.042800 -0.585956 1.212268 0.062255 -0.589075 1.216065 0.051215 -0.582532 1.240838 0.062725 -0.586191 1.244175 0.051574 -0.572732 1.268698 0.063828 -0.577050 1.270987 0.052732 -0.570780 1.272662 0.044401 -0.577050 1.270987 0.052732 -0.008586 0.833225 0.159411 -0.006142 0.843587 0.160201 -0.016975 0.834601 0.158679 -0.012075 0.844296 0.159703 -0.009451 0.850169 0.160167 -0.005039 0.851708 0.160623 -0.017590 0.847078 0.159073 -0.024969 0.837794 0.157709 -0.011504 0.853948 0.160021 -0.005685 0.857621 0.160614 
						-0.023116 0.768883 0.154366 -0.019691 0.788432 0.155681 -0.047022 0.772834 0.151860 -0.039681 0.792077 0.153671 -0.031400 0.808616 0.155561 -0.015821 0.805662 0.157037 -0.072510 0.779781 0.147982 -0.060269 0.798610 0.150691 -0.046496 0.813949 0.153532 -0.034667 0.826881 0.155867 -0.023624 0.822749 0.157264 -0.011966 0.820589 0.158318 -0.024373 0.094522 0.106536 -0.049414 0.098928 0.105369 -0.041107 0.132544 0.110124 -0.020144 0.129169 0.111219 -0.075790 0.106567 0.103370 -0.063709 0.138781 0.108250 -0.051324 0.172639 0.114998 -0.032748 0.167463 0.116676 -0.039647 0.204050 0.121830 -0.025103 0.199318 0.123202 -0.015933 0.165092 0.117687 -0.012153 0.197849 0.124107 -0.009215 0.222999 0.128644 -0.018941 0.223739 0.127880 -0.015628 0.237761 0.130104 -0.008227 0.241713 0.131391 -0.029691 0.228920 0.126964 -0.020295 0.246281 0.130475 -0.010298 0.255166 0.132441 -0.040440 1.440058 0.149717 -0.081440 1.437139 0.146983 -0.078967 1.421482 0.158580 -0.039248 1.424153 0.161506 -0.123562 1.432301 0.142757 -0.119628 1.416993 0.154139 -0.115569 1.398486 0.164803 -0.076434 1.402520 0.169498 -0.038034 1.404876 0.172645 -0.004560 0.689598 0.211392 -0.010597 0.688976 0.210740 -0.009756 0.671288 0.210417 -0.004102 0.671755 0.211037 -0.019587 0.688124 0.209380 -0.018516 0.670691 0.209084 -0.017637 0.652796 0.208729 -0.009043 0.653123 0.210045 -0.016985 0.634319 0.208302 -0.008481 0.634357 0.209613 -0.003707 0.653440 0.210640 -0.003388 0.634528 0.210190 -0.003155 0.614893 0.209678 -0.008093 0.614867 0.209110 -0.007785 0.596124 0.208175 -0.002964 0.596012 0.208739 -0.016596 0.615140 0.207791 -0.016322 0.596704 0.206841 -0.016020 0.580454 0.205102 -0.007462 0.579596 0.206450 -0.002766 0.579365 0.207009 -0.014654 0.939381 0.159751 -0.015940 0.956895 0.159591 -0.029127 0.941168 0.158863 
						-0.032142 0.959088 0.158474 -0.035352 0.979089 0.157978 -0.015394 0.973435 0.159858 -0.048870 0.960343 0.157479 -0.043238 0.942867 0.158316 -0.057746 0.977396 0.155955 -0.072199 0.992657 0.153266 -0.052523 0.995273 0.155291 -0.019238 1.007935 0.160625 -0.034282 1.001530 0.158000 -0.012303 1.000596 0.161712 -0.022481 0.991843 0.159848 -0.011128 0.986617 0.161015 -0.005995 0.996578 0.162360 -0.002846 1.003452 0.163190 -0.005846 1.006162 0.162898 -0.003182 1.008749 0.163377 -0.001250 1.008199 0.163625 -0.011455 1.016457 0.161995 -0.009154 1.010991 0.162398 -0.003887 1.015115 0.163332 -0.003258 1.011878 0.163418 -0.000775 1.011776 0.163784 -0.000819 1.014462 0.163808 -0.011648 0.896210 0.159958 -0.022681 0.896629 0.159456 -0.024197 0.909730 0.159372 -0.012382 0.908812 0.159952 -0.032483 0.897592 0.159571 -0.034877 0.911120 0.159365 -0.038518 0.926335 0.158946 -0.026412 0.924646 0.159168 -0.013426 0.923278 0.159877 -0.011834 0.326972 0.166251 -0.009507 0.325334 0.173430 -0.024439 0.328601 0.165149 -0.019954 0.326618 0.172509 -0.015670 0.324221 0.179346 -0.007292 0.323231 0.180098 -0.038587 0.331623 0.163348 -0.032278 0.329171 0.170938 -0.026221 0.326226 0.177982 -0.020701 0.322216 0.183960 -0.011815 0.320998 0.185164 -0.016002 0.316570 0.188356 -0.008614 0.316538 0.189466 -0.005312 0.320269 0.185766 -0.003691 0.316052 0.189944 -0.019146 0.326204 0.145656 -0.038651 0.328481 0.143853 -0.033562 0.331043 0.150589 -0.016551 0.328721 0.152097 -0.058876 0.333198 0.141197 -0.051494 0.335197 0.148280 -0.044861 0.334151 0.155730 -0.028900 0.330580 0.157765 -0.044861 0.334151 0.155730 -0.028900 0.330580 0.157765 -0.014147 0.328539 0.159051 -0.014147 0.328539 0.159051 -0.028967 0.698177 0.151101 -0.058176 0.700990 0.147932 -0.055413 0.726316 0.149132 -0.027503 0.723272 0.152139 
						-0.087868 0.704829 0.143156 -0.084137 0.730648 0.144552 -0.079742 0.756379 0.146049 -0.051981 0.750589 0.150394 -0.025636 0.747002 0.153206 -0.002553 0.310187 0.192143 -0.006293 0.310429 0.191754 -0.005767 0.304923 0.192153 -0.002637 0.303316 0.192678 -0.022345 0.305782 0.188699 -0.012408 0.308717 0.190651 -0.016861 0.294976 0.189565 -0.008957 0.301078 0.191577 -0.004684 0.296077 0.191866 -0.009020 0.287717 0.189952 -0.015970 0.277478 0.187183 -0.029349 0.287327 0.186552 -0.049051 0.275031 0.181986 -0.022819 0.261107 0.183603 -0.037549 0.302358 0.185761 -0.058253 0.301830 0.182024 -0.084686 0.307586 0.177672 -0.082713 0.281598 0.176663 -0.090314 0.215304 0.167817 -0.085311 0.250583 0.173149 -0.059275 0.206500 0.171530 -0.054895 0.241893 0.177032 -0.026854 0.234349 0.179257 -0.029357 0.199970 0.173853 -0.031612 0.160739 0.167097 -0.063405 0.167053 0.164826 -0.066892 0.127587 0.156974 -0.033449 0.120996 0.159090 -0.095559 0.176521 0.161355 -0.100324 0.137981 0.153782 -0.103892 0.103432 0.145118 -0.069347 0.092141 0.148025 -0.034699 0.085082 0.149935 -0.000775 1.016533 0.163837 -0.003828 1.017704 0.163353 -0.004703 1.020395 0.163130 -0.001820 1.019675 0.163556 -0.011436 1.021081 0.161991 -0.009268 1.024305 0.162253 -0.005128 1.025569 0.162648 -0.007366 1.006033 0.216005 -0.013553 1.002429 0.215437 -0.008719 0.994469 0.216233 -0.004276 0.994630 0.216770 -0.017379 0.993524 0.214942 -0.008882 0.986265 0.216270 -0.003630 0.983520 0.216866 
					</float_array>
					<technique_common>
						<accessor count="5876" offset="0" source="#meshId0-positions-array" stride="3">
							<param name="X" type="float" />
							<param name="Y" type="float" />
							<param name="Z" type="float" />
						</accessor>
					</technique_common>
				</source>
				<source id="meshId0-normals" name="meshId0-normals">
					<float_array id="meshId0-normals-array" count="17628"> 
						-0.274760 0.001787 -0.961511 -0.270307 -0.003132 -0.962769 -0.268749 -0.000886 -0.963210 -0.272321 0.003675 -0.962200 -0.260990 -0.008470 -0.965304 -0.259803 -0.005236 -0.965648 -0.259276 -0.001552 -0.965802 -0.266711 0.002300 -0.963774 -0.268274 0.006922 -0.963318 -0.246942 -0.012572 -0.968949 -0.245651 -0.007359 -0.969331 -0.228243 -0.013239 -0.973514 -0.226609 -0.006140 -0.973966 -0.226865 0.000510 -0.973926 -0.245846 -0.001972 -0.969307 -0.247328 0.001476 -0.968931 -0.259337 0.001139 -0.965786 -0.228900 0.004005 -0.973442 -0.231300 0.003978 -0.972874 -0.249045 0.002428 -0.968489 -0.259352 0.002428 -0.965780 -0.264048 0.005100 -0.964496 -0.262169 0.009637 -0.964974 -0.261395 0.005840 -0.965214 -0.252546 0.010409 -0.967529 -0.287898 -0.016619 -0.957517 -0.281136 -0.025518 -0.959329 -0.351758 -0.110490 -0.929547 -0.331901 -0.136615 -0.933369 -0.305157 -0.158925 -0.938947 -0.269491 -0.034892 -0.962371 -0.517804 -0.362200 -0.775042 -0.457686 -0.432229 -0.776982 -0.676237 -0.648149 -0.350151 -0.557452 -0.750166 -0.355665 -0.430389 -0.821225 -0.374639 -0.385087 -0.481883 -0.787081 -0.303514 -0.492345 -0.815767 -0.271227 -0.170175 -0.947352 -0.301429 -0.850871 -0.430302 -0.178894 -0.825125 -0.535878 -0.223566 -0.452230 -0.863427 -0.232637 -0.163513 -0.958720 -0.252667 -0.042303 -0.966628 -0.230798 -0.044140 -0.972000 -0.275694 0.006126 -0.961226 -0.291667 -0.009207 -0.956476 -0.274988 0.010054 -0.961395 -0.294416 -0.003255 -0.955672 -0.383929 -0.069405 -0.920750 -0.368035 -0.087137 -0.925720 -0.273024 0.012875 -0.961921 -0.297257 0.001489 -0.954796 -0.270453 0.014104 -0.962630 -0.300536 0.006086 -0.953751 -0.451890 -0.040092 -0.891172 -0.408459 -0.056261 -0.911041 -0.676679 -0.206670 -0.706678 -0.608469 -0.241193 -0.756037 -0.805069 -0.165565 -0.569606 -0.961701 -0.249313 -0.113905 -0.894232 -0.355679 -0.271737 -0.832535 -0.438514 -0.338512 -0.566137 -0.293486 -0.770296 
						-0.768877 -0.535466 -0.349434 -0.272070 0.007655 -0.962247 -0.265922 0.010541 -0.963937 -0.262319 0.013663 -0.964885 -0.270128 0.011326 -0.962758 -0.257314 0.013230 -0.966237 -0.245963 0.016179 -0.969144 -0.241192 0.018701 -0.970297 -0.252397 0.016284 -0.967487 -0.248641 0.017301 -0.968441 -0.258556 0.015413 -0.965873 -0.237948 0.019069 -0.971091 -0.236222 0.018047 -0.971532 -0.246490 0.016551 -0.969004 -0.255831 0.015263 -0.966601 -0.267101 0.013765 -0.963570 -0.264078 0.014437 -0.964393 0.263811 -0.010642 0.964516 0.267207 -0.009928 0.963588 0.267019 -0.010874 0.963630 0.264058 -0.011027 0.964444 0.271006 -0.011275 0.962512 0.270193 -0.012126 0.962730 0.268722 -0.012797 0.963133 0.265693 -0.011497 0.963989 0.262965 -0.011359 0.964738 0.273191 -0.013202 0.961869 0.272385 -0.013920 0.962088 0.274097 -0.014718 0.961589 0.273550 -0.015420 0.961734 0.272779 -0.016038 0.961943 0.271162 -0.014559 0.962424 0.269549 -0.015433 0.962863 0.266881 -0.013530 0.963635 0.271611 -0.016887 0.962259 0.270095 -0.018467 0.962657 0.267692 -0.016372 0.963365 0.264942 -0.014466 0.964156 0.263999 -0.012225 0.964446 0.261449 -0.011841 0.965145 0.262219 -0.013180 0.964918 0.259790 -0.012557 0.965583 0.177930 0.013803 0.983946 0.201064 0.042474 0.978657 -0.740279 0.107919 0.663582 -0.790450 0.472544 0.389733 0.000205 0.356280 0.934379 0.244599 0.033693 0.969039 -0.999884 0.003587 -0.014829 -0.913067 0.320260 -0.252474 -0.996517 -0.079635 0.024733 -0.963992 0.241136 -0.112126 -0.634975 0.768183 0.081863 -0.526687 0.789959 0.313953 0.138507 0.481125 0.865641 0.225375 0.162332 0.960653 0.010097 0.828389 0.560062 0.265034 0.609340 0.747303 0.269948 0.287118 0.919071 0.268394 0.097480 0.958364 0.264773 0.018421 0.964135 0.272353 0.008601 0.962159 0.263068 -0.012771 0.964693 0.192167 -0.015059 0.981247 
						0.264328 -0.014695 0.964321 0.208462 -0.028673 0.977610 -0.108793 -0.122898 0.986438 -0.313499 -0.073340 0.946752 0.266726 -0.015706 0.963644 0.219743 -0.036426 0.974878 0.269969 -0.015452 0.962745 0.228651 -0.041986 0.972603 0.021381 -0.176875 0.984001 -0.022660 -0.149463 0.988508 -0.500972 -0.370883 0.781967 -0.656712 -0.303668 0.690301 -0.411035 -0.444153 0.796102 -0.666024 -0.585061 0.462726 -0.747663 -0.481129 0.457728 -0.841033 -0.379621 0.385423 -0.880552 -0.198764 0.430257 -0.938119 -0.257011 0.232116 0.262782 -0.012465 0.964775 0.261513 -0.012329 0.965121 0.261750 -0.013742 0.965038 0.263477 -0.014141 0.964562 0.259887 -0.012386 0.965560 0.258128 -0.012684 0.966027 0.257614 -0.013354 0.966156 0.259720 -0.013467 0.965590 0.261011 -0.014280 0.965230 0.263557 -0.014632 0.964533 0.258422 -0.013947 0.965931 0.260364 -0.013888 0.965411 0.263450 -0.014180 0.964569 0.266504 -0.014342 0.963727 0.265715 -0.015043 0.963934 0.269014 -0.014595 0.963026 0.256614 -0.013182 0.966424 0.254748 -0.013079 0.966919 0.251155 -0.013682 0.967850 0.248977 -0.013508 0.968415 0.247842 -0.013775 0.968703 0.253920 -0.013480 0.967131 0.243634 -0.014273 0.969762 0.241153 -0.014027 0.970386 0.233951 -0.014949 0.972134 0.231282 -0.014596 0.972777 0.229618 -0.014499 0.973173 0.239736 -0.014137 0.970735 0.239614 -0.014325 0.970762 0.248000 -0.014111 0.968657 0.229144 -0.014477 0.973285 0.229845 -0.014310 0.973122 0.240755 -0.014265 0.970481 0.249388 -0.014097 0.968301 0.254362 -0.013906 0.967009 0.255966 -0.013863 0.966586 0.259153 -0.013953 0.965736 0.261984 -0.015281 0.964951 0.257025 -0.015877 0.966274 0.253974 -0.014502 0.967102 0.264782 -0.017066 0.964157 0.266709 -0.018888 0.963592 0.261907 -0.019352 0.964899 0.259810 -0.017602 0.965499 0.252833 -0.018029 0.967342 0.249917 -0.016441 0.968128 
						0.255230 -0.019585 0.966682 0.246489 -0.019791 0.968944 0.243733 -0.018392 0.969668 0.240595 -0.016970 0.970477 0.246728 -0.015095 0.968967 0.237226 -0.015742 0.971327 0.265799 0.003215 0.964023 0.266823 0.010253 0.963691 0.257749 0.003991 0.966204 0.258302 -0.001282 0.966063 0.266990 0.026739 0.963328 0.256287 0.019765 0.966399 0.242944 0.019769 0.969839 0.245771 0.002054 0.969326 0.247568 -0.003471 0.968864 0.265437 0.051074 0.962774 0.253339 0.047228 0.966224 0.262360 0.082694 0.961420 0.250826 0.092887 0.963565 0.236945 0.103790 0.965963 0.239420 0.052717 0.969484 0.224096 0.060365 0.972696 0.227667 0.023599 0.973453 0.221543 0.114839 0.968365 0.204042 0.124281 0.971041 0.206394 0.067613 0.976130 0.209548 0.028110 0.977394 0.230985 0.003016 0.972953 0.233438 -0.003891 0.972364 0.212701 0.005059 0.977104 0.215259 -0.003398 0.976551 0.269687 0.010290 0.962893 0.272708 0.021891 0.961848 0.268955 0.019710 0.962951 0.274137 0.038506 0.960919 0.279099 0.067919 0.957857 0.275029 0.043234 0.960463 0.263329 0.031263 0.964199 0.270182 0.058825 0.961010 0.253433 0.045266 0.966293 0.261275 0.082164 0.961761 0.269634 0.127855 0.954437 0.277204 0.096783 0.955924 0.280304 0.144623 0.948954 0.280383 0.108892 0.953692 0.274378 0.180559 0.944519 0.271387 0.234113 0.933563 0.274950 0.196531 0.941158 0.273641 0.156429 0.949026 0.274717 0.075510 0.958556 0.268245 0.117786 0.956123 0.264993 0.000426 0.964250 0.267516 0.004076 0.963545 0.264730 -0.001513 0.964321 0.266401 0.000186 0.963862 0.263444 0.001317 0.964674 0.265371 0.008180 0.964112 0.264780 -0.002924 0.964305 0.265897 -0.002206 0.963999 0.264941 -0.003996 0.964256 0.265596 -0.003578 0.964078 0.261995 -0.004054 0.965061 0.262538 -0.002455 0.964918 0.254748 -0.003859 0.967000 
						0.255993 0.001797 0.966677 0.254048 -0.005680 0.967175 0.242064 -0.008001 0.970227 0.243057 -0.005756 0.969995 0.244753 0.002409 0.969582 0.258629 0.012711 0.965893 0.248037 0.018390 0.968576 0.258588 -0.002330 0.965985 0.248729 -0.004052 0.968565 0.249744 -0.004740 0.968300 0.259045 -0.003243 0.965860 0.235165 -0.004912 0.971943 0.217230 -0.005227 0.976106 0.218920 -0.006894 0.975719 0.236583 -0.005983 0.971593 0.237743 -0.007155 0.971302 0.250640 -0.005549 0.968064 0.220368 -0.008511 0.975380 0.221618 -0.010168 0.975080 0.238690 -0.008484 0.971059 0.251427 -0.006508 0.967854 0.259599 -0.004104 0.965708 0.260182 -0.004969 0.965547 0.168979 0.024048 0.985326 0.177526 0.037426 0.983404 0.177907 0.033462 0.983478 0.168406 0.022603 0.985458 0.189782 0.048313 0.980637 0.190949 0.040811 0.980751 0.192332 0.030906 0.980843 0.179378 0.026258 0.983430 0.169552 0.018007 0.985357 0.207001 0.053769 0.976862 0.208030 0.043318 0.977163 0.228905 0.050728 0.972126 0.229003 0.040140 0.972598 0.228609 0.028987 0.973087 0.208741 0.031687 0.977458 0.208818 0.020554 0.977739 0.193465 0.020412 0.980895 0.227646 0.018576 0.973567 0.226163 0.009193 0.974046 0.208438 0.010534 0.977979 0.194717 0.010551 0.980803 0.180934 0.017415 0.983341 0.171403 0.011599 0.985133 0.183142 0.009040 0.983045 0.172345 0.004464 0.985027 0.203356 -0.010261 0.979051 0.210101 -0.005433 0.977665 0.371715 -0.189727 0.908753 0.382415 -0.260301 0.886568 0.387831 -0.370459 0.844007 0.219679 -0.004792 0.975560 0.668307 -0.527202 0.524809 0.620574 -0.674365 0.400149 0.758433 -0.643968 0.100421 0.651928 -0.757574 0.032742 0.525253 -0.850293 -0.033319 0.528773 -0.812910 0.244084 0.392228 -0.912910 0.112927 0.361859 -0.499913 0.786858 0.383376 -0.920739 -0.072546 0.231759 -0.970086 -0.072254 
						0.234060 -0.970515 0.057586 0.293609 -0.595736 0.747591 0.230866 -0.011394 0.972919 0.240766 -0.024063 0.970285 0.162971 0.010851 0.986571 0.199851 -0.017027 0.979678 0.158469 0.000281 0.987364 0.198889 -0.022512 0.979764 0.382663 -0.128507 0.914907 0.370689 -0.150384 0.916501 0.154675 -0.007168 0.987939 0.200992 -0.025895 0.979251 0.151989 -0.011145 0.988319 0.209118 -0.025803 0.977550 0.487606 -0.094540 0.867930 0.415847 -0.113923 0.902271 0.787515 -0.266042 0.555916 0.728461 -0.328945 0.600949 0.885032 -0.185407 0.427016 0.979944 -0.191889 0.053747 0.936582 -0.323243 0.135384 0.890584 -0.424334 0.163711 0.696281 -0.409420 0.589549 0.836573 -0.527465 0.148073 0.161679 0.010526 0.986787 0.161966 0.007836 0.986765 0.156333 -0.001504 0.987703 0.157085 -0.000016 0.987585 0.162629 0.003581 0.986681 0.161382 -0.000812 0.986892 0.151759 -0.006123 0.988398 0.154845 -0.003636 0.987932 0.150952 -0.009425 0.988496 0.153114 -0.008450 0.988172 0.146955 -0.010705 0.989085 0.145114 -0.013115 0.989328 0.149543 -0.012305 0.988679 0.151975 -0.011861 0.988313 0.154235 -0.007747 0.988004 0.152923 -0.011598 0.988170 -0.230629 -0.151856 -0.961119 -0.221253 -0.197533 -0.955001 -0.239560 -0.175611 -0.954867 -0.249000 -0.134626 -0.959101 -0.206474 -0.201984 -0.957377 -0.223611 -0.176906 -0.958490 -0.230549 -0.149619 -0.961489 -0.247518 -0.152051 -0.956878 -0.256971 -0.116272 -0.959399 -0.186156 -0.156681 -0.969947 -0.200610 -0.128475 -0.971210 -0.152448 -0.011875 -0.988240 -0.160587 0.020351 -0.986812 -0.157003 0.057206 -0.985940 -0.204611 -0.097194 -0.974006 -0.198867 -0.062963 -0.978002 -0.228527 -0.120730 -0.966023 -0.141448 0.099550 -0.984928 -0.111738 0.148927 -0.982515 -0.182578 -0.025377 -0.982864 -0.217462 -0.090463 -0.971868 -0.246726 -0.127713 -0.960633 -0.256356 -0.097695 -0.961633 -0.237491 -0.103121 -0.965901 
						-0.247652 -0.079463 -0.965585 -0.197852 -0.166899 -0.965919 -0.189091 -0.216921 -0.957700 -0.147947 -0.178798 -0.972699 -0.140851 -0.232456 -0.962354 -0.130967 -0.241959 -0.961407 -0.176181 -0.224163 -0.958494 -0.081153 -0.186611 -0.979076 -0.076976 -0.242819 -0.967013 0.000000 -0.189318 -0.981916 0.000000 -0.246530 -0.969135 -0.000000 -0.258155 -0.966103 -0.071411 -0.253859 -0.964601 -0.064466 -0.214153 -0.974671 -0.118306 -0.201074 -0.972406 0.000000 -0.218866 -0.975755 0.000000 -0.081119 -0.996704 -0.054163 -0.075983 -0.995637 -0.098889 -0.061597 -0.993190 -0.159095 -0.181392 -0.970456 -0.131879 -0.039689 -0.990471 -0.234671 -0.089321 -0.967962 -0.202328 -0.098588 -0.974343 -0.235138 -0.041088 -0.971093 -0.203700 -0.045383 -0.977981 -0.154265 -0.049709 -0.986778 -0.152164 -0.106054 -0.982649 -0.233484 -0.008942 -0.972320 -0.203403 -0.010100 -0.979043 -0.202625 0.003778 -0.979249 -0.156619 -0.000669 -0.987659 -0.155462 -0.013358 -0.987751 -0.086794 -0.017537 -0.996072 -0.085601 -0.053447 -0.994895 -0.087965 -0.007214 -0.996098 -0.000000 -0.010283 -0.999947 -0.000000 -0.019385 -0.999812 -0.000000 -0.054890 -0.998492 -0.083923 -0.111131 -0.990256 -0.000000 -0.112896 -0.993607 -0.252591 -0.078441 -0.964388 -0.260447 -0.066517 -0.963194 -0.261026 -0.029346 -0.964885 -0.252788 -0.035920 -0.966855 -0.259932 -0.054345 -0.964096 -0.251550 -0.042834 -0.966896 -0.252786 -0.015520 -0.967398 -0.260905 -0.022013 -0.965113 -0.260612 -0.001546 -0.965442 -0.260022 -0.005851 -0.965585 -0.252676 0.002258 -0.967548 -0.250993 -0.008120 -0.967955 0.258574 -0.022278 0.965734 0.258622 -0.023087 0.965702 0.265140 -0.023462 0.963924 0.265040 -0.022652 0.963971 0.258757 -0.024841 0.965623 0.265294 -0.024759 0.963849 0.269779 -0.025257 0.962591 0.269508 -0.024222 0.962693 0.269329 -0.023274 0.962767 0.258924 -0.027781 0.965498 0.265339 -0.026732 0.963785 0.259127 -0.032289 0.965303 
						0.265081 -0.029858 0.963764 0.270038 -0.027882 0.962446 0.270013 -0.026415 0.962494 0.272280 -0.027175 0.961834 0.271879 -0.026228 0.961974 0.272780 -0.027924 0.961671 0.272270 -0.029719 0.961762 0.271717 -0.028510 0.961955 0.271418 -0.027208 0.962077 0.271576 -0.025142 0.962088 0.271389 -0.023964 0.962171 0.271253 -0.025855 0.962161 0.271147 -0.024462 0.962227 0.249949 -0.022230 0.968004 0.249947 -0.023155 0.967983 0.239143 -0.022615 0.970721 0.239007 -0.023697 0.970729 0.239174 -0.026165 0.970624 0.250126 -0.025355 0.967881 0.226053 -0.023477 0.973832 0.225730 -0.024674 0.973877 0.210499 -0.024699 0.977282 0.209941 -0.025928 0.977370 0.209823 -0.028182 0.977333 0.225810 -0.027143 0.973793 0.226596 -0.030835 0.973500 0.239878 -0.030059 0.970338 0.210442 -0.031384 0.977102 0.212071 -0.035325 0.976616 0.228387 -0.035530 0.972922 0.241389 -0.035260 0.969788 0.250595 -0.028992 0.967658 0.251535 -0.034167 0.967245 0.258636 -0.021846 0.965728 0.250049 -0.021825 0.967987 0.258774 -0.021345 0.965702 0.250207 -0.021306 0.967958 0.239710 -0.021549 0.970605 0.239396 -0.022134 0.970670 0.258881 -0.020755 0.965686 0.250340 -0.020670 0.967937 0.258861 -0.020047 0.965706 0.250372 -0.019896 0.967945 0.240276 -0.020032 0.970498 0.240023 -0.020855 0.970543 0.227701 -0.021494 0.973494 0.227105 -0.022219 0.973617 0.228274 -0.020676 0.973377 0.213959 -0.021780 0.976600 0.213063 -0.022558 0.976778 0.212144 -0.023285 0.976961 0.226538 -0.022875 0.973734 0.211268 -0.023989 0.977134 0.265089 -0.022058 0.963972 0.269320 -0.022400 0.962790 0.269477 -0.021569 0.962765 0.265260 -0.021462 0.963938 0.271327 -0.022787 0.962218 0.271035 -0.023080 0.962293 0.270869 -0.021763 0.962370 0.271376 -0.021669 0.962230 0.271543 -0.020573 0.962206 0.269713 -0.020784 0.962716 0.270618 -0.020393 0.962471 
						0.271775 -0.019317 0.962167 0.269892 -0.019979 0.962683 0.265441 -0.020841 0.963902 0.265502 -0.020161 0.963899 0.258635 -0.019224 0.965784 0.250241 -0.019034 0.967996 0.258393 -0.018303 0.965867 0.250122 -0.018150 0.968044 0.240579 -0.018356 0.970456 0.240415 -0.019167 0.970481 0.258342 -0.017286 0.965899 0.250225 -0.017314 0.968033 0.258704 -0.016235 0.965820 0.250838 -0.016672 0.967886 0.241884 -0.017663 0.970144 0.240935 -0.017761 0.970379 0.229833 -0.019144 0.973042 0.229388 -0.019381 0.973142 0.231009 -0.019628 0.972754 0.215037 -0.021681 0.976365 0.216201 -0.021286 0.976117 0.215550 -0.021096 0.976265 0.228808 -0.019920 0.973268 0.214820 -0.021206 0.976423 0.265325 -0.019367 0.963965 0.269883 -0.019093 0.962704 0.269786 -0.018162 0.962749 0.265069 -0.018421 0.964054 0.272095 -0.018084 0.962100 0.272474 -0.017285 0.962008 0.272751 -0.016483 0.961943 0.269733 -0.017110 0.962783 0.273005 -0.015536 0.961887 0.269877 -0.015901 0.962764 0.264931 -0.017305 0.964112 0.265130 -0.016071 0.964079 0.134758 -0.012691 0.990797 0.131545 -0.015326 0.991192 0.141731 -0.009105 0.989863 0.114742 -0.012527 0.993316 0.106885 -0.015769 0.994146 0.103195 -0.019857 0.994463 0.152848 -0.005771 0.988233 0.162560 -0.003059 0.986694 0.137717 -0.009656 0.990424 0.126448 -0.010408 0.991919 0.071763 -0.014119 0.997322 0.065298 -0.015714 0.997742 0.079437 -0.014344 0.996737 0.000000 -0.016344 0.999866 0.000001 -0.015640 0.999878 -0.000001 -0.017032 0.999855 0.061846 -0.018960 0.997906 0.060435 -0.024722 0.997866 0.000000 -0.020425 0.999791 0.000001 -0.026941 0.999637 0.144866 -0.014401 0.989347 0.149409 -0.013345 0.988685 0.146636 -0.016566 0.989052 0.151484 -0.015375 0.988340 0.154878 -0.015524 0.987812 0.152168 -0.013006 0.988269 0.150498 -0.019213 0.988424 0.156058 -0.017976 0.987584 
						0.156239 -0.021994 0.987474 0.162293 -0.021861 0.986500 0.167080 -0.022359 0.985690 0.160400 -0.018667 0.986876 0.163149 -0.020436 0.986390 0.156508 -0.016632 0.987537 0.170970 -0.023534 0.984995 0.174271 -0.025302 0.984373 0.163623 -0.024003 0.986231 0.154836 -0.018977 0.987758 0.153266 -0.013184 0.988097 0.151679 -0.013614 0.988336 0.130908 -0.017851 0.991234 0.103477 -0.023813 0.994347 0.111385 -0.023325 0.993504 0.134601 -0.020312 0.990692 0.000000 -0.031400 0.999507 0.062129 -0.029169 0.997642 0.000000 -0.026880 0.999639 0.064500 -0.025727 0.997586 0.000000 -0.014981 0.999888 0.065893 -0.015786 0.997702 0.065446 -0.019201 0.997671 0.000000 -0.018855 0.999822 0.117069 -0.017743 0.992965 0.114259 -0.020016 0.993249 0.165880 -0.021615 0.985909 0.163254 -0.022687 0.986323 0.145891 -0.021055 0.989076 0.149421 -0.019854 0.988574 0.160011 -0.023974 0.986824 0.142968 -0.022613 0.989469 0.144185 -0.022517 0.989294 0.157203 -0.024284 0.987268 0.221128 0.178999 0.958677 0.203036 0.190038 0.960553 0.237806 0.165223 0.957157 0.240893 0.223177 0.944544 0.222392 0.240791 0.944755 0.203060 0.253940 0.945664 0.253858 0.148345 0.955798 0.258889 0.196674 0.945672 0.261236 0.241184 0.934658 0.243348 0.273136 0.930687 0.260013 0.280223 0.924050 0.243379 0.315100 0.917321 0.223832 0.295275 0.928823 0.203220 0.311485 0.928267 0.223871 0.340698 0.913130 0.202342 0.360263 0.910642 0.176814 0.131779 0.975383 0.178870 0.073157 0.981149 0.134055 0.137474 0.981392 0.135656 0.077091 0.987752 0.137636 0.033708 0.989909 0.181542 0.031535 0.982877 0.075211 0.141213 0.987118 0.076125 0.079498 0.993924 -0.000000 0.142544 0.989789 -0.000000 0.080299 0.996771 0.000000 0.035189 0.999381 0.077167 0.034865 0.996408 0.078262 0.007411 0.996905 0.139719 0.007274 0.990164 
						0.000000 0.007363 0.999973 -0.000000 -0.004526 0.999990 0.079266 -0.004223 0.996844 0.141569 -0.003612 0.989922 0.184305 0.006606 0.982847 0.186664 -0.003173 0.982419 0.175686 0.199273 0.964067 0.175131 0.265224 0.948149 0.132070 0.275026 0.952323 0.132962 0.206802 0.969306 0.174403 0.325520 0.929312 0.172609 0.377627 0.909727 0.128657 0.393238 0.910391 0.130830 0.338087 0.931977 0.072459 0.347286 0.934956 0.073612 0.282113 0.956553 0.070713 0.404599 0.911756 0.000000 0.408909 0.912575 0.000000 0.350799 0.936451 0.000000 0.284808 0.958585 0.074435 0.212034 0.974423 -0.000000 0.213980 0.976838 0.260118 -0.002161 0.965575 0.252248 -0.003457 0.967656 0.263760 0.043390 0.963612 0.254111 0.040869 0.966311 0.244643 0.039912 0.968791 0.243670 -0.005103 0.969845 0.271138 0.142312 0.951962 0.254828 0.138663 0.956993 0.279807 0.358874 0.890459 0.245852 0.355138 0.901906 0.214497 0.365155 0.905899 0.239925 0.141340 0.960447 0.224707 0.152531 0.962414 0.234972 0.041530 0.971114 0.181343 0.393356 0.901325 0.141103 0.447775 0.882943 0.207275 0.178019 0.961949 0.224449 0.049062 0.973250 0.234025 -0.007309 0.972203 0.223400 -0.007809 0.974695 0.266673 -0.001013 0.963786 0.271189 0.000706 0.962526 0.277216 0.055566 0.959200 0.272141 0.047632 0.961078 0.273503 0.003502 0.961865 0.277894 0.069701 0.958080 0.294366 0.210078 0.932317 0.294341 0.172417 0.940019 0.322164 0.482150 0.814704 0.325321 0.413593 0.850357 0.285750 0.152068 0.946162 0.309387 0.375610 0.873611 -0.201406 0.002550 -0.979505 -0.202177 -0.002830 -0.979345 -0.162218 -0.021307 -0.986525 -0.159587 -0.006558 -0.987162 -0.210853 -0.012098 -0.977443 -0.207251 -0.006682 -0.978265 -0.198272 -0.010742 -0.980088 -0.192956 -0.011093 -0.981145 -0.181511 -0.008120 -0.983355 -0.176900 -0.018299 -0.984059 
						-0.181646 -0.016716 -0.983222 -0.188556 -0.009982 -0.982012 -0.140195 -0.071604 -0.987531 -0.144459 -0.059204 -0.987738 0.000000 -0.145949 -0.989292 -0.000000 -0.118548 -0.992948 -0.083917 -0.099914 -0.991451 -0.076961 -0.126884 -0.988927 -0.000000 -0.066162 -0.997809 -0.091540 -0.053656 -0.994355 -0.090814 -0.019757 -0.995672 -0.000000 -0.025708 -0.999669 -0.704694 -0.677909 0.209394 -0.690009 -0.696394 0.197291 -0.783516 -0.582811 0.215486 -0.791936 -0.566298 0.228348 -0.687263 -0.714217 0.132530 -0.787389 -0.598279 0.148594 -0.857427 -0.494689 0.141779 -0.851111 -0.481726 0.208687 -0.856055 -0.466162 0.223299 -0.694041 -0.719628 -0.021021 -0.798628 -0.601729 -0.010774 -0.868668 -0.495209 -0.013558 -0.919324 -0.393494 0.002397 -0.909638 -0.393770 0.132301 -0.961822 -0.268386 0.053549 -0.953780 -0.268983 0.133986 -0.904302 -0.382141 0.190280 -0.907820 -0.366126 0.204485 -0.950984 -0.257079 0.171870 -0.953891 -0.238696 0.181979 -0.593191 -0.785247 0.177514 -0.570816 -0.804334 0.164971 -0.470136 -0.869841 0.149498 -0.441195 -0.886879 0.137087 -0.424519 -0.902470 0.073012 -0.560181 -0.822146 0.101355 -0.337517 -0.933750 0.119133 -0.303648 -0.946843 0.106236 -0.195523 -0.977351 0.080969 -0.158417 -0.985218 0.065191 -0.137529 -0.990335 -0.017965 -0.283419 -0.958286 0.036910 -0.281749 -0.952157 -0.118385 -0.422837 -0.903337 -0.072045 -0.140797 -0.969514 -0.200545 -0.561655 -0.826135 -0.045214 -0.721467 -0.659981 0.209548 -0.616948 -0.766605 0.178021 -0.721467 -0.659981 0.209548 -0.729589 -0.642280 0.234895 -0.631411 -0.748360 0.203169 -0.616948 -0.766605 0.178021 -0.521277 -0.836421 0.169325 -0.500375 -0.853005 0.148345 -0.500375 -0.853005 0.148345 -0.722295 -0.622348 0.301618 -0.630313 -0.728354 0.268711 -0.583753 -0.690444 0.427222 -0.497054 -0.785744 0.368163 -0.527824 -0.818638 0.226351 -0.415042 -0.893681 0.170514 -0.400261 -0.907387 0.128220 
						-0.403010 -0.870608 0.282179 -0.297193 -0.939410 0.170835 -0.291022 -0.951424 0.100492 -0.268263 -0.960258 0.077070 -0.373286 -0.920597 0.114712 -0.373286 -0.920597 0.114712 -0.235813 -0.969064 0.072845 -0.235813 -0.969064 0.072845 -0.803509 -0.549823 0.228182 -0.865052 -0.449514 0.222759 -0.803509 -0.549823 0.228182 -0.865052 -0.449514 0.222759 -0.870265 -0.431643 0.237324 -0.808112 -0.533117 0.250482 -0.915762 -0.347469 0.201607 -0.960753 -0.215709 0.174425 -0.915762 -0.347469 0.201607 -0.960753 -0.215709 0.174425 -0.970565 -0.185723 0.153333 -0.923836 -0.325497 0.201443 -0.932328 -0.296397 0.207154 -0.868598 -0.410096 0.278134 -0.983573 -0.141993 0.111455 -0.799830 -0.513820 0.310259 0.782534 -0.596182 -0.179465 0.698226 -0.699111 -0.154026 0.680539 -0.718126 -0.145473 0.771813 -0.613720 -0.166289 0.599844 -0.790427 -0.124144 0.575475 -0.808685 -0.121889 0.680539 -0.718126 -0.145473 0.575475 -0.808685 -0.121889 0.554067 -0.824719 -0.113354 0.666266 -0.735210 -0.124724 0.771813 -0.613720 -0.166289 0.764987 -0.629887 -0.134301 0.487550 -0.868822 -0.086272 0.456759 -0.884925 -0.090990 0.361504 -0.931405 -0.042425 0.324377 -0.944465 -0.052584 0.456759 -0.884925 -0.090990 0.324377 -0.944465 -0.052584 0.290427 -0.954915 -0.061551 0.428770 -0.898597 -0.093162 0.403896 -0.910357 -0.090098 0.536341 -0.839016 -0.091596 0.259731 -0.963222 -0.068866 0.656218 -0.750400 -0.079240 0.762250 -0.643988 -0.065227 0.779295 -0.570707 -0.258828 0.699624 -0.671937 -0.242956 0.709839 -0.504212 -0.491833 0.626687 -0.592471 -0.506203 0.540586 -0.688806 -0.483024 0.606796 -0.766043 -0.212075 0.490200 -0.343784 -0.800948 0.400070 -0.392427 -0.828218 0.183955 -0.149525 -0.971495 0.120431 -0.167788 -0.978439 0.078812 -0.219693 -0.972380 0.330981 -0.473854 -0.816035 0.284008 -0.587366 -0.757852 0.454975 -0.788349 -0.414130 0.057400 -0.304583 -0.950755 
						0.042432 -0.410354 -0.910939 0.239177 -0.712967 -0.659145 0.360923 -0.877108 -0.316884 0.502112 -0.849551 -0.161696 0.384801 -0.917499 -0.100613 0.848104 -0.492229 -0.196034 0.841446 -0.470652 -0.265433 0.897888 -0.392817 -0.198723 0.889853 -0.373022 -0.262710 0.830242 -0.332668 -0.447247 0.777580 -0.420321 -0.467653 0.939283 -0.285179 -0.190843 0.930761 -0.264663 -0.252264 0.974768 -0.137633 -0.175741 0.965041 -0.113403 -0.236295 0.906087 -0.081282 -0.415210 0.873207 -0.229740 -0.429802 0.686500 -0.163949 -0.708405 0.639990 -0.244010 -0.728610 0.713114 -0.040466 -0.699879 0.354713 -0.004338 -0.934965 0.342311 -0.074731 -0.936610 0.306388 -0.116955 -0.944694 0.575157 -0.301823 -0.760327 0.251583 -0.140303 -0.957612 0.842839 -0.507289 -0.179667 0.841862 -0.521294 -0.139714 0.842839 -0.507289 -0.179667 0.897212 -0.419604 -0.137635 0.895433 -0.406929 -0.180578 0.895433 -0.406929 -0.180578 0.844427 -0.532954 -0.053882 0.901847 -0.429527 -0.046671 0.945136 -0.322477 -0.052221 0.940294 -0.312830 -0.134105 0.980372 -0.181659 -0.076620 0.976231 -0.170278 -0.134082 0.937979 -0.300163 -0.173487 0.937979 -0.300163 -0.173487 0.974362 -0.155691 -0.162413 0.974362 -0.155691 -0.162413 0.252122 0.070849 0.965098 0.258687 0.118065 0.958719 0.270820 0.115781 0.955642 0.272728 0.176865 0.945695 0.276504 0.238767 0.930879 0.266263 0.170972 0.948616 0.320049 0.188124 0.928535 0.312265 0.270352 0.910714 0.432506 0.321240 0.842463 0.401030 0.439353 0.803831 0.377777 0.536380 0.754705 0.308153 0.345942 0.886209 0.303361 0.415263 0.857630 0.278360 0.299942 0.912442 0.356366 0.617843 0.700909 0.333116 0.683668 0.649332 0.294992 0.474778 0.829195 0.275295 0.355332 0.893281 0.270964 0.227452 0.935331 0.269257 0.281594 0.920981 0.247749 0.033112 0.968258 0.244844 0.009506 0.969516 0.270769 0.026000 0.962293 
						0.270640 0.062024 0.960681 0.243226 -0.003187 0.969964 0.242158 -0.007035 0.970211 0.272021 -0.001919 0.962289 0.271417 0.005242 0.962448 0.342833 0.016102 0.939258 0.336401 0.051149 0.940329 0.347942 0.003216 0.937511 0.519728 0.004857 0.854318 0.506071 0.028835 0.862010 0.487632 0.093014 0.868080 0.329031 0.108479 0.938068 0.463731 0.193090 0.864679 -0.183638 0.982597 0.027950 -0.204197 0.975701 -0.079442 -0.243573 0.968599 -0.049869 -0.229122 0.972669 0.037667 -0.250216 0.891352 -0.377998 -0.274608 0.909964 -0.310735 -0.273800 0.932225 -0.236623 -0.254521 0.966749 -0.024818 -0.244980 0.968617 0.042019 -0.271513 0.626981 -0.730189 -0.280793 0.685246 -0.672007 -0.250687 0.317490 -0.914525 -0.244601 0.360937 -0.899942 -0.230646 0.428927 -0.873398 -0.272967 0.761545 -0.587825 -0.228081 0.844318 -0.484877 -0.233370 0.957512 -0.169436 -0.193148 0.521501 -0.831102 -0.097336 0.607813 -0.788092 -0.103938 0.909068 -0.403474 -0.112775 0.984740 -0.132548 -0.224455 0.974442 -0.009051 -0.218673 0.974989 0.039730 -0.111679 0.993691 -0.010260 -0.107831 0.993809 0.026758 -0.121721 0.992436 0.015994 -0.148772 0.983199 -0.105765 -0.051352 0.998667 0.005234 -0.083588 0.988872 -0.123070 -0.163938 0.874019 -0.457400 -0.211870 0.878586 -0.428016 0.029875 0.999549 -0.003099 -0.005579 0.991409 -0.130679 0.123584 0.992291 -0.009256 0.087508 0.987634 -0.130083 -0.021949 0.886639 -0.461942 -0.102273 0.877692 -0.468185 -0.200897 0.571208 -0.795841 -0.231864 0.572105 -0.786724 -0.156284 0.585892 -0.795177 -0.229779 0.284760 -0.930652 -0.242805 0.277267 -0.929607 -0.249645 0.279740 -0.927051 -0.254357 0.589861 -0.766399 -0.252157 0.292349 -0.922469 -0.166703 0.981142 0.097832 -0.101160 0.989915 0.099169 -0.166703 0.981142 0.097832 -0.109358 0.948928 0.295933 -0.036737 0.943465 0.329429 -0.101160 0.989915 0.099169 
						0.038043 0.938200 0.343995 -0.028461 0.995062 0.095084 -0.028461 0.995062 0.095084 0.007440 0.787061 0.616831 0.076902 0.740767 0.667345 0.139140 0.711603 0.688666 0.199385 0.697808 0.687975 0.117058 0.932579 0.341458 0.262982 0.695542 0.668627 0.202877 0.923983 0.324185 0.053377 0.994786 0.086901 0.053377 0.994786 0.086901 0.145979 0.986379 0.075803 0.145979 0.986379 0.075803 -0.216245 0.972162 0.090219 -0.235645 0.968749 0.077441 -0.216245 0.972162 0.090219 -0.235645 0.968749 0.077441 -0.200613 0.962337 0.183474 -0.169693 0.954557 0.245002 -0.212056 0.975413 0.060012 -0.103212 0.994063 0.034430 -0.212056 0.975413 0.060012 -0.103212 0.994063 0.034430 -0.083113 0.995384 0.047993 -0.186375 0.975449 0.117320 -0.121482 0.961546 0.246315 -0.113725 0.908304 0.402555 -0.032370 0.996271 0.079980 0.071593 0.979777 0.186845 0.015737 0.848934 0.528264 0.045526 0.675741 0.735732 -0.062413 0.846318 0.529008 0.093638 0.538850 0.837181 0.167490 -0.021154 0.985647 0.177381 -0.022135 0.983893 0.175905 -0.022813 0.984143 0.168380 -0.021391 0.985490 0.178028 -0.022262 0.983773 0.188627 -0.022675 0.981787 0.187941 -0.022704 0.981918 0.186168 -0.023421 0.982239 0.168807 -0.022116 0.985401 0.178136 -0.022847 0.983741 0.168902 -0.023244 0.985359 0.177863 -0.023800 0.983767 0.187955 -0.023715 0.981891 0.188548 -0.022977 0.981795 0.200591 -0.022406 0.979419 0.200951 -0.022425 0.979345 0.199765 -0.022955 0.979575 0.200579 -0.022921 0.979409 0.198148 -0.024028 0.979877 0.151605 -0.019483 0.988249 0.119264 -0.017172 0.992714 0.120769 -0.017246 0.992531 0.152956 -0.019749 0.988036 0.066859 -0.014960 0.997650 -0.000000 -0.014045 0.999901 -0.000000 -0.013761 0.999905 0.067536 -0.014787 0.997607 0.068037 -0.015186 0.997567 0.121886 -0.017868 0.992383 0.000000 -0.014052 0.999901 
						0.000000 -0.014863 0.999889 0.068507 -0.016103 0.997521 0.122849 -0.018980 0.992244 0.153815 -0.020520 0.987887 0.154389 -0.021727 0.987771 0.173196 -0.024193 0.984590 0.182661 -0.025075 0.982856 0.177875 -0.026064 0.983708 0.169755 -0.025371 0.985160 0.192149 -0.025525 0.981034 0.201775 -0.023696 0.979145 0.191832 -0.025152 0.981105 0.185021 -0.026433 0.982379 0.178114 -0.025528 0.983679 0.172754 -0.025287 0.984640 0.183315 -0.025229 0.982730 0.166382 -0.025182 0.985740 0.168821 -0.024428 0.985344 0.177381 -0.024829 0.983829 0.168689 -0.025366 0.985343 0.176811 -0.025673 0.983910 0.186275 -0.025361 0.982170 0.187154 -0.024590 0.982023 0.168581 -0.026087 0.985342 0.176256 -0.026362 0.983991 0.168567 -0.026614 0.985331 0.175811 -0.026921 0.984056 0.184699 -0.026698 0.982433 0.185424 -0.026056 0.982313 0.196774 -0.025181 0.980125 0.197763 -0.024467 0.979944 0.195910 -0.025902 0.980280 0.198791 -0.023734 0.979755 0.154896 -0.023009 0.987663 0.123902 -0.020241 0.992088 0.125172 -0.021336 0.991906 0.155464 -0.024048 0.987549 0.069102 -0.017235 0.997461 -0.000000 -0.015912 0.999873 -0.000001 -0.016923 0.999857 0.069900 -0.018292 0.997386 0.070915 -0.019293 0.997296 0.126663 -0.022284 0.991695 -0.000000 -0.017913 0.999840 0.000001 -0.018891 0.999822 0.072148 -0.020241 0.997188 0.128362 -0.023085 0.991459 0.156122 -0.024865 0.987425 0.156888 -0.025472 0.987288 0.262929 -0.012744 0.964731 0.266407 -0.012615 0.963778 0.265385 -0.010512 0.964085 0.269009 -0.009518 0.963091 0.272520 -0.008254 0.962115 0.269847 -0.012241 0.962825 0.266917 -0.007653 0.963689 0.270231 -0.005462 0.962780 0.266915 -0.004725 0.963708 0.269500 -0.001233 0.963000 0.272154 0.002331 0.962251 0.273426 -0.003239 0.961888 0.276020 -0.001232 0.961151 0.275292 -0.007364 0.961333 0.274332 0.005655 0.961619 
						0.275547 0.007495 0.961258 0.277210 -0.000858 0.960809 0.276296 -0.007940 0.961040 0.272600 -0.012080 0.962052 0.273514 -0.013008 0.961780 0.258345 -0.012995 0.965965 0.251693 -0.013386 0.967714 0.254385 -0.011991 0.967029 0.260896 -0.011326 0.965300 0.242861 -0.013647 0.969965 0.231483 -0.013770 0.972741 0.233541 -0.012793 0.972263 0.245371 -0.012436 0.969350 0.247814 -0.010836 0.968747 0.256907 -0.010130 0.966383 0.235597 -0.011504 0.971783 0.237406 -0.010033 0.971359 0.249840 -0.009058 0.968245 0.258771 -0.008126 0.965905 0.263099 -0.009112 0.964726 0.264323 -0.007049 0.964408 -0.258818 0.024458 -0.965616 -0.259269 0.018238 -0.965633 -0.251032 0.019220 -0.967788 -0.250164 0.025157 -0.967877 -0.258443 -0.011101 -0.965963 -0.249162 -0.009665 -0.968414 -0.238200 -0.007795 -0.971185 -0.240489 0.020206 -0.970442 -0.239339 0.025822 -0.970593 -0.255251 -0.080710 -0.963500 -0.241197 -0.077690 -0.967361 -0.243282 -0.246452 -0.938123 -0.214755 -0.239455 -0.946859 -0.195602 -0.230536 -0.953201 -0.228135 -0.073603 -0.970843 -0.213930 -0.069298 -0.974388 -0.224649 -0.005767 -0.974423 -0.179635 -0.221509 -0.958470 -0.163242 -0.213593 -0.963188 -0.196702 -0.065240 -0.978290 -0.207260 -0.003625 -0.978279 -0.227043 0.021291 -0.973652 -0.225787 0.026723 -0.973810 -0.209704 0.022673 -0.977502 -0.208606 0.028111 -0.977596 -0.265785 0.023665 -0.963742 -0.266141 0.017271 -0.963779 -0.270861 0.023137 -0.962340 -0.271690 0.017065 -0.962234 -0.277262 -0.008529 -0.960756 -0.267792 -0.011499 -0.963408 -0.273350 0.023063 -0.961638 -0.274644 0.018222 -0.961373 -0.272809 0.023153 -0.961790 -0.274289 0.020201 -0.961435 -0.282179 0.008197 -0.959327 -0.282833 -0.001106 -0.959169 -0.316407 -0.044010 -0.947602 -0.298375 -0.068649 -0.951977 -0.314333 -0.013125 -0.949222 -0.410823 -0.030523 -0.911204 -0.410257 -0.130899 -0.902527 -0.361056 -0.214139 -0.907625 
						-0.274474 -0.079936 -0.958266 -0.292532 -0.244123 -0.924570 -0.257943 0.021949 -0.965911 -0.265482 0.021712 -0.963871 -0.257287 0.020281 -0.966122 -0.265215 0.020395 -0.963973 -0.270718 0.020488 -0.962441 -0.270757 0.021616 -0.962405 -0.256991 0.019434 -0.966218 -0.265107 0.019694 -0.964018 -0.257175 0.019469 -0.966169 -0.265197 0.019660 -0.963994 -0.271025 0.019864 -0.962367 -0.270835 0.019861 -0.962421 -0.273581 0.019595 -0.961649 -0.273266 0.020468 -0.961721 -0.274167 0.019377 -0.961487 -0.272679 0.017656 -0.961943 -0.272469 0.018899 -0.961979 -0.272413 0.020286 -0.961966 -0.273258 0.021682 -0.961696 -0.272594 0.021728 -0.961884 -0.248642 0.022184 -0.968341 -0.237474 0.022582 -0.971131 -0.236294 0.020426 -0.971467 -0.247589 0.020200 -0.968655 -0.223893 0.023518 -0.974330 -0.206929 0.025187 -0.978032 -0.205993 0.023523 -0.978271 -0.222881 0.021489 -0.974609 -0.222480 0.020936 -0.974712 -0.235924 0.019618 -0.971573 -0.205471 0.023253 -0.978387 -0.204336 0.024837 -0.978586 -0.223734 0.022534 -0.974390 -0.236774 0.020531 -0.971348 -0.247148 0.019299 -0.968786 -0.247564 0.019659 -0.968672 -0.158211 0.026641 -0.987046 -0.152600 0.045387 -0.987245 -0.166276 0.043410 -0.985123 -0.166372 0.028461 -0.985652 -0.132695 0.114860 -0.984479 -0.160212 0.100745 -0.981928 -0.181770 0.084355 -0.979716 -0.180332 0.039878 -0.982797 -0.176184 0.029001 -0.983930 -0.109513 0.277966 -0.954328 -0.163697 0.236469 -0.957750 -0.193897 0.192030 -0.962044 -0.213452 0.160758 -0.963636 -0.200794 0.072284 -0.976963 -0.229137 0.142384 -0.962924 -0.218872 0.066031 -0.973517 -0.196063 0.034896 -0.979970 -0.188456 0.027500 -0.981696 -0.213241 0.033021 -0.976442 -0.148889 0.019182 -0.988668 -0.135802 0.039591 -0.989945 -0.128861 -0.004196 -0.991654 -0.112564 0.012463 -0.993566 -0.062045 0.061803 -0.996158 -0.096140 0.113731 -0.988849 -0.000000 -0.061067 -0.998134 
						-0.000000 -0.057389 -0.998352 -0.075599 -0.030583 -0.996669 -0.082020 -0.041040 -0.995785 0.000000 -0.012251 -0.999925 -0.057366 0.006470 -0.998332 0.000001 0.013859 -0.999904 -0.039673 0.013848 -0.999117 -0.043107 0.021983 -0.998829 0.000001 0.016605 -0.999862 -0.017726 0.013351 -0.999754 -0.025040 0.038081 -0.998961 0.330085 0.139771 -0.933546 0.070127 0.070923 -0.995014 0.088957 0.010208 -0.995983 0.242717 0.392637 -0.887088 0.027753 0.175404 -0.984105 -0.033125 0.267636 -0.962950 0.072753 0.595597 -0.799982 0.168698 -0.027195 0.985292 0.175559 -0.027611 0.984082 0.169033 -0.028041 0.985211 0.175584 -0.028648 0.984047 0.184048 -0.028975 0.982490 0.184196 -0.027587 0.982502 0.169655 -0.029108 0.985074 0.175998 -0.029986 0.983934 0.170640 -0.030347 0.984866 0.176899 -0.031554 0.983723 0.185443 -0.032972 0.982102 0.184414 -0.030805 0.982366 0.195492 -0.031392 0.980203 0.195063 -0.028868 0.980366 0.196776 -0.034430 0.979844 0.195280 -0.027015 0.980375 0.209560 0.028048 0.977393 0.234984 0.024031 0.971702 0.307448 0.346719 0.886150 0.631661 0.591399 0.501251 0.865880 0.283695 0.412030 0.240961 -0.003819 0.970527 0.245761 0.827420 0.504953 0.460225 0.869282 -0.180392 0.327202 0.931928 -0.156364 0.769108 0.577077 -0.274692 0.819295 0.473373 -0.323532 0.993586 0.021357 0.111043 0.638118 -0.027467 0.769448 0.990639 0.078244 -0.111859 0.223373 -0.020455 0.974518 0.200511 0.015495 0.979569 0.203111 0.004436 0.979146 0.209386 0.105345 0.972142 0.221889 0.181474 0.958036 0.211415 -0.003539 0.977390 0.214208 0.067879 0.974427 0.188444 0.228912 0.955033 0.173131 0.325983 0.929387 0.174232 0.515067 0.839255 -0.262440 0.013860 -0.964849 -0.268529 0.013977 -0.963170 -0.254942 0.014261 -0.966851 -0.256026 0.013701 -0.966573 -0.263017 0.013394 -0.964698 -0.268721 0.013821 -0.963119 
						-0.246194 0.015263 -0.969100 -0.236141 0.016636 -0.971576 -0.237400 0.015854 -0.971282 -0.247475 0.014615 -0.968784 -0.249629 0.015030 -0.968225 -0.258253 0.014327 -0.965971 -0.239440 0.016009 -0.970779 -0.241700 0.017082 -0.970201 -0.251880 0.016468 -0.967618 -0.260403 0.016119 -0.965365 -0.265280 0.014214 -0.964067 -0.270786 0.015054 -0.962522 -0.267254 0.016225 -0.963490 -0.302444 0.013190 -0.953076 -0.297558 0.024091 -0.954400 -0.452475 0.102367 -0.885882 -0.509383 0.007302 -0.860509 -0.286070 0.027972 -0.957800 -0.279700 0.027957 -0.959680 -0.295435 0.082805 -0.951767 -0.342542 0.103192 -0.933818 -0.430021 0.322994 -0.843064 -0.810315 0.356942 -0.464739 -0.300348 0.220186 -0.928068 -0.250197 0.501059 -0.828457 -0.448333 0.673512 -0.587689 -0.862327 0.505344 -0.031925 -0.954867 0.007185 -0.296946 -0.996275 0.010090 0.085641 0.222397 -0.010224 0.974903 0.239442 -0.008582 0.970873 0.222921 -0.006306 0.974816 0.240344 -0.005660 0.970671 0.253308 -0.005322 0.967371 0.252207 -0.006751 0.967650 0.224242 0.000920 0.974533 0.242016 -0.000332 0.970272 0.244115 0.006405 0.969725 0.257032 0.002637 0.966399 0.255035 -0.002305 0.966929 0.263009 -0.003909 0.964786 0.261628 -0.005168 0.965155 0.264774 -0.001226 0.964310 0.265734 -0.004925 0.964034 0.265279 -0.005061 0.964158 0.260807 -0.005454 0.965376 0.265096 -0.004726 0.964211 0.194681 -0.010400 0.980811 0.196149 -0.008196 0.980540 0.150211 -0.008164 0.988620 0.154432 -0.001005 0.988003 0.158284 0.014991 0.987280 0.198647 -0.001442 0.980070 -0.000000 -0.003240 0.999995 0.000000 0.012011 0.999928 0.087479 0.008141 0.996133 0.084423 -0.004757 0.996419 0.000000 0.050139 0.998742 0.088010 0.040403 0.995300 -0.000000 0.103683 0.994610 0.079633 0.087278 0.992996 0.082751 0.076079 0.993662 -0.000000 0.091653 0.995791 0.140287 0.045359 0.989071 
						0.141757 0.043227 0.988957 0.176748 0.013815 0.984159 0.171435 0.011527 0.985128 0.188703 0.009789 0.981985 0.204602 0.004258 0.978836 0.192593 -0.009189 0.981236 0.190616 -0.007684 0.981635 0.145266 -0.008223 0.989359 0.147505 -0.008660 0.989023 0.188672 -0.005739 0.982023 0.143339 -0.006632 0.989651 0.080323 -0.007429 0.996741 0.081501 -0.008395 0.996638 -0.000000 -0.007775 0.999970 -0.000000 -0.008460 0.999964 0.082834 -0.007444 0.996536 -0.000000 -0.006903 0.999976 0.236943 -0.045129 0.970475 0.244405 -0.045259 0.968616 0.074915 -0.241339 0.967545 0.051202 -0.207714 0.976849 0.249990 -0.043672 0.967263 0.253049 -0.042239 0.966531 0.107673 -0.354529 0.928825 0.093377 -0.285763 0.953740 -0.255232 -0.733986 0.629382 -0.299587 -0.624817 0.721007 -0.206278 -0.853476 0.478568 -0.349520 -0.530438 0.772315 0.256091 -0.036852 0.965950 0.255840 -0.040493 0.965871 0.268174 -0.047419 0.962203 0.268146 -0.043316 0.962404 0.256597 -0.042866 0.965568 0.268833 -0.050452 0.961864 0.315950 -0.072454 0.946005 0.316285 -0.067452 0.946263 0.316634 -0.061907 0.946526 0.258647 -0.044215 0.964960 0.270462 -0.052665 0.961289 0.261984 -0.044938 0.964025 0.273266 -0.054429 0.960397 0.316528 -0.081483 0.945077 0.315931 -0.077052 0.945648 0.412627 -0.126623 0.902056 0.416006 -0.117591 0.901727 0.408873 -0.135798 0.902431 0.590220 -0.243202 0.769736 0.601221 -0.224966 0.766762 0.610177 -0.207211 0.764688 0.418740 -0.108702 0.901577 0.420646 -0.100011 0.901696 0.617060 -0.190351 0.763546 0.622028 -0.174792 0.763236 0.260902 -0.035594 0.964709 0.260103 -0.039306 0.964780 0.265424 -0.034035 0.963531 0.263098 -0.038544 0.963999 0.255155 -0.043383 0.965926 0.259090 -0.041885 0.964945 0.269382 -0.032028 0.962501 0.264471 -0.039084 0.963601 0.264902 -0.041330 0.963389 0.225890 -0.075954 0.971187 
						0.243018 -0.052773 0.968585 0.193291 -0.059514 0.979335 0.244996 -0.043064 0.968567 0.104700 -0.122187 0.986969 -0.117942 -0.058879 0.991273 0.164572 -0.034166 0.985773 0.238543 -0.037250 0.970417 0.258583 -0.042638 0.965048 0.259477 -0.041933 0.964839 0.256393 -0.032923 0.966012 0.261384 -0.031963 0.964705 0.256094 -0.029674 0.966196 0.261461 -0.029012 0.964778 0.265817 -0.028494 0.963602 0.265692 -0.030987 0.963560 0.255306 -0.027131 0.966480 0.261199 -0.026707 0.964916 0.254082 -0.025276 0.966852 0.260581 -0.024985 0.965129 0.265555 -0.024849 0.963775 0.265795 -0.026476 0.963666 0.269132 -0.026250 0.962746 0.269143 -0.027941 0.962695 0.269055 -0.024716 0.962808 0.269195 -0.029848 0.962623 0.267979 -0.038948 0.962637 0.316540 -0.056404 0.946901 0.315635 -0.051689 0.947472 0.267100 -0.035264 0.963023 0.421703 -0.091885 0.902066 0.625713 -0.160742 0.763312 0.628371 -0.148411 0.763626 0.421828 -0.084813 0.902700 0.421312 -0.079010 0.903467 0.314130 -0.047893 0.948171 0.630324 -0.138132 0.763944 0.631938 -0.130160 0.764011 0.420463 -0.074624 0.904236 0.312225 -0.045085 0.948938 0.265660 -0.032341 0.963524 0.263782 -0.030198 0.964110 0.268822 -0.023285 0.962908 0.265063 -0.023445 0.963946 0.264314 -0.022130 0.964183 0.268380 -0.021929 0.963064 0.259660 -0.023582 0.965412 0.252552 -0.023807 0.967290 0.250809 -0.022434 0.967776 0.258492 -0.022268 0.965757 0.257054 -0.020974 0.966169 0.263307 -0.020832 0.964487 0.248815 -0.021114 0.968321 0.267734 -0.020528 0.963274 0.247299 -0.020290 0.968727 0.244752 -0.018915 0.969401 0.249907 -0.021742 0.968026 0.303731 -0.034742 0.952124 0.302850 -0.032375 0.952488 0.301637 -0.029536 0.952965 0.252453 -0.023159 0.967332 0.254902 -0.024434 0.966658 0.305586 -0.038076 0.951403 0.304555 -0.036637 0.951790 0.422625 -0.061337 0.904227 
						0.424412 -0.058333 0.903588 0.421118 -0.063587 0.904774 0.644931 -0.109247 0.756392 0.649765 -0.105059 0.752840 0.654695 -0.099942 0.749257 0.425816 -0.054467 0.903169 0.426105 -0.049671 0.903309 0.658729 -0.093740 0.746518 0.660796 -0.086345 0.745582 0.242412 -0.017651 0.970013 0.299791 -0.026358 0.953641 0.297297 -0.023020 0.954507 0.240502 -0.016466 0.970509 0.424568 -0.044117 0.904320 0.659956 -0.077855 0.747260 0.655815 -0.068524 0.751806 0.420981 -0.038105 0.906269 0.415427 -0.031797 0.909070 0.294254 -0.019595 0.955526 0.648352 -0.058559 0.759085 0.637685 -0.048188 0.768788 0.408134 -0.025361 0.912570 0.290816 -0.016146 0.956643 0.239147 -0.015311 0.970863 0.238404 -0.014107 0.971064 -0.210043 -0.042905 -0.976750 -0.199498 -0.147118 -0.968791 -0.175739 -0.127748 -0.976113 -0.194130 -0.040362 -0.980145 -0.163227 -0.386146 -0.907881 -0.080875 -0.748631 -0.658035 -0.015828 -0.645649 -0.763470 -0.125272 -0.318062 -0.939757 -0.102288 -0.251833 -0.962350 -0.159187 -0.104974 -0.981652 0.022204 -0.528852 -0.848423 -0.088107 -0.189061 -0.978005 -0.147635 -0.079431 -0.985847 -0.182271 -0.035102 -0.982622 -0.174215 -0.026910 -0.984340 0.258996 -0.964654 -0.048609 0.227859 -0.973675 -0.006129 0.254566 -0.941035 -0.222821 0.136358 -0.979567 -0.147833 0.127237 -0.991806 -0.011479 0.090969 -0.995675 0.018870 0.179149 -0.823789 -0.537845 0.096008 -0.903270 -0.418193 -0.011078 -0.951705 -0.306814 0.005567 -0.996508 -0.083310 -0.011948 -0.999669 0.022780 -0.050187 -0.997745 0.044559 0.185661 -0.982433 -0.018848 0.046567 -0.998897 0.006039 0.185661 -0.982433 -0.018848 0.046567 -0.998897 0.006039 0.007565 -0.999966 -0.003350 0.147592 -0.988593 -0.029993 -0.093743 -0.995030 0.033581 -0.093743 -0.995030 0.033581 -0.130592 -0.990995 0.029570 -0.159840 -0.986492 0.035836 -0.025640 -0.999636 -0.008390 -0.179273 -0.981540 0.066633 
						-0.053112 -0.998581 -0.003776 0.113810 -0.992716 -0.039525 0.083460 -0.995449 -0.046005 0.220186 0.973375 0.063712 0.200327 0.979648 -0.012643 0.269617 0.916318 0.296089 0.220186 0.973375 0.063712 0.296840 0.918581 0.260950 0.254047 0.965759 0.052628 0.254047 0.965759 0.052628 0.237282 0.971353 -0.013060 0.313812 0.705976 0.634917 0.335177 0.736682 0.587330 0.320945 0.789621 0.522966 0.282395 0.933476 0.221078 0.230001 0.871789 0.432531 0.191424 0.965206 0.178142 0.246368 0.968196 0.043590 0.233002 0.972419 -0.010532 0.246368 0.968196 0.043590 0.164932 0.985476 0.040417 0.164932 0.985476 0.040417 0.156084 0.987744 -0.000532 0.166478 0.978434 -0.122280 0.207507 0.972265 -0.107899 0.100847 0.913004 -0.395290 0.053155 0.897150 -0.438516 0.207669 0.974212 -0.088237 0.134338 0.989192 -0.058763 0.055085 0.967667 -0.246142 0.114102 0.935955 -0.333119 -0.058566 0.730374 -0.680532 -0.075375 0.660696 -0.746860 -0.099783 0.824322 -0.557259 -0.208242 0.395116 -0.894717 -0.206824 0.335583 -0.919025 -0.110226 0.613699 -0.781808 -0.215732 0.301848 -0.928627 -0.279237 0.954747 0.102392 -0.248871 0.950288 0.187125 -0.281653 0.938249 0.200901 -0.319723 0.943142 0.090886 -0.152651 0.873854 0.461602 -0.162131 0.829345 0.534697 -0.176944 0.791075 0.585570 -0.310758 0.924543 0.220567 -0.353965 0.930545 0.093780 0.024687 0.584702 0.810873 0.029473 0.489089 0.871736 0.155559 0.227398 0.961297 0.148115 0.160812 0.975808 0.134058 0.129015 0.982539 0.019360 0.432297 0.901523 0.005001 0.411454 0.911417 -0.197270 0.767372 0.610102 0.123675 0.123011 0.984669 0.123393 0.125277 0.984418 -0.006610 0.406382 0.913679 -0.223922 0.753659 0.617946 -0.341035 0.909672 0.237050 -0.387710 0.915960 0.103435 -0.377662 0.892989 0.244829 -0.426267 0.897903 0.109845 -0.351296 0.936021 -0.021344 
						-0.307956 0.951350 -0.009828 -0.388354 0.921310 -0.019233 -0.351296 0.936021 -0.021344 -0.388354 0.921310 -0.019233 -0.430346 0.825076 -0.366131 -0.392127 0.841552 -0.371520 -0.307956 0.951350 -0.009828 -0.349196 0.863311 -0.364358 -0.424079 0.905575 -0.009523 -0.462989 0.886362 -0.001716 -0.424079 0.905575 -0.009523 -0.462989 0.886362 -0.001716 -0.506212 0.793651 -0.337442 -0.467529 0.810842 -0.352067 -0.428502 0.543510 -0.721792 -0.395841 0.553753 -0.732576 -0.461790 0.532551 -0.709323 -0.363256 0.273352 -0.890687 -0.340592 0.283206 -0.896544 -0.317481 0.293308 -0.901763 -0.363180 0.568114 -0.738476 -0.328264 0.588605 -0.738774 -0.293830 0.305675 -0.905664 -0.268508 0.320423 -0.908423 -0.420224 0.873509 0.245752 -0.469155 0.876175 0.110503 -0.258134 0.742592 0.618000 -0.297952 0.732653 0.611919 -0.464659 0.851611 0.242592 -0.513018 0.851502 0.108429 -0.020788 0.405762 0.913742 0.125626 0.129568 0.983580 0.123593 0.136174 0.982945 -0.041336 0.408915 0.911636 -0.067686 0.412971 0.908225 -0.342281 0.721309 0.602127 0.117539 0.143299 0.982675 0.108067 0.149293 0.982870 -0.098591 0.415143 0.904398 -0.389471 0.706341 0.591096 -0.510214 0.826590 0.237552 -0.557230 0.823602 0.105707 -0.556015 0.797923 0.232736 -0.601115 0.792315 0.104393 -0.505024 0.863104 0.001707 -0.547638 0.836713 0.002153 -0.505024 0.863104 0.001707 -0.547638 0.836713 0.002153 -0.584219 0.748787 -0.313060 -0.545817 0.772574 -0.324364 -0.590303 0.807179 0.001940 -0.632465 0.774581 0.003456 -0.590303 0.807179 0.001940 -0.632465 0.774581 0.003456 -0.657896 0.694957 -0.290187 -0.621525 0.722767 -0.302183 -0.554474 0.497236 -0.667319 -0.525375 0.508650 -0.682098 -0.582443 0.486386 -0.651298 -0.436008 0.255702 -0.862852 -0.420052 0.255068 -0.870917 -0.403078 0.258045 -0.878032 -0.494638 0.520512 -0.695989 -0.384375 0.264323 -0.884528 
						0.269638 0.013470 0.962868 0.270695 0.017049 0.962514 0.267974 0.008827 0.963386 0.259981 0.016007 0.965481 0.261256 0.022419 0.965009 0.262081 0.028263 0.964632 0.266411 0.003550 0.963853 0.258657 0.009355 0.965924 0.245817 0.014627 0.969206 0.247152 0.023262 0.968698 0.248167 0.032121 0.968184 0.248620 0.040595 0.967750 0.253574 -0.042685 0.966374 0.252017 -0.041453 0.966835 0.156131 -0.556060 0.816346 0.123960 -0.454923 0.881861 0.248235 -0.035755 0.968040 0.214898 -0.615900 0.757948 0.086647 -0.993273 0.076818 -0.037039 -0.987109 0.155703 -0.135218 -0.945233 0.297071 0.198460 -0.978424 -0.057447 0.213789 -0.976786 0.013572 0.207744 -0.978026 0.017527 0.192747 -0.979499 -0.058568 0.253794 -0.936193 0.243170 0.246006 -0.932751 0.263546 0.240240 -0.927742 0.285623 0.203436 -0.978805 0.023532 0.188513 -0.980335 -0.058355 0.287084 -0.751021 0.594601 0.272806 -0.731092 0.625365 0.273450 -0.432791 0.859021 0.253705 -0.409301 0.876417 0.238084 -0.388243 0.890272 0.261035 -0.710767 0.653201 0.250798 -0.691350 0.677595 0.235497 -0.920896 0.310631 0.225617 -0.371188 0.900731 0.215770 -0.358961 0.908069 0.241222 -0.674968 0.697302 0.230010 -0.913312 0.336091 0.200137 -0.979186 0.033763 0.184881 -0.981158 -0.056111 0.196301 -0.979393 0.047495 0.180863 -0.982153 -0.051617 0.196848 -0.978910 -0.054651 0.211871 -0.977240 0.010606 0.176401 -0.983033 -0.050278 0.190271 -0.981695 0.008534 0.230968 -0.951789 0.201871 0.252938 -0.941446 0.222941 0.127101 -0.990912 -0.044038 0.139109 -0.990249 0.007427 0.020003 -0.999306 -0.031434 0.028543 -0.999538 0.010412 0.062341 -0.986661 0.150376 0.177893 -0.967793 0.178132 0.235660 -0.845821 0.478593 0.279744 -0.804163 0.524467 0.128791 -0.901100 0.414042 0.212098 -0.634664 0.743112 0.273643 -0.550229 0.788903 0.291456 -0.496845 0.817434 
						0.293591 -0.773647 0.561492 0.289320 -0.460000 0.839461 0.170094 -0.969600 -0.175910 0.167437 -0.970997 -0.170676 0.170094 -0.969600 -0.175910 0.069901 -0.850830 -0.520770 0.062422 -0.857436 -0.510791 0.167437 -0.970997 -0.170676 0.040356 -0.866202 -0.498063 0.146122 -0.975621 -0.163741 0.146122 -0.975621 -0.163741 -0.073615 -0.518293 -0.852029 -0.086999 -0.530007 -0.843519 -0.106113 -0.543729 -0.832525 -0.138062 -0.557917 -0.818332 -0.005827 -0.876430 -0.481493 -0.198559 -0.569461 -0.797677 -0.101704 -0.883848 -0.456583 0.096010 -0.983303 -0.154590 0.096010 -0.983303 -0.154590 -0.011833 -0.990288 -0.138526 -0.011833 -0.990288 -0.138526 0.166341 -0.969617 -0.179368 0.165518 -0.970194 -0.176994 0.166341 -0.969617 -0.179368 0.165518 -0.970194 -0.176994 0.082570 -0.828852 -0.553341 0.073530 -0.844058 -0.531186 0.175968 -0.980969 -0.082072 0.172432 -0.975632 -0.135679 0.175968 -0.980969 -0.082072 0.147194 -0.969326 -0.196826 0.125191 -0.931524 -0.341454 0.172432 -0.975632 -0.135679 -0.000000 -0.910765 -0.412926 -0.000000 -0.830808 -0.556560 0.068772 -0.864483 -0.497935 0.080740 -0.930662 -0.356861 -0.000000 -0.673172 -0.739486 0.044185 -0.727384 -0.684807 -0.000000 -0.176721 -0.984261 -0.051260 -0.184906 -0.981418 -0.008292 -0.457118 -0.889368 -0.000000 -0.421116 -0.907007 -0.101272 -0.198580 -0.974838 -0.031220 -0.501327 -0.864695 -0.056496 -0.511476 -0.857438 -0.139619 -0.206872 -0.968355 -0.228165 -0.062005 -0.971646 -0.232834 -0.032542 -0.971972 -0.190504 -0.045509 -0.980631 -0.196454 -0.023319 -0.980236 -0.198956 -0.006517 -0.979987 -0.234582 -0.010589 -0.972039 -0.117490 -0.030920 -0.992593 -0.124903 -0.015705 -0.992045 0.048408 -0.020560 -0.998616 0.039822 -0.011834 -0.999137 0.038084 -0.004276 -0.999265 -0.127627 -0.003552 -0.991816 -0.126106 0.006258 -0.991997 -0.198737 0.005784 -0.980036 0.043266 0.002383 -0.999061 0.056001 0.008482 -0.998395 
						-0.120018 0.014559 -0.992665 -0.195534 0.014966 -0.980583 -0.234831 0.004341 -0.972027 -0.233013 0.013394 -0.972381 -0.216984 -0.078890 -0.972982 -0.194839 -0.059955 -0.979001 -0.153231 -0.030139 -0.987731 -0.177705 -0.055447 -0.982521 -0.154061 0.013667 -0.987967 -0.067057 0.202022 -0.977083 -0.000915 0.252742 -0.967533 -0.106286 0.051945 -0.992978 -0.027532 0.087341 -0.995798 -0.072728 0.002174 -0.997349 0.088117 0.288325 -0.953470 0.209899 0.319957 -0.923888 0.149321 0.158596 -0.975987 0.107781 0.048600 -0.992986 -0.101774 -0.032997 -0.994260 0.070050 -0.010738 -0.997486 0.173881 -0.983794 -0.043754 0.174134 -0.982829 -0.061021 0.155333 -0.987342 -0.032047 0.158716 -0.986422 -0.042201 0.174134 -0.982829 -0.061021 0.158716 -0.986422 -0.042201 0.154170 -0.984270 -0.086278 0.155827 -0.977748 -0.140452 0.000008 -0.999963 -0.008602 -0.000000 -0.998726 -0.050467 0.098515 -0.994433 -0.037399 0.094284 -0.995377 -0.018299 -0.000000 -0.998726 -0.050467 0.000000 -0.983836 -0.179073 0.094521 -0.985745 -0.139182 0.098515 -0.994433 -0.037399 0.091743 -0.958273 -0.270732 -0.000000 -0.948253 -0.317517 0.188133 -0.979912 0.066174 0.218631 -0.905286 0.364221 0.187433 -0.899685 0.394254 0.164543 -0.982346 0.089001 0.226323 -0.659779 0.716568 0.202460 -0.348707 0.915103 0.171523 -0.340542 0.924452 0.191395 -0.647738 0.737430 0.106290 -0.637120 0.763400 0.103598 -0.897684 0.428289 0.097315 -0.332233 0.938164 -0.000000 -0.323376 0.946271 0.000003 -0.626265 0.779611 0.000012 -0.894052 0.447963 0.093523 -0.988994 0.114646 0.000017 -0.991832 0.127552 -0.830728 0.556311 0.020223 -0.768597 0.637436 0.054157 -0.741596 0.651286 0.160816 -0.811996 0.571673 0.117700 -0.706514 0.702908 0.082206 -0.671275 0.714289 0.197942 -0.516528 0.656256 0.550025 -0.600927 0.613822 0.511966 -0.690401 0.553781 0.465481 -0.649652 0.753770 0.098908 
						-0.608053 0.762198 0.222092 -0.445097 0.685686 0.575954 -0.135965 0.412986 0.900531 -0.185223 0.405542 0.895114 0.095310 0.152281 0.983731 0.077786 0.151561 0.985382 -0.246272 0.390498 0.887052 -0.316475 0.364566 0.875749 0.055830 0.146289 0.987665 0.030250 0.135703 0.990288 -0.841413 0.537209 -0.058576 -0.785512 0.618117 -0.030022 -0.841413 0.537209 -0.058576 -0.821419 0.475874 -0.314348 -0.780252 0.551931 -0.294244 -0.785512 0.618117 -0.030022 -0.737464 0.613376 -0.282696 -0.729713 0.683699 -0.008638 -0.729713 0.683699 -0.008638 -0.690918 0.342621 -0.636587 -0.666793 0.398178 -0.629953 -0.497988 0.195408 -0.844881 -0.484730 0.224505 -0.845360 -0.468846 0.244007 -0.848908 -0.639288 0.440684 -0.630165 -0.610500 0.469841 -0.637604 -0.695931 0.660545 -0.281708 -0.452078 0.254135 -0.855009 -0.677922 0.735131 0.002151 -0.677922 0.735131 0.002151 -0.883918 0.467627 -0.003644 -0.890481 0.447610 -0.081781 -0.929767 0.368041 -0.008944 -0.934288 0.345499 -0.087958 -0.890481 0.447610 -0.081781 -0.934288 0.345499 -0.087958 -0.895370 0.291829 -0.336375 -0.858244 0.390475 -0.333085 -0.972795 0.231661 0.001875 -0.975303 0.206621 -0.078049 -0.999755 0.000858 0.022124 -0.997835 -0.024468 -0.061039 -0.975303 0.206621 -0.078049 -0.997835 -0.024468 -0.061039 -0.944882 -0.059814 -0.321901 -0.931554 0.159296 -0.326852 -0.741790 0.082613 -0.665524 -0.732056 0.194038 -0.653026 -0.715059 -0.077318 -0.694775 -0.485807 0.039770 -0.873161 -0.506893 0.104326 -0.855673 -0.711622 0.275632 -0.646236 -0.506492 0.155341 -0.848136 -0.871306 0.483520 0.083871 -0.774058 0.479092 0.413892 -0.848476 0.386830 0.361180 -0.920527 0.384683 0.068182 -0.396677 0.327857 0.857413 0.001109 0.119001 0.992894 -0.030343 0.092388 0.995261 -0.489902 0.275180 0.827207 -0.630302 0.181560 0.754821 -0.918650 0.254706 0.302005 -0.052563 0.042978 0.997692 
						-0.807078 -0.038680 0.589177 -0.974857 0.019084 0.222011 -0.965858 0.250581 0.065790 -0.997590 0.022444 0.065652 -0.262341 0.042497 -0.964039 -0.261797 0.038612 -0.964350 -0.240671 0.031985 -0.970080 -0.242794 0.034639 -0.969459 -0.260294 0.034920 -0.964898 -0.238058 0.029424 -0.970805 -0.178627 0.012183 -0.983841 -0.183178 0.012672 -0.982998 -0.187822 0.013150 -0.982115 -0.258215 0.031702 -0.965567 -0.235239 0.027092 -0.971560 -0.255996 0.029127 -0.966239 -0.232523 0.025066 -0.972268 -0.170726 0.011126 -0.985256 -0.174397 0.011678 -0.984606 -0.044131 -0.022388 -0.998775 -0.051076 -0.025034 -0.998381 -0.038561 -0.020261 -0.999051 0.256762 -0.089977 -0.962277 0.248374 -0.097574 -0.963737 0.237134 -0.106638 -0.965606 -0.059214 -0.028014 -0.997852 -0.068349 -0.031127 -0.997176 0.223028 -0.116699 -0.967802 0.206074 -0.127192 -0.970235 -0.273807 0.048554 -0.960558 -0.274652 0.043089 -0.960578 -0.304716 0.067313 -0.950062 -0.306896 0.057227 -0.950021 -0.304833 0.045672 -0.951310 -0.273672 0.037647 -0.961086 -0.368506 0.108092 -0.923320 -0.372418 0.087747 -0.923908 -0.368681 0.062220 -0.927471 -0.352718 0.034352 -0.935099 -0.298234 0.035177 -0.953844 -0.325257 0.014651 -0.945512 -0.288522 0.027475 -0.957079 -0.271126 0.032871 -0.961982 -0.267615 0.029213 -0.963083 -0.262051 0.045541 -0.963979 -0.271701 0.052446 -0.960952 -0.261625 0.047006 -0.964024 -0.269390 0.053606 -0.961538 -0.295431 0.076620 -0.952287 -0.300324 0.074101 -0.950955 -0.261789 0.047311 -0.963965 -0.267854 0.052599 -0.962023 -0.263123 0.046981 -0.963618 -0.267871 0.050134 -0.962150 -0.288828 0.071712 -0.954692 -0.291270 0.075536 -0.953654 -0.343376 0.130244 -0.930123 -0.352005 0.128861 -0.927085 -0.336226 0.126766 -0.933211 -0.360879 0.121685 -0.924640 -0.244457 0.036935 -0.968956 -0.192491 0.013654 -0.981204 -0.197314 0.014239 -0.980237 -0.246062 0.038567 -0.968487 
						-0.078319 -0.033924 -0.996351 0.186466 -0.137295 -0.972821 0.164923 -0.146507 -0.975365 -0.088930 -0.036077 -0.995384 -0.100106 -0.037438 -0.994272 -0.202535 0.015116 -0.979158 0.142142 -0.154731 -0.977678 0.118721 -0.161901 -0.979639 -0.111769 -0.037855 -0.993013 -0.208347 0.016533 -0.977915 -0.248091 0.039830 -0.967918 -0.250936 0.041087 -0.967131 -0.249084 0.029094 -0.968045 -0.257856 0.028776 -0.965755 -0.239265 0.030404 -0.970478 -0.242967 0.060497 -0.968146 -0.251021 0.059195 -0.966170 -0.257710 0.059616 -0.964381 -0.227587 0.032123 -0.973228 -0.232930 0.062897 -0.970457 -0.240342 0.132411 -0.961615 -0.247231 0.126956 -0.960603 -0.251267 0.125267 -0.959778 -0.252632 0.127686 -0.959100 -0.265361 0.029075 -0.963711 -0.263579 0.061587 -0.962670 -0.269616 0.065684 -0.960725 -0.271361 0.029695 -0.962020 -0.253372 0.134354 -0.957994 -0.256556 0.148223 -0.955096 -0.266317 0.173214 -0.948194 -0.277949 0.072184 -0.957880 -0.276054 0.029251 -0.960697 -0.182286 0.025282 -0.982920 -0.181506 0.030885 -0.982905 -0.179873 -0.000653 -0.983690 -0.136260 0.003584 -0.990667 -0.138685 0.029245 -0.989905 -0.138249 0.035003 -0.989779 -0.170139 -0.061098 -0.983524 -0.127438 -0.055808 -0.990275 -0.069063 -0.049120 -0.996402 -0.075760 0.008107 -0.997093 -0.000000 -0.045607 -0.998959 -0.000000 0.010226 -0.999948 -0.077813 0.033039 -0.996420 -0.077690 0.038759 -0.996224 -0.000000 0.034671 -0.999399 -0.000000 0.040324 -0.999187 0.172853 -0.043265 0.983997 0.179307 -0.045171 0.982756 0.178418 -0.082978 0.980450 0.185496 -0.086551 0.978826 0.195356 -0.091518 0.976453 0.188296 -0.047705 0.980953 0.190822 -0.168209 0.967105 0.199050 -0.175018 0.964234 0.210235 -0.184606 0.960063 0.224788 -0.196632 0.954362 0.208383 -0.097663 0.973159 0.243753 -0.209888 0.946853 0.225658 -0.103972 0.968642 0.200245 -0.050695 0.978433 0.216280 -0.053314 0.974875 
						0.259124 -0.057993 0.964101 0.261492 -0.056235 0.963566 0.257515 -0.140218 0.956047 0.244334 -0.153524 0.957461 0.222958 -0.151131 0.963042 0.263175 -0.051584 0.963368 0.250169 -0.317452 0.914680 0.188417 -0.381094 0.905133 0.034532 -0.752188 0.658043 -0.330533 -0.774098 0.539926 0.069014 -0.408299 0.910236 0.018370 -0.280326 0.959729 0.212811 -0.116564 0.970115 -0.455165 -0.431679 0.778767 0.264394 -0.045797 0.963327 0.254060 -0.057860 0.965456 0.245326 -0.056922 0.967768 0.254174 -0.117833 0.959954 0.259795 -0.127244 0.957244 0.232887 -0.055258 0.970933 0.242763 -0.110265 0.963799 0.261382 -0.224683 0.938721 0.270713 -0.244299 0.931146 0.269894 -0.272331 0.923576 0.259512 0.327650 0.908460 0.264981 0.401722 0.876587 0.248118 0.438367 0.863871 0.243637 0.363461 0.899187 0.280373 0.523602 0.804507 0.305607 0.735589 0.604577 0.274057 0.774468 0.570169 0.259450 0.561979 0.785408 0.234476 0.591490 0.771466 0.226888 0.466883 0.854717 0.241181 0.802512 0.545717 0.208107 0.822615 0.529146 0.206352 0.614635 0.761343 0.202121 0.489926 0.848009 0.223931 0.390824 0.892811 0.201254 0.412697 0.888357 -0.264857 0.048462 -0.963069 -0.268509 0.049532 -0.962003 -0.265505 0.053492 -0.962624 -0.268008 0.053269 -0.961943 -0.284205 0.072026 -0.956054 -0.287103 0.069420 -0.955381 -0.264218 0.061206 -0.962519 -0.265420 0.060408 -0.962239 -0.260342 0.070667 -0.962927 -0.260008 0.069924 -0.963072 -0.271135 0.088086 -0.958502 -0.279148 0.078597 -0.957026 -0.312263 0.131612 -0.940835 -0.321986 0.125594 -0.938377 -0.299689 0.140855 -0.943582 -0.329665 0.123728 -0.935955 -0.253993 0.044044 -0.966203 -0.214258 0.019657 -0.976579 -0.219265 0.025179 -0.975340 -0.256053 0.049843 -0.965377 -0.123427 -0.036391 -0.991686 0.095327 -0.166720 -0.981385 0.072888 -0.168430 -0.983015 -0.134176 -0.032570 -0.990422 
						-0.143385 -0.027000 -0.989299 -0.222673 0.032401 -0.974355 0.051897 -0.167465 -0.984511 0.032779 -0.164349 -0.985857 -0.150559 -0.020357 -0.988391 -0.223947 0.040565 -0.973757 -0.256357 0.057703 -0.964858 -0.254322 0.066782 -0.964811 -0.269253 0.021682 -0.962825 -0.269723 0.023157 -0.962660 -0.268720 0.020077 -0.963009 -0.262981 0.019968 -0.964594 -0.263895 0.021586 -0.964310 -0.264691 0.023044 -0.964058 -0.268178 0.018317 -0.963195 -0.261891 0.018176 -0.964926 -0.253724 0.018277 -0.967104 -0.255236 0.019942 -0.966673 -0.243773 0.018568 -0.969655 -0.245641 0.020013 -0.969154 -0.256557 0.021471 -0.966291 -0.257755 0.022862 -0.965940 -0.247361 0.021391 -0.968687 -0.248980 0.022683 -0.968243 -0.271242 0.022263 -0.962254 -0.266025 0.023655 -0.963676 -0.270013 0.022913 -0.962584 -0.277672 0.016931 -0.960527 -0.259020 0.024081 -0.965572 -0.250544 0.023978 -0.967808 -0.252168 0.025419 -0.967350 -0.260936 0.025190 -0.965027 -0.263933 0.026712 -0.964171 -0.278096 0.023306 -0.960271 -0.253960 0.027098 -0.966835 -0.296459 0.010729 -0.954985 -0.180381 0.131058 -0.974826 -0.191279 0.121212 -0.974023 -0.189666 0.121029 -0.974361 -0.174681 0.131806 -0.975763 -0.199192 0.115825 -0.973092 -0.200463 0.114017 -0.973044 -0.187925 0.086727 -0.978347 -0.176324 0.095022 -0.979735 -0.159753 0.106338 -0.981413 -0.208084 0.112530 -0.971616 -0.210612 0.108742 -0.971503 -0.220199 0.107362 -0.969529 -0.221932 0.102431 -0.969667 -0.205976 0.073114 -0.975822 -0.197387 0.079995 -0.977056 -0.156047 0.013680 -0.987655 -0.151083 0.021598 -0.988285 -0.158512 0.006594 -0.987335 -0.030341 -0.150326 -0.988171 -0.042777 -0.143150 -0.988776 -0.051177 -0.133731 -0.989695 -0.142793 0.031087 -0.989264 -0.128986 0.042861 -0.990720 -0.055135 -0.123030 -0.990870 -0.053472 -0.111732 -0.992299 -0.177477 0.110563 -0.977894 -0.181986 0.105959 -0.977575 -0.158883 0.075357 -0.984417 
						-0.155598 0.083214 -0.984309 -0.163365 0.126907 -0.978369 -0.187862 0.109521 -0.976070 -0.000001 -0.000206 -1.000000 -0.000000 0.027860 -0.999612 -0.097606 0.049249 -0.994006 -0.101143 0.025871 -0.994536 0.000000 0.133936 -0.990990 -0.087460 0.132027 -0.987380 0.000000 0.483717 -0.875225 -0.079643 0.453222 -0.887833 -0.076523 0.252997 -0.964436 0.000000 0.276613 -0.960982 -0.167138 0.392229 -0.904556 -0.149947 0.216894 -0.964610 -0.230738 0.184115 -0.955438 -0.201596 0.195432 -0.959774 -0.231718 0.345295 -0.909438 -0.216056 0.127767 -0.967985 -0.194627 0.132126 -0.971938 -0.199396 0.111249 -0.973584 -0.213936 0.107164 -0.970952 -0.228370 0.099276 -0.968499 -0.233380 0.099447 -0.967287 -0.232497 0.118852 -0.965308 -0.247322 0.108951 -0.962788 -0.241125 0.090168 -0.966296 -0.244693 0.090439 -0.965374 -0.250257 0.172960 -0.952605 -0.268121 0.161824 -0.949697 -0.284643 0.151264 -0.946624 -0.260293 0.098617 -0.960480 -0.251766 0.080246 -0.964456 -0.253758 0.080715 -0.963894 -0.233248 0.094408 -0.967824 -0.242598 0.085554 -0.966347 -0.219229 0.057369 -0.973985 -0.213560 0.065517 -0.974731 -0.249691 0.076238 -0.965320 -0.222755 0.048975 -0.973644 -0.155403 -0.013548 -0.987758 -0.158240 -0.006750 -0.987378 0.015622 -0.161095 -0.986815 -0.000563 -0.158038 -0.987433 -0.159225 0.000004 -0.987242 -0.015879 -0.154609 -0.987848 0.265248 -0.004417 0.964170 0.264863 -0.005076 0.964273 0.260683 -0.005498 0.965409 0.261392 -0.004736 0.965221 0.264646 -0.005703 0.964329 0.259890 -0.006529 0.965616 0.251291 -0.007553 0.967882 0.252389 -0.006557 0.967604 0.238840 -0.008786 0.971019 0.240030 -0.008053 0.970732 0.253295 -0.005956 0.967371 0.241079 -0.007798 0.970474 0.260698 -0.041391 0.964533 0.265190 -0.046150 0.963091 0.235421 -0.031073 0.971397 0.234822 -0.026310 0.971682 0.261474 -0.041916 0.964300 0.267292 -0.048608 0.962389 
						0.161674 -0.010032 0.986793 0.164970 0.006704 0.986276 0.171618 0.017885 0.985001 0.236043 -0.023832 0.971450 0.179661 0.023772 0.983441 0.237828 -0.023710 0.971018 0.261950 -0.043617 0.964095 0.268454 -0.052195 0.961877 0.261978 -0.046525 0.963952 0.268686 -0.056872 0.961547 0.276208 -0.056908 0.959412 0.278339 -0.060826 0.958555 0.317167 -0.092810 0.943818 0.317148 -0.086571 0.944416 0.279563 -0.065978 0.957858 0.279720 -0.072152 0.957367 0.314457 -0.107667 0.943146 0.316350 -0.099945 0.943363 0.394412 -0.165095 0.903981 0.399901 -0.155154 0.903331 0.387956 -0.174805 0.904949 0.536144 -0.306988 0.786325 0.550689 -0.293153 0.781539 0.564505 -0.277757 0.777294 0.404644 -0.145300 0.902857 0.577661 -0.261039 0.773412 0.261692 -0.028534 0.964730 0.310294 -0.042926 0.949671 0.308534 -0.041045 0.950327 0.259528 -0.027034 0.965357 0.419872 -0.071209 0.904785 0.634055 -0.123792 0.763315 0.637019 -0.118209 0.761731 0.419797 -0.068243 0.905049 0.420220 -0.065708 0.905040 0.306961 -0.039431 0.950905 0.640696 -0.113371 0.759379 0.257278 -0.025676 0.965996 -0.230118 0.023386 -0.972882 -0.228020 0.022027 -0.973407 -0.165267 0.010400 -0.986194 -0.167709 0.010659 -0.985779 -0.226127 0.020885 -0.973874 -0.224310 0.019879 -0.974315 -0.161360 0.010078 -0.986844 -0.163217 0.010235 -0.986537 -0.029137 -0.014681 -0.999468 -0.031306 -0.016487 -0.999374 -0.027490 -0.013107 -0.999536 0.268776 -0.066057 -0.960935 0.267993 -0.071176 -0.960788 0.266134 -0.077011 -0.960855 -0.034337 -0.018402 -0.999241 0.262594 -0.083369 -0.961298 0.196379 -0.121816 0.972932 0.198480 -0.143895 0.969484 0.219142 -0.133729 0.966485 0.214524 -0.112749 0.970189 0.208997 -0.183932 0.960463 0.234460 -0.173292 0.956556 0.254919 -0.163509 0.953038 0.235826 -0.124263 0.963818 0.229505 -0.104030 0.967732 0.236594 -0.257170 0.936956 
						0.269983 -0.246327 0.930823 0.303013 -0.412963 0.858863 0.350179 -0.400673 0.846661 0.388546 -0.388446 0.835549 0.297012 -0.236265 0.925182 0.319227 -0.226415 0.920234 0.271425 -0.154073 0.950048 0.420648 -0.375748 0.825754 0.448691 -0.362376 0.816921 0.337774 -0.216386 0.916016 0.284709 -0.144634 0.947640 0.249209 -0.115047 0.961592 0.241632 -0.095308 0.965676 0.259793 -0.105844 0.959846 0.251233 -0.086558 0.964049 0.211989 -0.095111 0.972633 0.195299 -0.102906 0.975330 0.226000 -0.087189 0.970218 0.215375 -0.055921 0.974929 0.203590 -0.063623 0.976987 0.189159 -0.070757 0.979394 0.237334 -0.079028 0.968208 0.246169 -0.070899 0.966630 0.230956 -0.040551 0.972119 0.224449 -0.048041 0.973301 0.194371 0.011676 0.980859 0.190108 0.004083 0.981755 0.195908 0.018449 0.980449 0.182833 -0.003406 0.983138 0.172471 -0.009745 0.984966 0.268091 -0.096621 0.958536 0.258667 -0.077983 0.962814 0.295600 -0.134994 0.945726 0.304312 -0.125343 0.944290 0.274223 -0.087670 0.957662 0.264058 -0.069939 0.961968 0.353943 -0.205971 0.912305 0.474664 -0.348586 0.808197 0.498442 -0.334463 0.799806 0.367964 -0.195274 0.909104 0.379453 -0.184755 0.906577 0.310664 -0.116108 0.943402 0.519244 -0.320464 0.792268 0.278121 -0.079392 0.957260 0.267396 -0.062790 0.961539 0.252901 -0.063256 0.965422 0.257762 -0.056443 0.964558 0.237905 -0.028919 0.970858 0.235357 -0.034073 0.971311 0.260773 -0.050773 0.964064 0.238687 -0.025391 0.970765 0.186743 0.026418 0.982054 0.192013 0.026229 0.981042 0.195146 0.023441 0.980494 -0.216341 0.016166 -0.976184 -0.218455 0.017035 -0.975698 -0.154757 0.010649 -0.987895 -0.156116 0.010238 -0.987686 -0.157719 0.010010 -0.987433 -0.220477 0.017958 -0.975227 -0.026242 -0.004797 -0.999644 -0.025187 -0.007383 -0.999655 0.258523 -0.043579 -0.965021 0.264314 -0.049921 -0.963144 
						0.267575 -0.055793 -0.961920 -0.025218 -0.009639 -0.999636 -0.026081 -0.011544 -0.999593 -0.159492 0.009961 -0.987149 0.268854 -0.061165 -0.961237 -0.222423 0.018912 -0.974767 -0.214158 0.015843 -0.976670 -0.212512 0.016590 -0.977018 -0.154203 0.014575 -0.987932 -0.153804 0.011892 -0.988030 -0.212010 0.018304 -0.977096 -0.213116 0.020601 -0.976810 -0.161664 0.022706 -0.986585 -0.156707 0.018380 -0.987474 -0.044270 0.011603 -0.998952 -0.034537 0.004605 -0.999393 -0.058166 0.019094 -0.998124 0.178717 0.000048 -0.983900 0.210168 -0.013026 -0.977579 0.233576 -0.025290 -0.972010 -0.028858 -0.001043 -0.999583 0.249117 -0.035687 -0.967816 0.238174 -0.012871 0.971137 0.287125 -0.013007 0.957805 0.283574 -0.010402 0.958894 0.238361 -0.011615 0.971107 0.399461 -0.019413 0.916545 0.624150 -0.038259 0.780367 0.608842 -0.029449 0.792745 0.390277 -0.014403 0.920585 0.381353 -0.010212 0.924373 0.280419 -0.008222 0.959843 0.592954 -0.021685 0.804944 0.577453 -0.014847 0.816289 0.373210 -0.006698 0.927723 0.277790 -0.006368 0.960621 0.238787 -0.010320 0.971017 0.239307 -0.008996 0.970902 0.239899 -0.007871 0.970766 0.275777 -0.004795 0.961210 0.274207 -0.003525 0.961664 0.240540 -0.007182 0.970613 0.366070 -0.003658 0.930580 0.562728 -0.008803 0.826595 0.548457 -0.003504 0.836171 0.359649 -0.000979 0.933087 0.353667 0.001321 0.935370 0.272978 -0.002564 0.962017 0.534209 0.001054 0.845352 0.241279 -0.006909 0.970431 -0.216166 0.022187 -0.976104 -0.220926 0.022096 -0.975040 -0.178697 0.025236 -0.983580 -0.169308 0.025403 -0.985236 -0.227574 0.019082 -0.973574 -0.188332 0.021714 -0.981865 -0.108517 0.020971 -0.993873 -0.092973 0.024259 -0.995373 0.077477 0.012810 -0.996912 0.106762 0.013564 -0.994192 -0.075416 0.023894 -0.996866 0.141979 0.009762 -0.989821 -0.079962 0.258767 -0.962624 -0.087503 0.288802 -0.953382 
						-0.062320 0.235000 -0.969995 0.005858 0.688743 -0.724982 0.015468 0.706168 -0.707875 0.029504 0.727490 -0.685484 -0.035022 0.219462 -0.974992 -0.000000 0.214021 -0.976829 -0.000000 0.673230 -0.739433 0.000959 0.677182 -0.735815 0.005858 0.688743 -0.724982 0.000959 0.677182 -0.735815 0.046047 0.996348 -0.071912 0.089394 0.994078 -0.061779 -0.000000 0.673230 -0.739433 0.000000 0.997178 -0.075071 0.000000 0.865381 0.501114 0.063884 0.862135 0.502635 0.121170 0.852952 0.507731 0.029504 0.727490 -0.685484 0.015468 0.706168 -0.707875 0.128708 0.990649 -0.045268 0.162980 0.986357 -0.023162 0.169623 0.839290 0.516546 -0.082879 0.323800 -0.942489 0.052863 0.751759 -0.657316 0.091323 0.781133 -0.617650 -0.064070 0.365404 -0.928641 0.198041 0.980178 0.005591 0.052863 0.751759 -0.657316 0.240796 0.969334 0.049086 0.091323 0.781133 -0.617650 0.290612 0.950242 0.112182 0.146768 0.815727 -0.559508 0.344676 0.917858 0.196812 0.220801 0.851954 -0.474786 -0.029347 0.415763 -0.908999 0.146768 0.815727 -0.559508 0.220801 0.851954 -0.474786 0.025125 0.476726 -0.878693 0.099466 0.542314 -0.834268 0.310363 0.878728 -0.362646 0.418229 0.880709 -0.222340 0.199905 0.600507 -0.774228 0.400040 0.867166 0.296631 0.310363 0.878728 -0.362646 0.457724 0.790722 0.406506 0.418229 0.880709 -0.222340 0.523131 0.679508 0.514396 0.554411 0.829265 -0.070342 0.608040 0.519077 0.600705 0.729746 0.683143 0.028043 0.336512 0.631309 -0.698719 0.554411 0.829265 -0.070342 0.729746 0.683143 0.028043 0.503058 0.565786 -0.653314 -0.911969 -0.408643 0.036368 -0.905469 -0.421202 -0.052111 -0.564667 -0.825022 0.022145 -0.576469 -0.813897 -0.072490 -0.905469 -0.421202 -0.052111 -0.576469 -0.813897 -0.072490 -0.577284 -0.732055 -0.361716 -0.849213 -0.411217 -0.331267 -0.197462 -0.980279 -0.007898 -0.226162 -0.967939 -0.109289 
						-0.226162 -0.967939 -0.109289 -0.287607 -0.863908 -0.413456 -0.313804 -0.564560 -0.763412 -0.487386 -0.494339 -0.719780 -0.635960 -0.299190 -0.711365 -0.920287 -0.387277 0.055568 -0.911776 -0.392415 0.121137 -0.581414 -0.809964 0.076920 -0.578653 -0.814812 0.035261 -0.850647 -0.418329 0.318435 -0.547592 -0.815984 0.185240 -0.121944 -0.943568 0.307910 -0.181234 -0.977090 0.111579 -0.197890 -0.980024 0.019799 0.974630 0.164573 -0.151701 0.957922 0.194596 -0.210994 0.705647 0.702783 -0.090330 0.678769 0.721027 -0.139258 0.625857 0.721523 -0.296154 0.892343 0.221158 -0.393463 0.185006 0.982680 -0.010593 0.175190 0.983422 -0.046797 0.166185 0.972236 -0.164743 0.150564 0.893393 -0.423295 0.500319 0.639339 -0.583890 0.692572 0.212754 -0.689261 0.978825 0.142576 -0.146881 0.982246 0.123149 -0.141516 0.978825 0.142576 -0.146881 0.733419 0.668929 -0.120960 0.718360 0.689057 -0.095703 0.718360 0.689057 -0.095703 0.985690 0.104628 -0.132168 0.752312 0.635729 -0.172845 0.254459 0.963952 -0.077761 0.210744 0.976966 -0.033540 0.191235 0.981457 -0.013087 0.191235 0.981457 -0.013087 -0.097371 0.994725 0.032259 -0.119972 0.992776 -0.001445 -0.688551 0.716078 0.114584 -0.712781 0.692967 0.108356 -0.751773 0.653958 0.084711 -0.189492 0.975729 -0.109751 -0.984745 0.057657 0.164174 -0.986362 0.032414 0.161365 -0.988658 0.013185 0.149604 -0.992040 0.005574 0.125799 -0.806264 0.590155 0.040697 -0.320427 0.894992 -0.310347 -0.092704 0.994137 0.055653 -0.080291 0.987415 0.136251 -0.092704 0.994137 0.055653 -0.665116 0.738600 0.109958 -0.676556 0.727794 0.112193 -0.676556 0.727794 0.112193 -0.056906 0.954383 0.293111 -0.654344 0.749012 0.103990 -0.983575 0.176235 0.039013 -0.985653 0.124243 0.114245 -0.984569 0.086636 0.152047 -0.984569 0.086636 0.152047 0.147048 -0.443434 -0.884163 0.119273 -0.438895 -0.890587 
						0.178853 -0.450608 -0.874623 0.520696 -0.813981 -0.257508 0.466432 -0.842120 -0.270694 0.404466 -0.873206 -0.271879 0.215244 -0.457260 -0.862893 0.255653 -0.459026 -0.850844 0.619235 -0.753774 -0.219937 0.571088 -0.785689 -0.237804 0.520696 -0.813981 -0.257508 0.571088 -0.785689 -0.237804 0.573120 -0.630145 0.523880 0.531016 -0.656107 0.536233 0.619235 -0.753774 -0.219937 0.611031 -0.603268 0.512551 0.404466 -0.873206 -0.271879 0.466432 -0.842120 -0.270694 0.480515 -0.680741 0.552899 0.416869 -0.703930 0.575067 0.092714 -0.438352 -0.894009 -0.046001 -0.100836 -0.993839 0.329065 -0.907514 -0.261026 0.235902 -0.939765 -0.247370 0.064297 -0.439987 -0.895699 -0.033849 -0.091704 -0.995211 0.336451 -0.725128 0.600825 0.329065 -0.907514 -0.261026 0.244653 -0.425329 0.871344 0.174737 -0.437150 0.882251 0.239514 -0.744072 0.623691 0.235902 -0.939765 -0.247370 0.126497 -0.758545 0.639225 0.124703 -0.963296 -0.237717 0.092853 -0.446401 0.890003 -0.000000 -0.450272 0.892892 0.000000 -0.764475 0.644653 0.000000 -0.972154 -0.234343 0.033245 -0.441721 -0.896536 -0.017848 -0.085617 -0.996168 0.124703 -0.963296 -0.237717 0.000000 -0.972154 -0.234343 -0.000000 -0.442455 -0.896791 -0.000000 -0.083423 -0.996514 0.295867 -0.453471 -0.840730 0.333284 -0.444550 -0.831443 0.701531 -0.681802 -0.207367 0.663324 -0.717978 -0.210972 0.367979 -0.434384 -0.822133 0.400415 -0.425049 -0.811789 0.761420 -0.616183 -0.201390 0.734084 -0.647254 -0.205384 0.701531 -0.681802 -0.207367 0.734084 -0.647254 -0.205384 0.708999 -0.525701 0.470063 0.680064 -0.550615 0.484083 0.761420 -0.616183 -0.201390 0.732723 -0.502395 0.459038 0.663324 -0.717978 -0.210972 0.647040 -0.576604 0.498865 0.432636 -0.415394 -0.800171 0.465399 -0.401705 -0.788693 0.811376 -0.552749 -0.190099 0.786373 -0.586014 -0.195460 0.498492 -0.383898 -0.777257 0.531728 -0.361971 -0.765664 
						0.860549 -0.476802 -0.179206 0.836192 -0.516340 -0.184868 0.811376 -0.552749 -0.190099 0.836192 -0.516340 -0.184868 0.794322 -0.423663 0.435387 0.774206 -0.452543 0.442504 0.860549 -0.476802 -0.179206 0.813690 -0.392222 0.429034 0.786373 -0.586014 -0.195460 0.753606 -0.478803 0.450361 0.564304 -0.337790 -0.753299 0.595236 -0.313675 -0.739799 0.903075 -0.398286 -0.160701 0.883231 -0.436514 -0.171342 0.623488 -0.289742 -0.726162 0.647990 -0.266199 -0.713616 0.933789 -0.330120 -0.138051 0.919936 -0.362658 -0.148984 0.903075 -0.398286 -0.160701 0.919936 -0.362658 -0.148984 0.854671 -0.299955 0.423750 0.844193 -0.328878 0.423294 0.933789 -0.330120 -0.138051 0.862644 -0.273832 0.425279 0.883231 -0.436514 -0.171342 0.830657 -0.359904 0.424826 0.667939 -0.243515 -0.703248 0.683475 -0.222491 -0.695240 0.953506 -0.274660 -0.124047 0.944847 -0.300754 -0.129660 0.695085 -0.204003 -0.689376 0.703223 -0.188726 -0.685463 0.964755 -0.234454 -0.119498 0.960054 -0.252411 -0.120765 0.953506 -0.274660 -0.124047 0.960054 -0.252411 -0.120765 0.878715 -0.212990 0.427195 0.874344 -0.230173 0.427250 0.964755 -0.234454 -0.119498 0.882363 -0.199364 0.426251 0.944847 -0.300754 -0.129660 0.869043 -0.250589 0.426579 0.708431 -0.175665 -0.683570 0.711150 -0.163516 -0.683760 0.970649 -0.205760 -0.124509 0.968139 -0.219412 -0.120687 0.712043 -0.152554 -0.685362 0.711738 -0.142970 -0.687741 0.973533 -0.182977 -0.136940 0.972407 -0.193593 -0.130178 0.970649 -0.205760 -0.124509 0.972407 -0.193593 -0.130178 0.894685 -0.169384 0.413336 0.890216 -0.178184 0.419243 0.973533 -0.182977 -0.136940 0.899277 -0.161758 0.406368 0.968139 -0.219412 -0.120687 0.886052 -0.188173 0.423678 0.710575 -0.133957 -0.690752 0.708134 -0.124567 -0.695003 0.974762 -0.162655 -0.152909 0.974265 -0.172979 -0.144520 0.703952 -0.114800 -0.700908 0.697574 -0.104684 -0.708824 
						0.975252 -0.141181 -0.170151 0.975070 -0.152042 -0.161621 0.974762 -0.162655 -0.152909 0.975070 -0.152042 -0.161621 0.912963 -0.137379 0.384221 0.908792 -0.146278 0.390769 0.975252 -0.141181 -0.170151 0.915971 -0.127635 0.380404 0.974265 -0.172979 -0.144520 0.904039 -0.154378 0.398600 0.687785 -0.093060 -0.719925 0.671881 -0.078878 -0.736447 0.974875 -0.116259 -0.190007 0.975302 -0.129430 -0.178982 0.646945 -0.062384 -0.759981 0.610707 -0.044161 -0.790624 0.969970 -0.085844 -0.227572 0.973356 -0.101711 -0.205508 0.974875 -0.116259 -0.190007 0.973356 -0.101711 -0.205508 0.915470 -0.092446 0.391623 0.917265 -0.105114 0.384156 0.969970 -0.085844 -0.227572 0.912033 -0.079020 0.402432 0.975302 -0.129430 -0.178982 0.917437 -0.116886 0.380326 0.564571 -0.028171 -0.824904 0.515573 -0.017498 -0.856667 0.956722 -0.057430 -0.285280 0.964215 -0.070555 -0.255561 0.471402 -0.011682 -0.881841 0.437575 -0.010129 -0.899125 0.943979 -0.037287 -0.327892 0.949233 -0.046369 -0.311138 0.956722 -0.057430 -0.285280 0.949233 -0.046369 -0.311138 0.890782 -0.042413 0.452448 0.899641 -0.053669 0.433320 0.943979 -0.037287 -0.327892 0.880353 -0.031955 0.473241 0.964215 -0.070555 -0.255561 0.906765 -0.065831 0.416465 0.416962 -0.010906 -0.908858 0.408585 -0.012238 -0.912638 0.946219 -0.023208 -0.322694 0.942849 -0.029763 -0.331889 0.410444 -0.014022 -0.911778 0.421080 -0.016178 -0.906879 0.962271 -0.012441 -0.271808 0.953137 -0.017468 -0.302033 0.946219 -0.023208 -0.322694 0.953137 -0.017468 -0.302033 0.838662 -0.006640 0.544612 0.854461 -0.013964 0.519328 0.962271 -0.012441 -0.271808 0.820911 -0.000453 0.571056 0.942849 -0.029763 -0.331889 0.868310 -0.022407 0.495515 0.453764 0.015927 -0.890979 0.505344 0.129739 -0.853109 0.972342 0.208174 -0.105894 0.976378 0.045084 -0.211314 0.545114 0.332558 -0.769581 0.894019 0.448003 0.004820 
						0.972342 0.208174 -0.105894 0.894019 0.448003 0.004820 0.695171 0.324007 0.641682 0.759592 0.155615 0.631509 0.976378 0.045084 -0.211314 0.799181 0.041987 0.599623 -0.000000 0.071567 -0.997436 0.000000 0.058586 -0.998282 -0.060107 0.055582 -0.996643 -0.066416 0.065754 -0.995623 -0.000000 0.026557 -0.999647 -0.057226 0.027208 -0.997990 -0.104233 0.027460 -0.994174 -0.111492 0.042963 -0.992836 -0.117043 0.050029 -0.991866 -0.072041 -0.015058 -0.997288 -0.000001 -0.023086 -0.999733 -0.122212 0.006515 -0.992483 -0.146739 0.033722 -0.988600 -0.140443 0.026422 -0.989736 0.000000 0.052851 -0.998602 0.000000 0.063211 -0.998000 -0.076938 0.057510 -0.995376 -0.078185 0.048240 -0.995771 0.000000 0.070817 -0.997489 -0.074255 0.064366 -0.995160 -0.128256 0.049645 -0.990498 -0.134026 0.044651 -0.989971 -0.137389 0.037973 -0.989789 -0.000000 0.074405 -0.997228 -0.070798 0.067666 -0.995193 -0.122264 0.051483 -0.991161 -0.152910 0.035647 -0.987597 -0.160653 0.035710 -0.986365 -0.170191 0.032793 -0.984865 -0.177410 0.029047 -0.983708 0.000000 0.082083 -0.996625 -0.040170 0.078724 -0.996087 0.000000 0.150556 -0.988601 -0.049901 0.146641 -0.987930 -0.096798 0.135763 -0.986001 -0.077278 0.069499 -0.994584 -0.000000 0.180452 -0.983584 -0.055032 0.176272 -0.982802 -0.000000 0.183614 -0.982998 -0.056981 0.179868 -0.982039 -0.116617 0.166237 -0.979166 -0.108695 0.163929 -0.980466 -0.149496 0.147074 -0.977763 -0.133989 0.120878 -0.983583 -0.159045 0.146833 -0.976291 -0.107266 0.056520 -0.992622 0.000000 0.161823 -0.986820 -0.055542 0.160739 -0.985433 -0.000001 0.114396 -0.993435 -0.061286 0.117344 -0.991198 -0.118827 0.122537 -0.985325 -0.120168 0.148484 -0.981587 -0.089648 0.058223 -0.994270 -0.000003 0.044869 -0.998993 -0.149286 0.092948 -0.984416 -0.162542 0.126205 -0.978597 -0.000000 0.668237 0.743948 0.065971 0.663929 0.744880 
						-0.000000 0.546378 0.837539 0.066846 0.541637 0.837950 0.123940 0.528818 0.839637 0.123635 0.652067 0.748013 -0.000000 0.467587 0.883947 0.068625 0.462831 0.883786 0.125956 0.450146 0.884027 0.170324 0.432502 0.885399 0.169271 0.510685 0.842940 0.170749 0.634894 0.753495 -0.000000 -0.020040 0.999799 0.073577 -0.021323 0.997062 -0.000001 -0.021532 0.999768 0.075208 -0.022711 0.996909 0.132285 -0.025042 0.990895 0.130241 -0.023945 0.991193 -0.000001 -0.023315 0.999728 0.077053 -0.024347 0.996730 -0.000001 -0.025335 0.999679 0.079093 -0.026175 0.996523 0.136891 -0.027746 0.990197 0.134505 -0.026325 0.990563 0.160023 -0.027990 0.986716 0.158794 -0.026958 0.986944 0.161507 -0.029161 0.986441 0.157771 -0.026104 0.987131 0.000000 -0.037362 0.999302 0.081219 -0.038440 0.995955 0.000000 -0.073937 0.997263 0.083928 -0.075690 0.993593 0.144326 -0.077864 0.986462 0.139697 -0.040074 0.989383 -0.000001 -0.151559 0.988448 0.088695 -0.155115 0.983907 0.153540 -0.158847 0.975291 0.180106 -0.162881 0.970068 0.168994 -0.080151 0.982353 0.163876 -0.041637 0.985602 0.000000 -0.005547 -0.999985 -0.000000 0.003847 -0.999993 -0.057140 0.000178 -0.998366 -0.048176 -0.006285 -0.998819 -0.000000 0.037439 -0.999299 -0.073842 0.025160 -0.996953 -0.105225 -0.014416 -0.994344 -0.069177 -0.014609 -0.997497 -0.049471 -0.014641 -0.998668 0.000002 0.105953 -0.994371 -0.098689 0.079923 -0.991904 -0.089525 0.062259 -0.994037 -0.000000 0.084164 -0.996452 -0.153858 0.032728 -0.987551 -0.138959 0.020942 -0.990077 -0.163032 -0.010961 -0.986560 -0.173610 0.001260 -0.984814 -0.132840 -0.051115 -0.989819 -0.075768 -0.130642 -0.988530 -0.059104 -0.080658 -0.994988 0.008496 -0.048212 -0.998801 -0.030289 -0.052452 -0.998164 0.000008 0.091988 -0.995760 -0.103766 0.068465 -0.992243 0.000013 0.067113 -0.997745 -0.100841 0.047366 -0.993774 
						-0.153768 0.024257 -0.987809 -0.156857 0.028542 -0.987209 0.000002 0.010900 -0.999941 -0.129296 0.007799 -0.991575 -0.114784 0.016800 -0.993248 -0.000000 0.030525 -0.999534 -0.170046 0.002755 -0.985432 -0.164114 0.008740 -0.986403 -0.173328 0.004249 -0.984855 -0.178038 -0.003440 -0.984018 -0.000000 0.004654 -0.999989 -0.040460 0.004334 -0.999172 -0.000000 -0.000603 -1.000000 -0.042073 -0.001163 -0.999114 -0.026642 -0.008250 -0.999611 -0.020123 -0.000300 -0.999797 0.000000 -0.003732 -0.999993 -0.044690 -0.004414 -0.998991 -0.036782 -0.012584 -0.999244 0.040540 -0.045467 -0.998143 0.067019 -0.036819 -0.997072 0.084017 -0.019517 -0.996273 0.000001 0.979178 0.203006 0.000001 0.969061 0.246819 -0.062857 0.969053 0.238718 -0.071694 0.978078 0.195508 0.000001 0.930593 0.366055 -0.049241 0.931576 0.360196 -0.097173 0.927460 0.361076 -0.135654 0.966827 0.216433 -0.150637 0.973843 0.170111 -0.000000 0.818436 0.574598 -0.027716 0.817315 0.575524 -0.000000 0.549797 0.835299 0.004070 0.545762 0.837931 0.096171 0.468349 0.878294 -0.013086 0.785084 0.619251 0.007657 0.701061 0.713060 -0.134701 0.910095 0.391897 0.148991 0.336220 0.929923 -0.201540 0.960461 0.192086 -0.223232 0.965714 0.132531 0.000000 0.795287 -0.606233 -0.094513 0.764801 -0.637296 0.000000 0.982005 -0.188857 -0.096114 0.971610 -0.216185 -0.199100 0.939233 -0.279642 -0.197729 0.692608 -0.693685 0.000001 0.994673 0.103080 -0.082533 0.992331 0.092016 0.000001 0.994673 0.103080 -0.082533 0.992331 0.092016 -0.169325 0.983761 0.059517 -0.169325 0.983761 0.059517 -0.248270 0.968515 0.018444 -0.288329 0.896210 -0.337155 -0.248270 0.968515 0.018444 -0.278657 0.626011 -0.728328 0.000000 0.038777 -0.999248 -0.077321 0.037002 -0.996319 0.000000 0.039973 -0.999201 -0.077437 0.037600 -0.996288 -0.137541 0.032201 -0.989972 -0.137561 0.032773 -0.989951 
						0.000000 0.044353 -0.999016 -0.077904 0.040999 -0.996118 -0.137836 0.033596 -0.989885 -0.179424 0.027077 -0.983399 -0.179647 0.026971 -0.983361 -0.180308 0.028265 -0.983204 -0.000000 0.193823 0.981037 0.031246 0.221373 0.974689 -0.000000 -0.053358 0.998575 0.073199 -0.017647 0.997161 0.165344 0.020688 0.986019 0.149271 0.189841 0.970401 0.000000 -0.213940 0.976847 0.120072 -0.171909 0.977768 0.119577 -0.133520 0.983806 -0.000000 -0.172068 0.985085 0.183322 -0.080222 0.979774 0.191938 -0.044721 0.980388 0.201277 0.092819 0.975127 0.194560 0.033299 0.980325 0.000000 -0.199947 0.979807 0.111651 -0.167395 0.979547 0.000000 -0.166029 0.986121 0.097875 -0.148249 0.984095 0.156659 -0.101584 0.982415 0.167027 -0.098374 0.981032 0.000000 -0.162679 0.986679 0.076523 -0.157141 0.984607 0.084506 -0.145580 0.985731 0.000000 -0.154263 0.988030 0.133084 -0.144879 0.980458 0.141341 -0.127773 0.981681 0.174138 -0.112971 0.978219 0.171179 -0.132333 0.976312 0.174739 -0.080643 0.981307 0.165599 -0.016683 0.986052 0.169468 -0.021414 0.985303 0.182018 -0.008018 0.983263 -0.000000 -0.184364 0.982858 0.072645 -0.179569 0.981059 -0.000000 -0.222681 0.974891 0.071652 -0.218483 0.973207 0.130103 -0.208258 0.969382 0.129160 -0.168296 0.977238 -0.000000 -0.293648 0.955914 0.076155 -0.289907 0.954020 0.141068 -0.280674 0.949380 0.194213 -0.268967 0.943365 0.175270 -0.195863 0.964841 0.170021 -0.155514 0.973092 -0.000000 -0.047330 -0.998879 -0.111985 -0.023250 -0.993438 -0.000001 -0.117132 -0.993116 -0.079875 -0.095976 -0.992174 -0.143516 -0.053639 -0.988193 -0.165166 -0.011356 -0.986200 -0.077648 -0.120847 -0.989630 -0.000000 -0.139042 -0.990286 -0.142306 -0.065684 -0.987641 -0.174465 -0.015815 -0.984536 -0.000000 0.080342 0.996767 0.080200 0.068031 0.994455 0.000001 0.035416 0.999373 0.072957 0.028732 0.996921 
						0.131131 0.015246 0.991248 0.141244 0.032125 0.989453 0.079870 -0.008014 0.996773 0.000002 -0.007442 0.999972 0.141548 -0.004186 0.989923 0.164244 0.004536 0.986409 0.274760 0.001787 -0.961511 0.272319 0.003675 -0.962200 0.268749 -0.000886 -0.963210 0.270308 -0.003132 -0.962769 0.268274 0.006922 -0.963318 0.266710 0.002299 -0.963774 0.259276 -0.001552 -0.965802 0.259803 -0.005236 -0.965647 0.260991 -0.008471 -0.965304 0.262169 0.009636 -0.964974 0.264048 0.005099 -0.964496 0.252546 0.010409 -0.967529 0.261394 0.005840 -0.965214 0.259352 0.002428 -0.965780 0.259338 0.001138 -0.965786 0.247329 0.001475 -0.968930 0.245847 -0.001972 -0.969307 0.249045 0.002428 -0.968489 0.231299 0.003978 -0.972874 0.228900 0.004004 -0.973442 0.226865 0.000510 -0.973926 0.245650 -0.007357 -0.969331 0.246941 -0.012572 -0.968949 0.226608 -0.006137 -0.973967 0.228243 -0.013239 -0.973514 0.281137 -0.025518 -0.959328 0.287900 -0.016619 -0.957516 0.269491 -0.034893 -0.962371 0.305156 -0.158924 -0.938948 0.331901 -0.136615 -0.933369 0.351759 -0.110491 -0.929547 0.252668 -0.042304 -0.966628 0.230800 -0.044141 -0.971999 0.232638 -0.163514 -0.958719 0.271225 -0.170173 -0.947353 0.303518 -0.492343 -0.815767 0.385088 -0.481885 -0.787080 0.223567 -0.452223 -0.863431 0.178899 -0.825129 -0.535870 0.301428 -0.850870 -0.430303 0.430389 -0.821224 -0.374643 0.457693 -0.432236 -0.776974 0.517806 -0.362203 -0.775039 0.557443 -0.750154 -0.355706 0.676235 -0.648145 -0.350163 0.291667 -0.009208 -0.956476 0.275695 0.006126 -0.961226 0.368036 -0.087137 -0.925719 0.383930 -0.069406 -0.920750 0.294417 -0.003256 -0.955672 0.274987 0.010053 -0.961395 0.566141 -0.293488 -0.770292 0.768879 -0.535466 -0.349429 0.832536 -0.438515 -0.338509 0.608472 -0.241194 -0.756034 0.676681 -0.206672 -0.706675 0.408458 -0.056260 -0.911042 0.894232 -0.355678 -0.271740 
						0.961701 -0.249314 -0.113906 0.805066 -0.165564 -0.569611 0.451891 -0.040092 -0.891172 0.297256 0.001489 -0.954797 0.273024 0.012875 -0.961921 0.300535 0.006086 -0.953751 0.270453 0.014104 -0.962630 0.272070 0.007655 -0.962247 0.270128 0.011326 -0.962758 0.262319 0.013663 -0.964884 0.265922 0.010541 -0.963937 0.267101 0.013765 -0.963570 0.264078 0.014437 -0.964393 0.255831 0.015263 -0.966601 0.258556 0.015413 -0.965873 0.248641 0.017301 -0.968441 0.252397 0.016284 -0.967487 0.246490 0.016551 -0.969004 0.236222 0.018047 -0.971532 0.237948 0.019069 -0.971091 0.241191 0.018701 -0.970297 0.257315 0.013230 -0.966237 0.245963 0.016179 -0.969144 -0.263811 -0.010642 0.964516 -0.264059 -0.011027 0.964444 -0.267019 -0.010873 0.963630 -0.267207 -0.009928 0.963588 -0.262965 -0.011359 0.964738 -0.265693 -0.011497 0.963989 -0.268722 -0.012797 0.963133 -0.270192 -0.012125 0.962730 -0.271006 -0.011274 0.962512 -0.261448 -0.011841 0.965145 -0.263999 -0.012225 0.964446 -0.259791 -0.012557 0.965583 -0.262219 -0.013180 0.964918 -0.264942 -0.014466 0.964156 -0.266881 -0.013531 0.963634 -0.269549 -0.015433 0.962863 -0.271162 -0.014559 0.962424 -0.267691 -0.016372 0.963366 -0.270095 -0.018467 0.962657 -0.271611 -0.016887 0.962259 -0.272778 -0.016038 0.961943 -0.272384 -0.013918 0.962088 -0.273189 -0.013202 0.961870 -0.273550 -0.015418 0.961734 -0.274098 -0.014718 0.961589 -0.201067 0.042472 0.978656 -0.177928 0.013802 0.983947 -0.244597 0.033693 0.969039 -0.000204 0.356282 0.934378 0.790438 0.472537 0.389764 0.740274 0.107917 0.663588 -0.264772 0.018419 0.964135 -0.272352 0.008598 0.962159 -0.268393 0.097480 0.958365 -0.225376 0.162332 0.960653 -0.138508 0.481123 0.865642 0.526687 0.789958 0.313953 -0.269951 0.287119 0.919069 -0.265035 0.609343 0.747300 -0.010097 0.828396 0.560053 0.634977 0.768181 0.081866 
						0.913069 0.320257 -0.252470 0.999884 0.003587 -0.014824 0.963992 0.241138 -0.112126 0.996517 -0.079636 0.024729 -0.192165 -0.015060 0.981247 -0.263068 -0.012771 0.964693 0.313494 -0.073340 0.946754 0.108793 -0.122899 0.986438 -0.208462 -0.028674 0.977610 -0.264329 -0.014695 0.964321 0.880553 -0.198765 0.430254 0.938121 -0.257011 0.232109 0.841035 -0.379622 0.385418 0.656714 -0.303669 0.690298 0.500970 -0.370882 0.781969 0.022661 -0.149464 0.988508 0.747663 -0.481128 0.457728 0.666022 -0.585058 0.462733 0.411030 -0.444145 0.796109 -0.021379 -0.176873 0.984001 -0.219743 -0.036427 0.974877 -0.266726 -0.015706 0.963644 -0.228652 -0.041987 0.972602 -0.269969 -0.015451 0.962745 -0.262783 -0.012465 0.964774 -0.263477 -0.014142 0.964562 -0.261750 -0.013742 0.965038 -0.261514 -0.012329 0.965121 -0.265717 -0.015040 0.963934 -0.269019 -0.014593 0.963024 -0.266504 -0.014342 0.963727 -0.263555 -0.014631 0.964533 -0.261010 -0.014279 0.965230 -0.259720 -0.013467 0.965590 -0.263448 -0.014180 0.964569 -0.260364 -0.013888 0.965411 -0.258422 -0.013947 0.965931 -0.257614 -0.013354 0.966156 -0.259887 -0.012387 0.965559 -0.258129 -0.012684 0.966027 -0.254748 -0.013079 0.966919 -0.256615 -0.013182 0.966424 -0.253920 -0.013480 0.967131 -0.247842 -0.013775 0.968703 -0.248977 -0.013508 0.968415 -0.251155 -0.013681 0.967850 -0.254362 -0.013906 0.967009 -0.255966 -0.013863 0.966586 -0.249388 -0.014097 0.968301 -0.248000 -0.014111 0.968657 -0.239614 -0.014325 0.970762 -0.239736 -0.014137 0.970735 -0.240755 -0.014265 0.970481 -0.229845 -0.014310 0.973122 -0.229144 -0.014477 0.973285 -0.229618 -0.014499 0.973173 -0.241153 -0.014027 0.970386 -0.243634 -0.014273 0.969762 -0.231282 -0.014595 0.972777 -0.233950 -0.014948 0.972134 -0.259153 -0.013953 0.965735 -0.253974 -0.014502 0.967102 -0.257025 -0.015877 0.966274 -0.261985 -0.015281 0.964951 
						-0.246728 -0.015095 0.968967 -0.237224 -0.015742 0.971327 -0.240594 -0.016970 0.970477 -0.249917 -0.016441 0.968128 -0.252833 -0.018029 0.967342 -0.259810 -0.017602 0.965499 -0.243732 -0.018393 0.969668 -0.246489 -0.019791 0.968943 -0.255230 -0.019585 0.966682 -0.261907 -0.019352 0.964899 -0.264782 -0.017066 0.964157 -0.266709 -0.018888 0.963592 -0.265799 0.003215 0.964023 -0.258301 -0.001282 0.966064 -0.257748 0.003990 0.966204 -0.266824 0.010252 0.963691 -0.247568 -0.003471 0.968864 -0.245771 0.002054 0.969326 -0.242943 0.019769 0.969839 -0.256285 0.019765 0.966399 -0.266990 0.026739 0.963328 -0.233437 -0.003891 0.972364 -0.230985 0.003016 0.972953 -0.215259 -0.003398 0.976551 -0.212701 0.005059 0.977104 -0.209549 0.028109 0.977394 -0.227668 0.023600 0.973453 -0.224097 0.060363 0.972696 -0.239420 0.052716 0.969484 -0.206395 0.067612 0.976130 -0.204042 0.124282 0.971041 -0.221544 0.114839 0.968365 -0.236946 0.103791 0.965963 -0.253340 0.047227 0.966224 -0.265438 0.051076 0.962774 -0.250830 0.092887 0.963564 -0.262363 0.082694 0.961419 -0.272709 0.021891 0.961847 -0.269686 0.010291 0.962893 -0.275030 0.043234 0.960463 -0.279099 0.067920 0.957857 -0.274137 0.038506 0.960920 -0.268954 0.019711 0.962951 -0.274717 0.075512 0.958555 -0.268243 0.117786 0.956124 -0.273640 0.156428 0.949027 -0.280383 0.108891 0.953692 -0.280303 0.144623 0.948954 -0.277203 0.096783 0.955924 -0.274951 0.196531 0.941158 -0.271387 0.234112 0.933563 -0.274378 0.180559 0.944519 -0.269633 0.127855 0.954437 -0.270183 0.058826 0.961010 -0.263330 0.031265 0.964199 -0.261275 0.082165 0.961761 -0.253433 0.045266 0.966293 -0.267516 0.004075 0.963545 -0.264993 0.000426 0.964250 -0.265372 0.008180 0.964111 -0.263445 0.001316 0.964673 -0.266401 0.000185 0.963862 -0.264731 -0.001513 0.964321 -0.258630 0.012711 0.965893 
						-0.248037 0.018390 0.968576 -0.244752 0.002409 0.969583 -0.255993 0.001796 0.966677 -0.254748 -0.003859 0.967000 -0.262537 -0.002455 0.964919 -0.243057 -0.005756 0.969995 -0.242064 -0.008001 0.970227 -0.254049 -0.005680 0.967175 -0.261995 -0.004054 0.965061 -0.265897 -0.002206 0.963999 -0.264780 -0.002924 0.964304 -0.265597 -0.003578 0.964078 -0.264942 -0.003997 0.964256 -0.258588 -0.002330 0.965985 -0.259046 -0.003242 0.965860 -0.249744 -0.004739 0.968300 -0.248728 -0.004052 0.968565 -0.259599 -0.004104 0.965708 -0.260182 -0.004970 0.965547 -0.251426 -0.006509 0.967855 -0.250639 -0.005549 0.968065 -0.237743 -0.007155 0.971302 -0.236583 -0.005983 0.971593 -0.238689 -0.008484 0.971059 -0.221618 -0.010168 0.975080 -0.220368 -0.008511 0.975380 -0.218920 -0.006894 0.975718 -0.235165 -0.004912 0.971943 -0.217230 -0.005227 0.976106 -0.168979 0.024048 0.985326 -0.168405 0.022604 0.985459 -0.177905 0.033462 0.983479 -0.177527 0.037426 0.983404 -0.169552 0.018007 0.985357 -0.179379 0.026259 0.983429 -0.192332 0.030903 0.980843 -0.190949 0.040811 0.980751 -0.189784 0.048316 0.980636 -0.171401 0.011601 0.985133 -0.180934 0.017415 0.983341 -0.172346 0.004464 0.985026 -0.183141 0.009040 0.983045 -0.194717 0.010552 0.980803 -0.193465 0.020412 0.980895 -0.208819 0.020554 0.977738 -0.208741 0.031684 0.977458 -0.208437 0.010536 0.977979 -0.226163 0.009194 0.974046 -0.227648 0.018577 0.973566 -0.228609 0.028989 0.973087 -0.208029 0.043319 0.977163 -0.207002 0.053771 0.976862 -0.229003 0.040141 0.972598 -0.228906 0.050722 0.972126 -0.210099 -0.005433 0.977665 -0.203357 -0.010260 0.979051 -0.219679 -0.004791 0.975560 -0.387827 -0.370460 0.844008 -0.382414 -0.260300 0.886569 -0.371716 -0.189727 0.908752 -0.230870 -0.011393 0.972918 -0.240769 -0.024058 0.970284 -0.293613 -0.595757 0.747573 -0.361857 -0.499924 0.786852 
						-0.392228 -0.912910 0.112930 -0.528772 -0.812900 0.244118 -0.234056 -0.970516 0.057580 -0.231759 -0.970085 -0.072266 -0.383378 -0.920738 -0.072552 -0.525253 -0.850293 -0.033340 -0.620575 -0.674363 0.400151 -0.668313 -0.527206 0.524797 -0.651926 -0.757575 0.032737 -0.758432 -0.643969 0.100420 -0.199852 -0.017027 0.979678 -0.162971 0.010851 0.986571 -0.370694 -0.150385 0.916499 -0.382666 -0.128508 0.914905 -0.198890 -0.022512 0.979763 -0.158468 0.000281 0.987364 -0.696285 -0.409423 0.589542 -0.836572 -0.527466 0.148075 -0.890583 -0.424334 0.163715 -0.728459 -0.328946 0.600951 -0.787518 -0.266043 0.555911 -0.415848 -0.113922 0.902271 -0.936581 -0.323243 0.135390 -0.979944 -0.191889 0.053749 -0.885032 -0.185407 0.427016 -0.487609 -0.094541 0.867928 -0.200993 -0.025895 0.979250 -0.154677 -0.007168 0.987939 -0.209117 -0.025803 0.977550 -0.151990 -0.011145 0.988319 -0.161678 0.010526 0.986787 -0.157086 -0.000016 0.987585 -0.156334 -0.001504 0.987703 -0.161965 0.007836 0.986765 -0.154237 -0.007747 0.988004 -0.152924 -0.011598 0.988170 -0.151975 -0.011861 0.988313 -0.153115 -0.008450 0.988172 -0.150953 -0.009426 0.988496 -0.154844 -0.003636 0.987932 -0.149543 -0.012305 0.988679 -0.145118 -0.013114 0.989327 -0.146955 -0.010704 0.989085 -0.151758 -0.006123 0.988399 -0.162628 0.003583 0.986681 -0.161383 -0.000810 0.986892 0.230629 -0.151856 -0.961119 0.249000 -0.134626 -0.959101 0.239561 -0.175611 -0.954867 0.221253 -0.197533 -0.955002 0.256971 -0.116272 -0.959399 0.247518 -0.152051 -0.956878 0.230549 -0.149619 -0.961489 0.223611 -0.176906 -0.958490 0.206473 -0.201984 -0.957377 0.256356 -0.097695 -0.961633 0.246726 -0.127713 -0.960633 0.247652 -0.079463 -0.965585 0.237491 -0.103121 -0.965901 0.217463 -0.090463 -0.971868 0.228527 -0.120730 -0.966023 0.198867 -0.062963 -0.978002 0.204612 -0.097195 -0.974006 0.182578 -0.025377 -0.982864 
						0.111738 0.148927 -0.982515 0.141448 0.099550 -0.984928 0.157003 0.057205 -0.985940 0.200610 -0.128476 -0.971210 0.186156 -0.156681 -0.969947 0.160588 0.020351 -0.986812 0.152448 -0.011875 -0.988240 0.189091 -0.216920 -0.957700 0.197852 -0.166900 -0.965919 0.176180 -0.224162 -0.958495 0.130967 -0.241959 -0.961407 0.140852 -0.232456 -0.962354 0.147947 -0.178798 -0.972699 0.159095 -0.181392 -0.970456 0.131879 -0.039689 -0.990471 0.098889 -0.061597 -0.993190 0.118306 -0.201074 -0.972406 0.064466 -0.214153 -0.974671 0.071411 -0.253859 -0.964601 0.054163 -0.075983 -0.995637 0.076976 -0.242819 -0.967013 0.081153 -0.186610 -0.979076 0.202327 -0.098588 -0.974343 0.234671 -0.089321 -0.967962 0.152164 -0.106054 -0.982649 0.154265 -0.049709 -0.986778 0.203700 -0.045383 -0.977981 0.235138 -0.041088 -0.971093 0.083923 -0.111131 -0.990256 0.085601 -0.053447 -0.994895 0.086794 -0.017537 -0.996072 0.155462 -0.013358 -0.987752 0.087965 -0.007214 -0.996098 0.156620 -0.000669 -0.987659 0.203403 -0.010100 -0.979043 0.233484 -0.008942 -0.972319 0.202625 0.003778 -0.979249 0.252590 -0.078441 -0.964388 0.252788 -0.035921 -0.966855 0.261027 -0.029346 -0.964885 0.260447 -0.066517 -0.963194 0.250994 -0.008119 -0.967955 0.260022 -0.005850 -0.965585 0.260612 -0.001545 -0.965442 0.260905 -0.022013 -0.965114 0.252676 0.002257 -0.967548 0.252785 -0.015521 -0.967398 0.259932 -0.054345 -0.964096 0.251550 -0.042834 -0.966896 -0.258575 -0.022278 0.965734 -0.265041 -0.022653 0.963971 -0.265140 -0.023462 0.963925 -0.258622 -0.023087 0.965703 -0.269329 -0.023274 0.962767 -0.269508 -0.024222 0.962694 -0.269778 -0.025257 0.962591 -0.265294 -0.024759 0.963850 -0.258756 -0.024841 0.965623 -0.271389 -0.023964 0.962171 -0.271576 -0.025142 0.962089 -0.271147 -0.024462 0.962227 -0.271253 -0.025855 0.962161 -0.271418 -0.027208 0.962077 -0.271879 -0.026228 0.961974 
						-0.272279 -0.027176 0.961834 -0.270013 -0.026415 0.962494 -0.271717 -0.028510 0.961955 -0.272270 -0.029719 0.961762 -0.272781 -0.027924 0.961671 -0.270039 -0.027882 0.962446 -0.265338 -0.026732 0.963785 -0.258924 -0.027781 0.965498 -0.265082 -0.029859 0.963763 -0.259128 -0.032288 0.965303 -0.249947 -0.023155 0.967983 -0.249949 -0.022230 0.968004 -0.250126 -0.025355 0.967881 -0.239174 -0.026165 0.970624 -0.239008 -0.023697 0.970728 -0.239143 -0.022615 0.970721 -0.250594 -0.028993 0.967658 -0.251533 -0.034166 0.967245 -0.241389 -0.035259 0.969788 -0.239878 -0.030062 0.970338 -0.226597 -0.030836 0.973500 -0.225810 -0.027143 0.973793 -0.228388 -0.035530 0.972922 -0.212070 -0.035326 0.976616 -0.210442 -0.031384 0.977102 -0.209823 -0.028182 0.977333 -0.225731 -0.024674 0.973877 -0.226054 -0.023477 0.973832 -0.209941 -0.025928 0.977370 -0.210500 -0.024699 0.977282 -0.250049 -0.021825 0.967987 -0.258637 -0.021846 0.965728 -0.239396 -0.022134 0.970670 -0.239710 -0.021549 0.970605 -0.250207 -0.021306 0.967958 -0.258774 -0.021345 0.965702 -0.226538 -0.022876 0.973734 -0.211268 -0.023991 0.977134 -0.212144 -0.023284 0.976961 -0.227105 -0.022219 0.973617 -0.227702 -0.021493 0.973494 -0.240023 -0.020855 0.970543 -0.213062 -0.022556 0.976778 -0.213959 -0.021780 0.976600 -0.228274 -0.020676 0.973377 -0.240276 -0.020032 0.970498 -0.250340 -0.020670 0.967937 -0.258880 -0.020756 0.965686 -0.250372 -0.019895 0.967945 -0.258861 -0.020047 0.965707 -0.265089 -0.022058 0.963972 -0.265260 -0.021462 0.963938 -0.269478 -0.021568 0.962765 -0.269320 -0.022400 0.962790 -0.265441 -0.020842 0.963902 -0.265502 -0.020161 0.963899 -0.269893 -0.019979 0.962683 -0.269714 -0.020785 0.962716 -0.271543 -0.020574 0.962206 -0.271377 -0.021669 0.962229 -0.271775 -0.019317 0.962167 -0.270618 -0.020395 0.962471 -0.270869 -0.021763 0.962370 -0.271327 -0.022786 0.962217 
						-0.271035 -0.023078 0.962293 -0.250241 -0.019034 0.967996 -0.258635 -0.019223 0.965784 -0.240416 -0.019167 0.970481 -0.240579 -0.018356 0.970456 -0.250122 -0.018150 0.968044 -0.258393 -0.018304 0.965866 -0.228808 -0.019921 0.973268 -0.214820 -0.021208 0.976423 -0.215551 -0.021097 0.976265 -0.229389 -0.019381 0.973142 -0.229834 -0.019143 0.973042 -0.240934 -0.017761 0.970379 -0.216202 -0.021285 0.976117 -0.215038 -0.021679 0.976365 -0.231009 -0.019628 0.972754 -0.241884 -0.017663 0.970145 -0.250224 -0.017314 0.968033 -0.258342 -0.017286 0.965899 -0.250838 -0.016672 0.967886 -0.258704 -0.016234 0.965820 -0.265325 -0.019365 0.963965 -0.265069 -0.018421 0.964054 -0.269786 -0.018162 0.962749 -0.269883 -0.019092 0.962704 -0.264931 -0.017306 0.964112 -0.265131 -0.016071 0.964079 -0.269876 -0.015901 0.962764 -0.269734 -0.017110 0.962783 -0.272751 -0.016483 0.961944 -0.272473 -0.017285 0.962008 -0.273006 -0.015535 0.961887 -0.272095 -0.018084 0.962100 -0.131547 -0.015325 0.991191 -0.134763 -0.012690 0.990797 -0.103191 -0.019858 0.994463 -0.106880 -0.015768 0.994147 -0.114743 -0.012527 0.993316 -0.141734 -0.009104 0.989863 -0.060430 -0.024722 0.997866 -0.061841 -0.018960 0.997906 -0.065293 -0.015715 0.997742 -0.071759 -0.014118 0.997322 -0.126449 -0.010407 0.991918 -0.079437 -0.014344 0.996737 -0.137718 -0.009656 0.990424 -0.152850 -0.005770 0.988233 -0.162564 -0.003059 0.986693 -0.149409 -0.013345 0.988685 -0.144868 -0.014402 0.989346 -0.152168 -0.013006 0.988269 -0.154877 -0.015523 0.987812 -0.151483 -0.015375 0.988340 -0.146635 -0.016566 0.989052 -0.153265 -0.013184 0.988097 -0.151680 -0.013614 0.988336 -0.154841 -0.018978 0.987757 -0.156510 -0.016632 0.987536 -0.163153 -0.020434 0.986389 -0.160400 -0.018667 0.986876 -0.163621 -0.024002 0.986231 -0.174271 -0.025301 0.984373 -0.170971 -0.023530 0.984995 -0.167081 -0.022359 0.985690 
						-0.156058 -0.017976 0.987584 -0.150497 -0.019213 0.988424 -0.162294 -0.021861 0.986500 -0.156238 -0.021994 0.987475 -0.130910 -0.017853 0.991234 -0.134601 -0.020312 0.990692 -0.111384 -0.023325 0.993504 -0.103476 -0.023816 0.994347 -0.157205 -0.024285 0.987267 -0.144186 -0.022518 0.989294 -0.160011 -0.023974 0.986824 -0.142966 -0.022613 0.989469 -0.165881 -0.021615 0.985909 -0.149420 -0.019854 0.988574 -0.145890 -0.021055 0.989077 -0.163254 -0.022687 0.986323 -0.117070 -0.017743 0.992965 -0.114259 -0.020016 0.993249 -0.065446 -0.019201 0.997671 -0.065894 -0.015786 0.997702 -0.064500 -0.025727 0.997586 -0.062127 -0.029170 0.997642 -0.203037 0.190039 0.960553 -0.221128 0.179001 0.958677 -0.203059 0.253940 0.945664 -0.222392 0.240790 0.944755 -0.240894 0.223177 0.944543 -0.237807 0.165226 0.957156 -0.203219 0.311483 0.928267 -0.223833 0.295275 0.928823 -0.202342 0.360263 0.910642 -0.223871 0.340698 0.913130 -0.243379 0.315099 0.917322 -0.243347 0.273135 0.930688 -0.261235 0.241183 0.934659 -0.258887 0.196673 0.945673 -0.260013 0.280223 0.924050 -0.253858 0.148346 0.955798 -0.178869 0.073156 0.981149 -0.176813 0.131780 0.975383 -0.181542 0.031534 0.982877 -0.137636 0.033707 0.989909 -0.135656 0.077091 0.987752 -0.134055 0.137475 0.981392 -0.184305 0.006606 0.982847 -0.186664 -0.003173 0.982419 -0.141569 -0.003612 0.989922 -0.139720 0.007274 0.990164 -0.078262 0.007411 0.996905 -0.077167 0.034865 0.996408 -0.079266 -0.004223 0.996844 -0.076125 0.079498 0.993924 -0.075211 0.141213 0.987118 -0.175685 0.199274 0.964067 -0.132962 0.206802 0.969306 -0.132071 0.275026 0.952322 -0.175131 0.265225 0.948148 -0.074435 0.212034 0.974423 -0.073612 0.282112 0.956553 -0.072459 0.347286 0.934956 -0.130831 0.338087 0.931977 -0.070713 0.404599 0.911756 -0.128657 0.393238 0.910391 -0.174402 0.325519 0.929312 
						-0.172608 0.377626 0.909728 -0.252248 -0.003457 0.967656 -0.260118 -0.002161 0.965575 -0.243670 -0.005103 0.969845 -0.244643 0.039912 0.968791 -0.254111 0.040869 0.966311 -0.263760 0.043392 0.963612 -0.234025 -0.007309 0.972203 -0.223401 -0.007809 0.974695 -0.224449 0.049062 0.973250 -0.234973 0.041529 0.971114 -0.224707 0.152530 0.962414 -0.239924 0.141339 0.960448 -0.207275 0.178019 0.961949 -0.141103 0.447774 0.882943 -0.181341 0.393356 0.901325 -0.214497 0.365156 0.905898 -0.254829 0.138662 0.956993 -0.271138 0.142311 0.951962 -0.245853 0.355137 0.901905 -0.279806 0.358873 0.890460 -0.266672 -0.001012 0.963787 -0.272140 0.047633 0.961078 -0.277215 0.055566 0.959200 -0.271189 0.000705 0.962526 -0.285748 0.152067 0.946163 -0.309386 0.375609 0.873612 -0.325321 0.413594 0.850356 -0.294339 0.172416 0.940020 -0.294366 0.210078 0.932317 -0.277892 0.069701 0.958080 -0.322166 0.482155 0.814700 -0.273503 0.003500 0.961865 0.201406 0.002550 -0.979505 0.159587 -0.006558 -0.987162 0.162218 -0.021307 -0.986525 0.202177 -0.002830 -0.979345 0.090814 -0.019757 -0.995672 0.091540 -0.053656 -0.994355 0.076962 -0.126884 -0.988927 0.083916 -0.099913 -0.991451 0.140195 -0.071604 -0.987531 0.144459 -0.059204 -0.987738 0.181512 -0.008120 -0.983355 0.188556 -0.009982 -0.982012 0.181646 -0.016716 -0.983222 0.176901 -0.018299 -0.984059 0.198272 -0.010742 -0.980088 0.192956 -0.011093 -0.981145 0.207250 -0.006681 -0.978265 0.210852 -0.012098 -0.977443 0.704693 -0.677909 0.209398 0.791936 -0.566299 0.228346 0.783515 -0.582812 0.215488 0.690009 -0.696393 0.197293 0.856055 -0.466161 0.223303 0.851111 -0.481725 0.208689 0.857428 -0.494689 0.141776 0.787390 -0.598279 0.148587 0.687264 -0.714215 0.132532 0.907821 -0.366125 0.204485 0.904301 -0.382141 0.190282 0.953891 -0.238696 0.181980 0.950985 -0.257078 0.171869 
						0.953780 -0.268984 0.133984 0.909638 -0.393771 0.132298 0.919324 -0.393495 0.002391 0.868668 -0.495208 -0.013568 0.961822 -0.268388 0.053546 0.798629 -0.601727 -0.010780 0.694041 -0.719628 -0.021031 0.570818 -0.804332 0.164971 0.593192 -0.785246 0.177516 0.560178 -0.822147 0.101365 0.424516 -0.902469 0.073040 0.441195 -0.886879 0.137087 0.470138 -0.869841 0.149490 0.561654 -0.826136 -0.045218 0.422836 -0.903337 -0.072053 0.281746 -0.952161 -0.118355 0.283417 -0.958286 0.036922 0.140794 -0.969518 -0.200527 0.137527 -0.990336 -0.017940 0.303649 -0.946843 0.106236 0.337518 -0.933750 0.119128 0.158419 -0.985218 0.065182 0.195523 -0.977351 0.080969 0.616947 -0.766604 0.178029 0.721466 -0.659981 0.209551 0.500374 -0.853005 0.148352 0.616947 -0.766604 0.178029 0.500374 -0.853005 0.148352 0.521278 -0.836420 0.169327 0.631411 -0.748359 0.203172 0.721466 -0.659981 0.209551 0.729589 -0.642279 0.234897 0.373287 -0.920597 0.114709 0.235813 -0.969064 0.072843 0.373287 -0.920597 0.114709 0.235813 -0.969064 0.072843 0.268264 -0.960257 0.077071 0.400262 -0.907385 0.128227 0.415045 -0.893682 0.170500 0.527826 -0.818640 0.226338 0.291024 -0.951422 0.100500 0.297195 -0.939410 0.170835 0.403010 -0.870615 0.282157 0.497052 -0.785750 0.368152 0.630315 -0.728357 0.268699 0.722294 -0.622347 0.301620 0.583751 -0.690445 0.427224 0.803509 -0.549823 0.228185 0.808112 -0.533117 0.250484 0.803509 -0.549823 0.228185 0.870264 -0.431642 0.237328 0.865052 -0.449514 0.222761 0.865052 -0.449514 0.222761 0.799828 -0.513819 0.310267 0.868598 -0.410096 0.278136 0.932328 -0.296397 0.207155 0.923835 -0.325497 0.201448 0.983573 -0.141992 0.111454 0.970564 -0.185725 0.153335 0.915761 -0.347468 0.201611 0.915761 -0.347468 0.201611 0.960752 -0.215710 0.174429 0.960752 -0.215710 0.174429 -0.782534 -0.596181 -0.179469 
						-0.771813 -0.613720 -0.166289 -0.680540 -0.718126 -0.145467 -0.698226 -0.699110 -0.154029 -0.771813 -0.613720 -0.166289 -0.764987 -0.629888 -0.134299 -0.666266 -0.735210 -0.124722 -0.680540 -0.718126 -0.145467 -0.554066 -0.824720 -0.113350 -0.575474 -0.808686 -0.121888 -0.575474 -0.808686 -0.121888 -0.599844 -0.790427 -0.124148 -0.762250 -0.643988 -0.065223 -0.656216 -0.750401 -0.079234 -0.536338 -0.839017 -0.091601 -0.403895 -0.910356 -0.090112 -0.428771 -0.898597 -0.093158 -0.259729 -0.963223 -0.068871 -0.290427 -0.954915 -0.061560 -0.456759 -0.884925 -0.090990 -0.487549 -0.868822 -0.086278 -0.456759 -0.884925 -0.090990 -0.324380 -0.944464 -0.052589 -0.324380 -0.944464 -0.052589 -0.361505 -0.931405 -0.042418 -0.699623 -0.671937 -0.242957 -0.779295 -0.570707 -0.258830 -0.606796 -0.766042 -0.212079 -0.540588 -0.688808 -0.483020 -0.626689 -0.592474 -0.506197 -0.709838 -0.504212 -0.491834 -0.502113 -0.849550 -0.161703 -0.384800 -0.917500 -0.100607 -0.360925 -0.877108 -0.316882 -0.454977 -0.788349 -0.414128 -0.284005 -0.587363 -0.757856 -0.330982 -0.473854 -0.816035 -0.239177 -0.712966 -0.659146 -0.042431 -0.410352 -0.910940 -0.057400 -0.304585 -0.950754 -0.078811 -0.219691 -0.972381 -0.400071 -0.392427 -0.828218 -0.490199 -0.343784 -0.800948 -0.120429 -0.167786 -0.978440 -0.183956 -0.149525 -0.971495 -0.841446 -0.470651 -0.265436 -0.848104 -0.492229 -0.196035 -0.777579 -0.420320 -0.467657 -0.830241 -0.332668 -0.447249 -0.889853 -0.373023 -0.262710 -0.897888 -0.392817 -0.198724 -0.575157 -0.301823 -0.760327 -0.251585 -0.140305 -0.957611 -0.306392 -0.116955 -0.944693 -0.639989 -0.244010 -0.728611 -0.686501 -0.163947 -0.708405 -0.873207 -0.229739 -0.429801 -0.342313 -0.074731 -0.936609 -0.354714 -0.004338 -0.934965 -0.713115 -0.040466 -0.699878 -0.906088 -0.081282 -0.415209 -0.930761 -0.264663 -0.252264 -0.939283 -0.285178 -0.190844 -0.965041 -0.113402 -0.236296 -0.974767 -0.137633 -0.175744 
						-0.842840 -0.507289 -0.179662 -0.895434 -0.406928 -0.180574 -0.842840 -0.507289 -0.179662 -0.895434 -0.406928 -0.180574 -0.897211 -0.419605 -0.137633 -0.841861 -0.521296 -0.139715 -0.937980 -0.300162 -0.173485 -0.974363 -0.155690 -0.162412 -0.937980 -0.300162 -0.173485 -0.974363 -0.155690 -0.162412 -0.976232 -0.170278 -0.134080 -0.940295 -0.312829 -0.134105 -0.945136 -0.322476 -0.052222 -0.901847 -0.429527 -0.046670 -0.980372 -0.181658 -0.076621 -0.844427 -0.532954 -0.053877 -0.258686 0.118066 0.958719 -0.252123 0.070849 0.965098 -0.266261 0.170971 0.948617 -0.276504 0.238767 0.930879 -0.272728 0.176865 0.945695 -0.270819 0.115781 0.955642 -0.270964 0.227450 0.935332 -0.269256 0.281593 0.920981 -0.275296 0.355335 0.893280 -0.278360 0.299941 0.912442 -0.303362 0.415264 0.857629 -0.308154 0.345942 0.886209 -0.294993 0.474779 0.829195 -0.333116 0.683665 0.649335 -0.356367 0.617844 0.700908 -0.377778 0.536380 0.754706 -0.312264 0.270352 0.910714 -0.320050 0.188125 0.928535 -0.401030 0.439353 0.803831 -0.432505 0.321239 0.842463 -0.247748 0.033112 0.968258 -0.270640 0.062025 0.960681 -0.270769 0.026000 0.962293 -0.244844 0.009506 0.969516 -0.329030 0.108479 0.938068 -0.463729 0.193089 0.864680 -0.487632 0.093015 0.868080 -0.336401 0.051149 0.940329 -0.342834 0.016102 0.939258 -0.271417 0.005242 0.962448 -0.506072 0.028835 0.862009 -0.519727 0.004857 0.854318 -0.347942 0.003216 0.937511 -0.272021 -0.001918 0.962289 -0.243227 -0.003187 0.969964 -0.242158 -0.007034 0.970211 0.183639 0.982596 0.027943 0.229124 0.972668 0.037662 0.243574 0.968599 -0.049874 0.204199 0.975700 -0.079449 0.244981 0.968617 0.042018 0.254522 0.966749 -0.024815 0.273800 0.932224 -0.236625 0.274608 0.909963 -0.310737 0.250217 0.891353 -0.377996 0.218675 0.974989 0.039730 0.224456 0.974442 -0.009043 0.107831 0.993809 0.026756 
						0.111677 0.993692 -0.010256 0.112773 0.984740 -0.132552 0.233371 0.957513 -0.169433 0.228080 0.844315 -0.484884 0.272968 0.761545 -0.587824 0.103936 0.909069 -0.403474 0.097333 0.607813 -0.788092 0.193146 0.521497 -0.831105 0.230647 0.428927 -0.873398 0.280793 0.685244 -0.672009 0.271514 0.626981 -0.730188 0.244602 0.360939 -0.899940 0.250686 0.317490 -0.914525 0.148774 0.983198 -0.105772 0.121722 0.992435 0.015993 0.211870 0.878585 -0.428018 0.163939 0.874017 -0.457404 0.083588 0.988872 -0.123067 0.051351 0.998667 0.005236 0.254358 0.589862 -0.766397 0.252157 0.292349 -0.922469 0.249645 0.279740 -0.927051 0.231864 0.572103 -0.786726 0.200896 0.571205 -0.795842 0.102274 0.877691 -0.468186 0.242805 0.277266 -0.929607 0.229778 0.284760 -0.930652 0.156283 0.585890 -0.795178 0.021949 0.886638 -0.461943 0.005578 0.991411 -0.130666 -0.029878 0.999549 -0.003101 -0.087510 0.987635 -0.130076 -0.123584 0.992291 -0.009255 0.101158 0.989915 0.099174 0.166704 0.981142 0.097832 0.028459 0.995062 0.095093 0.101158 0.989915 0.099174 0.028459 0.995062 0.095093 -0.038044 0.938199 0.343999 0.036735 0.943464 0.329432 0.166704 0.981142 0.097832 0.109357 0.948927 0.295938 -0.053377 0.994786 0.086899 -0.145978 0.986380 0.075800 -0.053377 0.994786 0.086899 -0.145978 0.986380 0.075800 -0.202877 0.923981 0.324190 -0.117057 0.932577 0.341465 -0.199385 0.697810 0.687973 -0.139142 0.711606 0.688663 -0.262982 0.695541 0.668628 -0.076903 0.740768 0.667344 -0.007441 0.787057 0.616835 0.216246 0.972162 0.090218 0.169692 0.954556 0.245006 0.216246 0.972162 0.090218 0.200610 0.962336 0.183482 0.235645 0.968749 0.077435 0.235645 0.968749 0.077435 0.062411 0.846315 0.529014 -0.093639 0.538850 0.837181 -0.045528 0.675745 0.735728 0.113723 0.908301 0.402561 0.121482 0.961547 0.246311 
						0.186376 0.975448 0.117326 -0.015737 0.848934 0.528264 -0.071592 0.979777 0.186845 0.032372 0.996271 0.079979 0.083115 0.995384 0.047989 0.212059 0.975413 0.060007 0.212059 0.975413 0.060007 0.103214 0.994063 0.034426 0.103214 0.994063 0.034426 -0.175906 -0.022813 0.984143 -0.177381 -0.022134 0.983893 -0.167490 -0.021154 0.985647 -0.186168 -0.023420 0.982239 -0.187939 -0.022704 0.981918 -0.188626 -0.022676 0.981787 -0.178029 -0.022262 0.983773 -0.168380 -0.021391 0.985490 -0.198148 -0.024026 0.979878 -0.200579 -0.022920 0.979409 -0.200951 -0.022426 0.979345 -0.200591 -0.022407 0.979419 -0.188548 -0.022977 0.981795 -0.199765 -0.022955 0.979575 -0.187955 -0.023715 0.981891 -0.178137 -0.022847 0.983741 -0.168807 -0.022116 0.985401 -0.177863 -0.023801 0.983767 -0.168901 -0.023246 0.985359 -0.151606 -0.019483 0.988249 -0.152956 -0.019749 0.988036 -0.120770 -0.017246 0.992531 -0.119264 -0.017172 0.992714 -0.153815 -0.020520 0.987887 -0.154390 -0.021728 0.987771 -0.122850 -0.018980 0.992244 -0.121887 -0.017868 0.992383 -0.068037 -0.015186 0.997567 -0.067536 -0.014787 0.997607 -0.068507 -0.016103 0.997521 -0.066859 -0.014960 0.997650 -0.173197 -0.024193 0.984590 -0.169755 -0.025371 0.985160 -0.177875 -0.026064 0.983708 -0.182663 -0.025075 0.982856 -0.166383 -0.025182 0.985739 -0.172753 -0.025287 0.984640 -0.178114 -0.025528 0.983679 -0.185020 -0.026433 0.982379 -0.183316 -0.025229 0.982730 -0.191832 -0.025152 0.981105 -0.192150 -0.025525 0.981034 -0.201775 -0.023696 0.979145 -0.177379 -0.024829 0.983829 -0.168821 -0.024428 0.985344 -0.187154 -0.024590 0.982023 -0.186275 -0.025360 0.982170 -0.176810 -0.025670 0.983910 -0.168689 -0.025363 0.985343 -0.198790 -0.023734 0.979755 -0.197762 -0.024467 0.979945 -0.196773 -0.025183 0.980126 -0.185425 -0.026057 0.982313 -0.195909 -0.025902 0.980280 -0.184700 -0.026698 0.982432 
						-0.176257 -0.026362 0.983991 -0.168580 -0.026085 0.985343 -0.175814 -0.026921 0.984055 -0.168566 -0.026613 0.985331 -0.154899 -0.023009 0.987662 -0.155467 -0.024047 0.987548 -0.125173 -0.021336 0.991905 -0.123903 -0.020240 0.992088 -0.156121 -0.024864 0.987425 -0.156887 -0.025472 0.987288 -0.128363 -0.023085 0.991459 -0.126663 -0.022284 0.991695 -0.070915 -0.019293 0.997296 -0.069901 -0.018292 0.997386 -0.072148 -0.020241 0.997189 -0.069103 -0.017235 0.997461 -0.266406 -0.012617 0.963778 -0.262929 -0.012744 0.964731 -0.269848 -0.012242 0.962825 -0.272520 -0.008254 0.962115 -0.269009 -0.009518 0.963091 -0.265386 -0.010512 0.964085 -0.272602 -0.012079 0.962051 -0.273515 -0.013007 0.961780 -0.276294 -0.007940 0.961040 -0.275293 -0.007363 0.961332 -0.276021 -0.001231 0.961151 -0.273425 -0.003238 0.961888 -0.277208 -0.000859 0.960810 -0.275545 0.007495 0.961259 -0.274331 0.005655 0.961619 -0.272155 0.002331 0.962251 -0.270231 -0.005462 0.962780 -0.266918 -0.007653 0.963689 -0.269500 -0.001233 0.963000 -0.266915 -0.004725 0.963708 -0.258344 -0.012995 0.965966 -0.260897 -0.011326 0.965300 -0.254385 -0.011991 0.967029 -0.251693 -0.013386 0.967714 -0.263100 -0.009112 0.964726 -0.264323 -0.007050 0.964409 -0.258770 -0.008126 0.965905 -0.256907 -0.010130 0.966383 -0.247813 -0.010836 0.968747 -0.245372 -0.012436 0.969349 -0.249840 -0.009058 0.968245 -0.237406 -0.010033 0.971359 -0.235597 -0.011504 0.971783 -0.233541 -0.012793 0.972263 -0.242862 -0.013646 0.969965 -0.231483 -0.013770 0.972741 0.258818 0.024458 -0.965616 0.250164 0.025157 -0.967877 0.251032 0.019220 -0.967788 0.259269 0.018238 -0.965633 0.239339 0.025822 -0.970593 0.240489 0.020206 -0.970442 0.238201 -0.007795 -0.971185 0.249162 -0.009665 -0.968414 0.258443 -0.011101 -0.965963 0.225787 0.026723 -0.973810 0.227043 0.021291 -0.973652 0.208606 0.028111 -0.977596 
						0.209704 0.022673 -0.977502 0.207260 -0.003625 -0.978279 0.224649 -0.005767 -0.974423 0.213931 -0.069298 -0.974388 0.228135 -0.073603 -0.970843 0.196702 -0.065240 -0.978290 0.163242 -0.213593 -0.963188 0.179635 -0.221509 -0.958470 0.195602 -0.230536 -0.953202 0.241197 -0.077690 -0.967361 0.255250 -0.080711 -0.963500 0.214754 -0.239454 -0.946859 0.243281 -0.246452 -0.938124 0.266140 0.017271 -0.963780 0.265785 0.023665 -0.963742 0.267792 -0.011499 -0.963408 0.277263 -0.008528 -0.960756 0.271690 0.017065 -0.962234 0.270862 0.023137 -0.962340 0.274474 -0.079937 -0.958266 0.292532 -0.244124 -0.924569 0.361059 -0.214141 -0.907623 0.298377 -0.068649 -0.951976 0.316407 -0.044010 -0.947602 0.282833 -0.001105 -0.959169 0.410258 -0.130901 -0.902526 0.410823 -0.030524 -0.911204 0.314332 -0.013125 -0.949222 0.282177 0.008197 -0.959327 0.274644 0.018222 -0.961373 0.273350 0.023063 -0.961638 0.274289 0.020201 -0.961435 0.272809 0.023153 -0.961790 0.265482 0.021712 -0.963871 0.257942 0.021949 -0.965911 0.270757 0.021616 -0.962405 0.270717 0.020488 -0.962441 0.265216 0.020395 -0.963973 0.257287 0.020281 -0.966122 0.273258 0.021682 -0.961696 0.272594 0.021728 -0.961884 0.272413 0.020286 -0.961967 0.273266 0.020468 -0.961721 0.273581 0.019595 -0.961649 0.270835 0.019861 -0.962421 0.272470 0.018899 -0.961979 0.272680 0.017656 -0.961943 0.274168 0.019377 -0.961487 0.271026 0.019864 -0.962367 0.265107 0.019694 -0.964018 0.256992 0.019434 -0.966218 0.265198 0.019660 -0.963994 0.257175 0.019469 -0.966169 0.248642 0.022184 -0.968341 0.247588 0.020200 -0.968655 0.236294 0.020426 -0.971467 0.237474 0.022582 -0.971131 0.247148 0.019299 -0.968786 0.247564 0.019659 -0.968672 0.236774 0.020530 -0.971348 0.235925 0.019618 -0.971573 0.222480 0.020936 -0.974712 0.222881 0.021489 -0.974609 0.223734 0.022534 -0.974390 
						0.204336 0.024837 -0.978586 0.205471 0.023252 -0.978387 0.205993 0.023523 -0.978271 0.223892 0.023518 -0.974330 0.206930 0.025187 -0.978032 0.158211 0.026641 -0.987046 0.166371 0.028460 -0.985652 0.166275 0.043410 -0.985123 0.152598 0.045390 -0.987246 0.176183 0.029001 -0.983930 0.180332 0.039878 -0.982797 0.181770 0.084355 -0.979716 0.160211 0.100743 -0.981928 0.132695 0.114857 -0.984479 0.188456 0.027500 -0.981696 0.196063 0.034896 -0.979970 0.213241 0.033021 -0.976442 0.218872 0.066031 -0.973517 0.200794 0.072284 -0.976963 0.213453 0.160759 -0.963636 0.193897 0.192031 -0.962044 0.229137 0.142384 -0.962924 0.163695 0.236468 -0.957751 0.109512 0.277963 -0.954329 0.135801 0.039597 -0.989945 0.148891 0.019184 -0.988667 0.096143 0.113732 -0.988849 0.062046 0.061804 -0.996158 0.112561 0.012468 -0.993567 0.128862 -0.004196 -0.991654 -0.072750 0.595600 -0.799980 0.033130 0.267637 -0.962950 -0.242714 0.392634 -0.887090 -0.027748 0.175402 -0.984106 -0.088957 0.010208 -0.995983 -0.070126 0.070920 -0.995014 -0.330085 0.139771 -0.933546 0.017727 0.013351 -0.999754 0.025040 0.038077 -0.998961 0.043106 0.021981 -0.998829 0.039674 0.013848 -0.999117 0.057363 0.006469 -0.998332 0.082020 -0.041040 -0.995785 0.075597 -0.030580 -0.996669 -0.175560 -0.027611 0.984081 -0.168697 -0.027196 0.985293 -0.184198 -0.027585 0.982502 -0.184048 -0.028976 0.982490 -0.175585 -0.028650 0.984047 -0.169032 -0.028042 0.985212 -0.195279 -0.027014 0.980376 -0.195063 -0.028868 0.980366 -0.195492 -0.031392 0.980203 -0.184414 -0.030805 0.982366 -0.196775 -0.034432 0.979844 -0.185444 -0.032973 0.982102 -0.175998 -0.029986 0.983934 -0.169655 -0.029108 0.985074 -0.176899 -0.031554 0.983723 -0.170640 -0.030347 0.984866 -0.234974 0.024022 0.971705 -0.209563 0.028048 0.977393 -0.240950 -0.003829 0.970530 -0.865882 0.283694 0.412027 
						-0.631669 0.591405 0.501233 -0.307456 0.346733 0.886142 -0.223371 -0.020455 0.974519 -0.638117 -0.027466 0.769449 -0.993586 0.021355 0.111046 -0.819293 0.473368 -0.323546 -0.990639 0.078242 -0.111863 -0.769106 0.577076 -0.274697 -0.460223 0.869280 -0.180409 -0.245758 0.827411 0.504969 -0.327198 0.931929 -0.156361 -0.200513 0.015497 0.979569 -0.221888 0.181474 0.958036 -0.209383 0.105344 0.972143 -0.203110 0.004440 0.979146 -0.174234 0.515061 0.839258 -0.173130 0.325978 0.929389 -0.188443 0.228910 0.955034 -0.214207 0.067879 0.974427 -0.211415 -0.003538 0.977390 0.268529 0.013977 -0.963170 0.262439 0.013860 -0.964849 0.268722 0.013821 -0.963119 0.263017 0.013394 -0.964698 0.256026 0.013700 -0.966573 0.254942 0.014261 -0.966851 0.270786 0.015054 -0.962522 0.265280 0.014214 -0.964067 0.267254 0.016225 -0.963490 0.260403 0.016119 -0.965365 0.258253 0.014327 -0.965971 0.249628 0.015030 -0.968225 0.247475 0.014616 -0.968784 0.251880 0.016468 -0.967618 0.241701 0.017082 -0.970200 0.239440 0.016009 -0.970779 0.237400 0.015854 -0.971283 0.246195 0.015263 -0.969100 0.236141 0.016636 -0.971576 0.302445 0.013190 -0.953076 0.509382 0.007303 -0.860510 0.452472 0.102366 -0.885884 0.297558 0.024091 -0.954400 0.954867 0.007184 -0.296946 0.996275 0.010090 0.085640 0.862327 0.505345 -0.031923 0.810319 0.356943 -0.464732 0.430022 0.322994 -0.843064 0.342540 0.103191 -0.933819 0.448335 0.673511 -0.587689 0.250198 0.501059 -0.828457 0.300348 0.220186 -0.928068 0.295435 0.082805 -0.951768 0.286070 0.027972 -0.957800 0.279700 0.027957 -0.959680 -0.239442 -0.008582 0.970873 -0.222397 -0.010224 0.974902 -0.252208 -0.006751 0.967650 -0.253308 -0.005322 0.967371 -0.240344 -0.005660 0.970671 -0.222921 -0.006306 0.974816 -0.260807 -0.005454 0.965376 -0.265096 -0.004725 0.964210 -0.265279 -0.005061 0.964158 
						-0.261627 -0.005168 0.965155 -0.263007 -0.003910 0.964786 -0.255035 -0.002306 0.966929 -0.265734 -0.004926 0.964034 -0.264774 -0.001225 0.964310 -0.257033 0.002637 0.966399 -0.242016 -0.000332 0.970272 -0.224241 0.000920 0.974533 -0.244115 0.006405 0.969725 -0.196149 -0.008196 0.980540 -0.194682 -0.010400 0.980811 -0.198647 -0.001442 0.980070 -0.158284 0.014991 0.987280 -0.154432 -0.001005 0.988003 -0.150211 -0.008164 0.988620 -0.204601 0.004258 0.978836 -0.188703 0.009789 0.981985 -0.171436 0.011524 0.985128 -0.176748 0.013814 0.984159 -0.140286 0.045359 0.989071 -0.141757 0.043227 0.988957 -0.082750 0.076079 0.993662 -0.079633 0.087278 0.992996 -0.088010 0.040403 0.995300 -0.084423 -0.004757 0.996419 -0.087479 0.008141 0.996133 -0.192592 -0.009189 0.981236 -0.147505 -0.008660 0.989023 -0.145265 -0.008223 0.989359 -0.190615 -0.007684 0.981635 -0.082835 -0.007444 0.996536 -0.081501 -0.008395 0.996638 -0.080323 -0.007429 0.996741 -0.143339 -0.006632 0.989651 -0.188671 -0.005739 0.982024 -0.236941 -0.045128 0.970475 -0.051203 -0.207711 0.976849 -0.074911 -0.241344 0.967544 -0.244404 -0.045259 0.968617 0.349516 -0.530436 0.772319 0.299576 -0.624808 0.721019 0.255227 -0.733992 0.629377 -0.093384 -0.285763 0.953740 0.206271 -0.853482 0.478561 -0.107674 -0.354540 0.928820 -0.249985 -0.043677 0.967264 -0.253050 -0.042246 0.966530 -0.256091 -0.036852 0.965950 -0.268146 -0.043316 0.962404 -0.268173 -0.047419 0.962203 -0.255840 -0.040493 0.965871 -0.316634 -0.061907 0.946526 -0.316285 -0.067452 0.946263 -0.315949 -0.072454 0.946006 -0.268833 -0.050453 0.961864 -0.256596 -0.042867 0.965568 -0.420646 -0.100010 0.901696 -0.418740 -0.108703 0.901577 -0.622029 -0.174793 0.763235 -0.617061 -0.190352 0.763546 -0.610178 -0.207211 0.764687 -0.416006 -0.117591 0.901727 -0.412627 -0.126623 0.902057 -0.315931 -0.077052 0.945648 
						-0.601222 -0.224966 0.766761 -0.590220 -0.243201 0.769736 -0.408873 -0.135798 0.902431 -0.316528 -0.081483 0.945077 -0.270462 -0.052665 0.961289 -0.258647 -0.044215 0.964959 -0.273266 -0.054429 0.960398 -0.261984 -0.044938 0.964025 -0.260103 -0.039306 0.964780 -0.260903 -0.035594 0.964709 -0.259089 -0.041886 0.964945 -0.255155 -0.043383 0.965926 -0.263098 -0.038544 0.963999 -0.265424 -0.034035 0.963531 -0.258583 -0.042638 0.965048 -0.259477 -0.041933 0.964839 -0.238543 -0.037250 0.970417 -0.244996 -0.043064 0.968567 -0.193291 -0.059514 0.979335 -0.243018 -0.052773 0.968585 -0.164572 -0.034166 0.985773 0.117942 -0.058879 0.991273 -0.104700 -0.122186 0.986969 -0.225891 -0.075954 0.971187 -0.264471 -0.039084 0.963601 -0.269382 -0.032027 0.962501 -0.264902 -0.041329 0.963389 -0.261385 -0.031963 0.964705 -0.256393 -0.032923 0.966012 -0.265692 -0.030987 0.963560 -0.265817 -0.028494 0.963602 -0.261461 -0.029012 0.964778 -0.256094 -0.029674 0.966196 -0.269195 -0.029849 0.962623 -0.269142 -0.027941 0.962695 -0.269132 -0.026250 0.962745 -0.265795 -0.026476 0.963666 -0.269055 -0.024716 0.962808 -0.265555 -0.024849 0.963775 -0.261199 -0.026707 0.964916 -0.255306 -0.027130 0.966480 -0.260582 -0.024985 0.965128 -0.254083 -0.025276 0.966852 -0.267979 -0.038947 0.962637 -0.267099 -0.035264 0.963024 -0.315635 -0.051689 0.947472 -0.316540 -0.056404 0.946901 -0.265660 -0.032341 0.963524 -0.263782 -0.030198 0.964110 -0.312226 -0.045085 0.948938 -0.314130 -0.047893 0.948171 -0.421312 -0.079010 0.903467 -0.421828 -0.084813 0.902700 -0.420463 -0.074623 0.904236 -0.631938 -0.130158 0.764011 -0.630324 -0.138132 0.763945 -0.628370 -0.148410 0.763627 -0.421703 -0.091884 0.902066 -0.625713 -0.160741 0.763312 -0.268822 -0.023285 0.962908 -0.268379 -0.021929 0.963064 -0.264314 -0.022130 0.964183 -0.265062 -0.023445 0.963946 -0.267734 -0.020528 0.963274 
						-0.263307 -0.020832 0.964487 -0.257054 -0.020974 0.966169 -0.258491 -0.022268 0.965757 -0.248815 -0.021114 0.968321 -0.250809 -0.022434 0.967776 -0.259660 -0.023582 0.965412 -0.252553 -0.023808 0.967290 -0.244752 -0.018915 0.969401 -0.247299 -0.020290 0.968727 -0.301639 -0.029537 0.952965 -0.302852 -0.032376 0.952488 -0.303732 -0.034743 0.952124 -0.249907 -0.021742 0.968026 -0.426107 -0.049671 0.903308 -0.425816 -0.054468 0.903169 -0.660797 -0.086345 0.745581 -0.658730 -0.093739 0.746517 -0.654696 -0.099943 0.749256 -0.424412 -0.058333 0.903588 -0.422626 -0.061337 0.904226 -0.304555 -0.036638 0.951790 -0.649766 -0.105059 0.752839 -0.644931 -0.109248 0.756392 -0.421118 -0.063588 0.904774 -0.305586 -0.038076 0.951403 -0.252453 -0.023160 0.967332 -0.254903 -0.024434 0.966658 -0.242412 -0.017650 0.970013 -0.240502 -0.016466 0.970509 -0.297297 -0.023020 0.954507 -0.299792 -0.026358 0.953641 -0.239148 -0.015311 0.970863 -0.238404 -0.014107 0.971064 -0.290817 -0.016146 0.956643 -0.294254 -0.019595 0.955526 -0.415427 -0.031797 0.909070 -0.420981 -0.038106 0.906269 -0.408135 -0.025362 0.912569 -0.637686 -0.048189 0.768788 -0.648353 -0.058560 0.759085 -0.655814 -0.068524 0.751806 -0.424569 -0.044117 0.904320 -0.659955 -0.077855 0.747260 0.210042 -0.042905 -0.976750 0.194131 -0.040362 -0.980145 0.175736 -0.127747 -0.976113 0.199499 -0.147119 -0.968791 0.182272 -0.035103 -0.982621 0.174214 -0.026910 -0.984340 0.147636 -0.079431 -0.985847 0.159188 -0.104975 -0.981651 0.102287 -0.251829 -0.962351 0.125273 -0.318066 -0.939756 0.088106 -0.189064 -0.978004 -0.022204 -0.528856 -0.848421 0.015827 -0.645648 -0.763471 0.163227 -0.386147 -0.907881 0.080878 -0.748629 -0.658038 -0.227863 -0.973674 -0.006126 -0.258997 -0.964655 -0.048601 -0.090969 -0.995675 0.018864 -0.127241 -0.991805 -0.011483 -0.136358 -0.979566 -0.147842 -0.254565 -0.941037 -0.222816 
						0.050190 -0.997745 0.044568 0.011948 -0.999669 0.022783 -0.005568 -0.996508 -0.083312 0.011077 -0.951707 -0.306808 -0.096008 -0.903270 -0.418193 -0.179149 -0.823789 -0.537845 -0.185661 -0.982433 -0.018868 -0.147590 -0.988593 -0.030000 -0.185661 -0.982433 -0.018868 -0.007562 -0.999966 -0.003359 -0.046565 -0.998897 0.006043 -0.046565 -0.998897 0.006043 -0.113809 -0.992716 -0.039519 -0.083463 -0.995449 -0.045998 0.053112 -0.998581 -0.003791 0.025640 -0.999636 -0.008377 0.159841 -0.986492 0.035842 0.130594 -0.990995 0.029569 0.179278 -0.981538 0.066648 0.093744 -0.995030 0.033578 0.093744 -0.995030 0.033578 -0.200326 0.979648 -0.012639 -0.220187 0.973375 0.063716 -0.237282 0.971353 -0.013057 -0.254048 0.965758 0.052631 -0.220187 0.973375 0.063716 -0.254048 0.965758 0.052631 -0.296840 0.918582 0.260947 -0.269617 0.916318 0.296087 -0.233003 0.972419 -0.010535 -0.246369 0.968195 0.043595 -0.156084 0.987744 -0.000535 -0.164935 0.985476 0.040418 -0.246369 0.968195 0.043595 -0.164935 0.985476 0.040418 -0.191424 0.965206 0.178144 -0.282395 0.933476 0.221077 -0.320945 0.789624 0.522961 -0.335178 0.736686 0.587325 -0.230000 0.871794 0.432522 -0.313812 0.705978 0.634915 -0.166478 0.978434 -0.122275 -0.053155 0.897150 -0.438517 -0.100847 0.913004 -0.395288 -0.207506 0.972265 -0.107897 0.110226 0.613696 -0.781811 0.215731 0.301847 -0.928627 0.206824 0.335584 -0.919025 0.075375 0.660693 -0.746862 0.058568 0.730376 -0.680530 -0.114101 0.935957 -0.333115 0.208242 0.395117 -0.894717 0.099787 0.824323 -0.557256 -0.055083 0.967669 -0.246137 -0.207668 0.974211 -0.088241 -0.134337 0.989192 -0.058763 0.279236 0.954747 0.102398 0.319724 0.943142 0.090887 0.281654 0.938249 0.200898 0.248870 0.950289 0.187123 0.353965 0.930545 0.093778 0.310758 0.924543 0.220567 0.176945 0.791076 0.585567 0.162133 0.829346 0.534695 
						0.152650 0.873854 0.461604 0.387710 0.915960 0.103432 0.341035 0.909672 0.237049 0.426266 0.897904 0.109845 0.377663 0.892990 0.244827 0.223921 0.753658 0.617947 0.197270 0.767372 0.610103 -0.005002 0.411452 0.911418 -0.019360 0.432296 0.901524 0.006610 0.406382 0.913679 -0.123393 0.125277 0.984419 -0.123675 0.123011 0.984669 -0.134058 0.129015 0.982539 -0.029473 0.489088 0.871737 -0.024686 0.584701 0.810873 -0.148115 0.160812 0.975808 -0.155557 0.227398 0.961297 0.307956 0.951350 -0.009826 0.351296 0.936021 -0.021342 0.307956 0.951350 -0.009826 0.349196 0.863310 -0.364358 0.392126 0.841552 -0.371520 0.351296 0.936021 -0.021342 0.430346 0.825075 -0.366133 0.388353 0.921310 -0.019234 0.388353 0.921310 -0.019234 0.328265 0.588607 -0.738772 0.363181 0.568116 -0.738474 0.268509 0.320424 -0.908423 0.293830 0.305676 -0.905664 0.317481 0.293311 -0.901762 0.395840 0.553753 -0.732577 0.428502 0.543510 -0.721791 0.467528 0.810840 -0.352074 0.340594 0.283208 -0.896543 0.363256 0.273353 -0.890687 0.461791 0.532551 -0.709323 0.506213 0.793650 -0.337444 0.424079 0.905575 -0.009527 0.424079 0.905575 -0.009527 0.462989 0.886362 -0.001719 0.462989 0.886362 -0.001719 0.469156 0.876175 0.110502 0.420225 0.873509 0.245752 0.513018 0.851502 0.108429 0.464659 0.851612 0.242589 0.297951 0.732651 0.611921 0.258134 0.742593 0.617999 0.557229 0.823603 0.105709 0.510215 0.826590 0.237548 0.601116 0.792315 0.104388 0.556016 0.797923 0.232735 0.389470 0.706339 0.591099 0.342280 0.721309 0.602127 0.067686 0.412971 0.908226 0.041336 0.408916 0.911636 0.098591 0.415142 0.904399 -0.108067 0.149293 0.982870 -0.117539 0.143298 0.982675 -0.123594 0.136174 0.982945 0.020788 0.405762 0.913742 -0.125626 0.129568 0.983580 0.505024 0.863104 0.001708 0.545818 0.772575 -0.324362 
						0.505024 0.863104 0.001708 0.584219 0.748786 -0.313062 0.547638 0.836713 0.002157 0.547638 0.836713 0.002157 0.494637 0.520511 -0.695991 0.384374 0.264323 -0.884528 0.403078 0.258043 -0.878033 0.525376 0.508650 -0.682096 0.554476 0.497237 -0.667317 0.621526 0.722767 -0.302181 0.420050 0.255066 -0.870919 0.436007 0.255701 -0.862853 0.582442 0.486388 -0.651297 0.657896 0.694957 -0.290186 0.590303 0.807180 0.001939 0.590303 0.807180 0.001939 0.632465 0.774581 0.003458 0.632465 0.774581 0.003458 -0.270696 0.017049 0.962514 -0.269637 0.013469 0.962868 -0.262079 0.028262 0.964633 -0.261255 0.022419 0.965009 -0.259981 0.016006 0.965481 -0.267975 0.008827 0.963385 -0.248622 0.040590 0.967750 -0.248168 0.032122 0.968184 -0.247152 0.023263 0.968697 -0.245818 0.014627 0.969206 -0.258659 0.009355 0.965924 -0.266412 0.003550 0.963853 -0.253574 -0.042687 0.966374 -0.123971 -0.454912 0.881865 -0.156126 -0.556054 0.816351 -0.252022 -0.041448 0.966833 0.135218 -0.945223 0.297101 0.037050 -0.987104 0.155737 -0.086640 -0.993276 0.076794 -0.214893 -0.615894 0.757955 -0.248235 -0.035741 0.968040 -0.198459 -0.978424 -0.057451 -0.192747 -0.979499 -0.058569 -0.207744 -0.978026 0.017536 -0.213790 -0.976785 0.013583 -0.188513 -0.980335 -0.058353 -0.203437 -0.978805 0.023537 -0.240239 -0.927741 0.285627 -0.246005 -0.932750 0.263549 -0.253794 -0.936191 0.243176 -0.184880 -0.981158 -0.056114 -0.200137 -0.979186 0.033763 -0.180864 -0.982153 -0.051619 -0.196301 -0.979393 0.047492 -0.230010 -0.913311 0.336093 -0.235497 -0.920895 0.310634 -0.250798 -0.691348 0.677597 -0.261034 -0.710766 0.653202 -0.241222 -0.674969 0.697302 -0.215770 -0.358961 0.908070 -0.225617 -0.371187 0.900731 -0.238083 -0.388242 0.890272 -0.272806 -0.731093 0.625364 -0.287084 -0.751023 0.594599 -0.253705 -0.409302 0.876416 -0.273450 -0.432792 0.859020 
						-0.211872 -0.977240 0.010613 -0.196849 -0.978910 -0.054649 -0.252938 -0.941444 0.222946 -0.230969 -0.951788 0.201873 -0.190272 -0.981694 0.008533 -0.176402 -0.983034 -0.050272 -0.293592 -0.773651 0.561488 -0.289320 -0.460000 0.839461 -0.291456 -0.496847 0.817433 -0.279743 -0.804165 0.524464 -0.235659 -0.845819 0.478597 -0.177893 -0.967793 0.178133 -0.273644 -0.550231 0.788901 -0.212098 -0.634664 0.743113 -0.128791 -0.901100 0.414044 -0.062341 -0.986661 0.150378 -0.139109 -0.990249 0.007426 -0.127102 -0.990912 -0.044037 -0.028544 -0.999538 0.010412 -0.020003 -0.999306 -0.031431 -0.167436 -0.970997 -0.170677 -0.170093 -0.969599 -0.175918 -0.146123 -0.975623 -0.163732 -0.167436 -0.970997 -0.170677 -0.146123 -0.975623 -0.163732 -0.040355 -0.866203 -0.498061 -0.062421 -0.857436 -0.510791 -0.170093 -0.969599 -0.175918 -0.069901 -0.850831 -0.520769 -0.096014 -0.983303 -0.154583 0.011830 -0.990289 -0.138521 -0.096014 -0.983303 -0.154583 0.011830 -0.990289 -0.138521 0.101703 -0.883851 -0.456579 0.005826 -0.876433 -0.481489 0.138062 -0.557914 -0.818334 0.106114 -0.543727 -0.832527 0.198560 -0.569461 -0.797676 0.086999 -0.530007 -0.843518 0.073615 -0.518293 -0.852029 -0.166341 -0.969617 -0.179371 -0.073530 -0.844058 -0.531187 -0.166341 -0.969617 -0.179371 -0.082570 -0.828851 -0.553342 -0.165517 -0.970194 -0.176999 -0.165517 -0.970194 -0.176999 0.139619 -0.206872 -0.968354 0.056496 -0.511477 -0.857438 0.101273 -0.198581 -0.974838 0.031220 -0.501328 -0.864694 0.008292 -0.457118 -0.889368 0.051260 -0.184906 -0.981418 -0.044185 -0.727381 -0.684809 -0.080740 -0.930661 -0.356862 -0.068772 -0.864485 -0.497932 -0.147193 -0.969327 -0.196822 -0.125191 -0.931522 -0.341459 -0.172431 -0.975633 -0.135677 -0.175969 -0.980969 -0.082067 -0.172431 -0.975633 -0.135677 -0.175969 -0.980969 -0.082067 0.232835 -0.032542 -0.971972 0.228165 -0.062005 -0.971646 0.234581 -0.010589 -0.972039 
						0.198956 -0.006517 -0.979987 0.196454 -0.023319 -0.980236 0.190504 -0.045508 -0.980631 0.234831 0.004341 -0.972027 0.233013 0.013394 -0.972381 0.195534 0.014966 -0.980583 0.198737 0.005784 -0.980036 0.126106 0.006259 -0.991997 0.127627 -0.003551 -0.991816 0.120017 0.014559 -0.992665 -0.056001 0.008482 -0.998395 -0.043265 0.002383 -0.999061 -0.038084 -0.004276 -0.999265 0.124903 -0.015705 -0.992045 0.117490 -0.030920 -0.992593 -0.039822 -0.011834 -0.999137 -0.048408 -0.020560 -0.998616 0.216984 -0.078889 -0.972982 0.177704 -0.055446 -0.982521 0.153230 -0.030139 -0.987731 0.194838 -0.059955 -0.979001 0.101774 -0.032996 -0.994260 -0.070050 -0.010738 -0.997486 -0.107781 0.048600 -0.992986 0.072729 0.002175 -0.997349 0.027533 0.087340 -0.995798 0.106286 0.051944 -0.992978 -0.149322 0.158598 -0.975987 -0.209900 0.319959 -0.923888 -0.088118 0.288325 -0.953469 0.000915 0.252743 -0.967533 0.154061 0.013667 -0.987967 0.067057 0.202023 -0.977082 -0.174136 -0.982829 -0.061023 -0.173883 -0.983794 -0.043759 -0.155828 -0.977746 -0.140462 -0.174136 -0.982829 -0.061023 -0.154171 -0.984269 -0.086285 -0.158715 -0.986423 -0.042191 -0.158715 -0.986423 -0.042191 -0.155334 -0.987342 -0.032049 -0.091742 -0.958272 -0.270735 -0.094517 -0.985745 -0.139186 -0.094284 -0.995377 -0.018301 -0.098512 -0.994433 -0.037396 -0.098512 -0.994433 -0.037396 -0.188133 -0.979912 0.066173 -0.164546 -0.982346 0.088995 -0.187437 -0.899681 0.394260 -0.218630 -0.905285 0.364226 -0.093523 -0.988995 0.114640 -0.103601 -0.897681 0.428293 -0.106291 -0.637118 0.763402 -0.191395 -0.647736 0.737432 -0.097315 -0.332233 0.938164 -0.171524 -0.340543 0.924451 -0.226322 -0.659780 0.716568 -0.202459 -0.348706 0.915104 0.830728 0.556312 0.020222 0.811995 0.571673 0.117702 0.741595 0.651286 0.160818 0.768597 0.637437 0.054158 0.690402 0.553781 0.465480 0.600926 0.613822 0.511967 
						0.516527 0.656258 0.550024 0.671274 0.714289 0.197946 0.706514 0.702908 0.082207 0.316474 0.364566 0.875749 0.246271 0.390499 0.887052 -0.030250 0.135702 0.990288 -0.055829 0.146289 0.987665 -0.077786 0.151561 0.985382 0.185221 0.405540 0.895115 0.135963 0.412984 0.900532 0.445096 0.685686 0.575955 -0.095310 0.152281 0.983731 0.608054 0.762199 0.222087 0.649652 0.753770 0.098909 0.785513 0.618117 -0.030024 0.841412 0.537211 -0.058576 0.729713 0.683699 -0.008641 0.785513 0.618117 -0.030024 0.729713 0.683699 -0.008641 0.737464 0.613375 -0.282697 0.780251 0.551931 -0.294245 0.841412 0.537211 -0.058576 0.821419 0.475874 -0.314348 0.677922 0.735131 0.002147 0.677922 0.735131 0.002147 0.695931 0.660546 -0.281707 0.610500 0.469841 -0.637604 0.639288 0.440685 -0.630165 0.452078 0.254135 -0.855009 0.468845 0.244007 -0.848908 0.666794 0.398178 -0.629952 0.690919 0.342622 -0.636586 0.484730 0.224506 -0.845360 0.497987 0.195408 -0.844881 0.890481 0.447610 -0.081782 0.883918 0.467628 -0.003645 0.858244 0.390475 -0.333086 0.890481 0.447610 -0.081782 0.895370 0.291829 -0.336375 0.934288 0.345498 -0.087959 0.934288 0.345498 -0.087959 0.929767 0.368039 -0.008943 0.711621 0.275632 -0.646237 0.506491 0.155341 -0.848136 0.506892 0.104326 -0.855673 0.732055 0.194039 -0.653027 0.741790 0.082612 -0.665525 0.931554 0.159297 -0.326851 0.485806 0.039769 -0.873161 0.715059 -0.077319 -0.694775 0.944882 -0.059813 -0.321901 0.975303 0.206622 -0.078048 0.972795 0.231660 0.001877 0.975303 0.206622 -0.078048 0.997835 -0.024468 -0.061038 0.997835 -0.024468 -0.061038 0.999755 0.000859 0.022123 0.871306 0.483521 0.083870 0.920527 0.384683 0.068182 0.848474 0.386830 0.361184 0.774057 0.479091 0.413893 0.965857 0.250582 0.065791 0.997590 0.022444 0.065654 0.974857 0.019085 0.222013 
						0.918650 0.254706 0.302006 0.630301 0.181561 0.754822 0.489906 0.275181 0.827205 0.807078 -0.038680 0.589176 0.052565 0.042979 0.997692 0.030343 0.092388 0.995261 0.396681 0.327857 0.857411 -0.001109 0.119000 0.992894 0.262341 0.042497 -0.964039 0.242794 0.034639 -0.969459 0.240671 0.031985 -0.970079 0.261798 0.038612 -0.964350 0.187822 0.013150 -0.982115 0.183178 0.012671 -0.982998 0.178627 0.012183 -0.983841 0.238058 0.029424 -0.970805 0.260294 0.034920 -0.964898 0.068349 -0.031127 -0.997176 0.059214 -0.028014 -0.997852 -0.206073 -0.127192 -0.970235 -0.223028 -0.116699 -0.967802 -0.237134 -0.106638 -0.965606 0.051076 -0.025034 -0.998381 0.044131 -0.022388 -0.998775 0.174397 0.011678 -0.984606 -0.248374 -0.097574 -0.963737 -0.256762 -0.089977 -0.962277 0.038560 -0.020261 -0.999051 0.170726 0.011126 -0.985256 0.235239 0.027092 -0.971560 0.258215 0.031702 -0.965567 0.232523 0.025066 -0.972268 0.255996 0.029127 -0.966239 0.274652 0.043089 -0.960578 0.273807 0.048554 -0.960558 0.273672 0.037647 -0.961086 0.304832 0.045672 -0.951310 0.306896 0.057227 -0.950021 0.304717 0.067313 -0.950062 0.271126 0.032871 -0.961982 0.267615 0.029213 -0.963083 0.288522 0.027475 -0.957079 0.298233 0.035176 -0.953844 0.352717 0.034352 -0.935099 0.368680 0.062220 -0.927472 0.325257 0.014651 -0.945512 0.372418 0.087747 -0.923908 0.368506 0.108091 -0.923320 0.271701 0.052446 -0.960952 0.262051 0.045541 -0.963979 0.300324 0.074100 -0.950955 0.295431 0.076620 -0.952287 0.269391 0.053606 -0.961538 0.261626 0.047006 -0.964024 0.360878 0.121684 -0.924640 0.352005 0.128860 -0.927086 0.343376 0.130244 -0.930124 0.291270 0.075536 -0.953654 0.336226 0.126767 -0.933211 0.288828 0.071712 -0.954692 0.267854 0.052597 -0.962023 0.261790 0.047310 -0.963965 0.267870 0.050134 -0.962150 0.263123 0.046981 -0.963618 
						0.244457 0.036935 -0.968956 0.246062 0.038567 -0.968487 0.197314 0.014239 -0.980237 0.192491 0.013654 -0.981204 0.248092 0.039830 -0.967917 0.250937 0.041087 -0.967131 0.208347 0.016533 -0.977915 0.202535 0.015116 -0.979158 0.100106 -0.037438 -0.994272 0.088930 -0.036076 -0.995384 0.111769 -0.037855 -0.993013 -0.118721 -0.161901 -0.979639 -0.142142 -0.154731 -0.977678 -0.164923 -0.146507 -0.975365 0.078319 -0.033924 -0.996351 -0.186466 -0.137295 -0.972821 0.257856 0.028776 -0.965755 0.249084 0.029095 -0.968045 0.257710 0.059616 -0.964381 0.251021 0.059195 -0.966170 0.242967 0.060497 -0.968146 0.239264 0.030404 -0.970478 0.252632 0.127686 -0.959100 0.251267 0.125267 -0.959778 0.247231 0.126956 -0.960603 0.240342 0.132411 -0.961615 0.232930 0.062897 -0.970457 0.227587 0.032123 -0.973228 0.265361 0.029075 -0.963711 0.271361 0.029695 -0.962019 0.269616 0.065685 -0.960725 0.263579 0.061587 -0.962670 0.276054 0.029251 -0.960697 0.277949 0.072184 -0.957880 0.266317 0.173215 -0.948194 0.256556 0.148224 -0.955096 0.253372 0.134354 -0.957993 0.181507 0.030885 -0.982905 0.182287 0.025282 -0.982920 0.138249 0.035003 -0.989779 0.138686 0.029247 -0.989904 0.136260 0.003584 -0.990667 0.179872 -0.000653 -0.983690 0.077689 0.038759 -0.996224 0.077813 0.033040 -0.996420 0.075759 0.008107 -0.997093 0.069063 -0.049120 -0.996402 0.127438 -0.055808 -0.990275 0.170139 -0.061099 -0.983524 -0.179307 -0.045171 0.982756 -0.172853 -0.043265 0.983997 -0.188297 -0.047705 0.980953 -0.195356 -0.091517 0.976453 -0.185496 -0.086551 0.978826 -0.178418 -0.082978 0.980450 -0.200244 -0.050695 0.978434 -0.216279 -0.053313 0.974875 -0.225658 -0.103971 0.968643 -0.208383 -0.097661 0.973159 -0.224788 -0.196632 0.954362 -0.210235 -0.184606 0.960063 -0.243753 -0.209888 0.946853 -0.199051 -0.175017 0.964234 -0.190822 -0.168209 0.967105 
						-0.261495 -0.056234 0.963565 -0.259124 -0.057993 0.964101 -0.263177 -0.051584 0.963367 -0.222956 -0.151128 0.963042 -0.244334 -0.153525 0.957461 -0.257516 -0.140219 0.956046 -0.264394 -0.045796 0.963327 -0.212816 -0.116560 0.970115 -0.018369 -0.280329 0.959728 -0.069016 -0.408300 0.910235 0.455163 -0.431678 0.778768 0.330536 -0.774098 0.539924 -0.188414 -0.381090 0.905136 -0.250170 -0.317455 0.914679 -0.034526 -0.752193 0.658038 -0.254061 -0.057859 0.965456 -0.259795 -0.127244 0.957244 -0.254175 -0.117833 0.959953 -0.245325 -0.056920 0.967768 -0.269896 -0.272333 0.923575 -0.270713 -0.244299 0.931146 -0.261381 -0.224683 0.938721 -0.242763 -0.110265 0.963799 -0.232887 -0.055256 0.970933 -0.259512 0.327650 0.908460 -0.243638 0.363461 0.899186 -0.248118 0.438366 0.863871 -0.264982 0.401722 0.876586 -0.223931 0.390823 0.892812 -0.201253 0.412696 0.888358 -0.202122 0.489925 0.848009 -0.226888 0.466883 0.854718 -0.234475 0.591491 0.771466 -0.259450 0.561979 0.785408 -0.206353 0.614637 0.761341 -0.208107 0.822616 0.529145 -0.241180 0.802515 0.545712 -0.274058 0.774472 0.570163 -0.280374 0.523604 0.804506 -0.305606 0.735586 0.604581 0.268508 0.049532 -0.962003 0.264856 0.048463 -0.963069 0.287103 0.069420 -0.955381 0.284205 0.072026 -0.956054 0.268008 0.053269 -0.961943 0.265505 0.053492 -0.962624 0.329665 0.123728 -0.935955 0.321986 0.125593 -0.938377 0.312262 0.131610 -0.940835 0.279149 0.078597 -0.957026 0.299688 0.140854 -0.943582 0.271135 0.088086 -0.958502 0.265420 0.060408 -0.962239 0.264218 0.061206 -0.962519 0.260008 0.069925 -0.963071 0.260342 0.070667 -0.962927 0.253993 0.044045 -0.966203 0.256053 0.049843 -0.965377 0.219265 0.025179 -0.975340 0.214258 0.019657 -0.976579 0.256357 0.057703 -0.964858 0.254322 0.066782 -0.964811 0.223947 0.040565 -0.973757 0.222673 0.032401 -0.974355 
						0.143385 -0.027000 -0.989299 0.134176 -0.032570 -0.990422 0.150559 -0.020357 -0.988391 -0.032779 -0.164349 -0.985857 -0.051896 -0.167465 -0.984511 -0.072888 -0.168430 -0.983015 0.123427 -0.036391 -0.991686 -0.095327 -0.166720 -0.981385 0.269722 0.023157 -0.962660 0.269253 0.021682 -0.962825 0.264691 0.023044 -0.964058 0.263895 0.021586 -0.964310 0.262981 0.019968 -0.964594 0.268719 0.020077 -0.963009 0.257755 0.022862 -0.965940 0.256557 0.021471 -0.966290 0.248980 0.022683 -0.968243 0.247361 0.021391 -0.968687 0.245641 0.020013 -0.969154 0.255236 0.019942 -0.966673 0.253725 0.018277 -0.967104 0.261892 0.018176 -0.964926 0.243773 0.018569 -0.969655 0.268178 0.018317 -0.963195 0.271241 0.022263 -0.962254 0.277672 0.016931 -0.960527 0.270013 0.022913 -0.962584 0.266025 0.023654 -0.963676 0.296459 0.010729 -0.954985 0.278096 0.023306 -0.960270 0.263933 0.026712 -0.964171 0.260936 0.025190 -0.965027 0.253960 0.027097 -0.966835 0.252168 0.025419 -0.967350 0.259020 0.024081 -0.965572 0.250544 0.023978 -0.967808 0.180381 0.131058 -0.974826 0.174681 0.131806 -0.975763 0.189666 0.121029 -0.974361 0.191279 0.121212 -0.974023 0.159753 0.106338 -0.981413 0.176324 0.095023 -0.979735 0.187925 0.086727 -0.978347 0.200464 0.114017 -0.973044 0.199192 0.115825 -0.973092 0.128986 0.042861 -0.990720 0.142793 0.031087 -0.989264 0.053472 -0.111731 -0.992299 0.055136 -0.123029 -0.990870 0.051177 -0.133730 -0.989696 0.151083 0.021598 -0.988285 0.156047 0.013680 -0.987655 0.197387 0.079995 -0.977056 0.042777 -0.143151 -0.988776 0.030341 -0.150326 -0.988171 0.158512 0.006594 -0.987335 0.205976 0.073113 -0.975822 0.210612 0.108742 -0.971503 0.208084 0.112530 -0.971616 0.221932 0.102431 -0.969667 0.220199 0.107362 -0.969529 0.181986 0.105959 -0.977575 0.177478 0.110563 -0.977894 0.187862 0.109521 -0.976070 
						0.163365 0.126907 -0.978369 0.155598 0.083214 -0.984309 0.158884 0.075357 -0.984417 0.213936 0.107164 -0.970952 0.199396 0.111249 -0.973584 0.216056 0.127767 -0.967985 0.194627 0.132126 -0.971938 0.231719 0.345295 -0.909438 0.201596 0.195431 -0.959774 0.230737 0.184114 -0.955438 0.167138 0.392230 -0.904556 0.149947 0.216894 -0.964610 0.076522 0.252998 -0.964436 0.079643 0.453223 -0.887832 0.087460 0.132027 -0.987380 0.101143 0.025870 -0.994536 0.097606 0.049249 -0.994006 0.233380 0.099447 -0.967287 0.228370 0.099276 -0.968499 0.244693 0.090439 -0.965374 0.241125 0.090168 -0.966296 0.247321 0.108951 -0.962789 0.232497 0.118852 -0.965308 0.253758 0.080715 -0.963894 0.251766 0.080247 -0.964456 0.260292 0.098617 -0.960481 0.284642 0.151264 -0.946625 0.268121 0.161824 -0.949697 0.250256 0.172960 -0.952605 0.233248 0.094408 -0.967824 0.213560 0.065517 -0.974731 0.219229 0.057369 -0.973985 0.242598 0.085554 -0.966347 0.159225 0.000004 -0.987242 0.015879 -0.154609 -0.987848 0.000563 -0.158038 -0.987433 0.158240 -0.006750 -0.987378 0.155403 -0.013548 -0.987758 0.222755 0.048975 -0.973644 -0.015622 -0.161095 -0.986815 0.249691 0.076238 -0.965320 -0.265249 -0.004416 0.964170 -0.261392 -0.004736 0.965221 -0.260683 -0.005498 0.965409 -0.264864 -0.005076 0.964273 -0.253295 -0.005956 0.967371 -0.241079 -0.007798 0.970474 -0.240029 -0.008053 0.970732 -0.252389 -0.006557 0.967604 -0.251291 -0.007553 0.967882 -0.259890 -0.006529 0.965616 -0.238840 -0.008786 0.971019 -0.264646 -0.005703 0.964329 -0.265190 -0.046150 0.963091 -0.260698 -0.041391 0.964533 -0.267292 -0.048608 0.962389 -0.261474 -0.041916 0.964300 -0.234822 -0.026310 0.971682 -0.235421 -0.031073 0.971397 -0.268454 -0.052195 0.961877 -0.261950 -0.043617 0.964095 -0.268686 -0.056872 0.961547 -0.261978 -0.046525 0.963952 -0.237828 -0.023710 0.971018 
						-0.236043 -0.023832 0.971450 -0.171618 0.017884 0.985001 -0.164971 0.006703 0.986276 -0.179660 0.023772 0.983441 -0.161676 -0.010032 0.986793 -0.276207 -0.056908 0.959412 -0.317148 -0.086571 0.944416 -0.317167 -0.092810 0.943818 -0.278339 -0.060826 0.958555 -0.404644 -0.145300 0.902857 -0.577661 -0.261039 0.773412 -0.564505 -0.277757 0.777294 -0.399902 -0.155154 0.903331 -0.394412 -0.165095 0.903981 -0.316350 -0.099945 0.943363 -0.550689 -0.293153 0.781539 -0.536144 -0.306988 0.786325 -0.387955 -0.174805 0.904950 -0.314457 -0.107667 0.943146 -0.279563 -0.065978 0.957858 -0.279720 -0.072153 0.957367 -0.261692 -0.028534 0.964730 -0.259528 -0.027034 0.965357 -0.308534 -0.041045 0.950327 -0.310295 -0.042926 0.949671 -0.257278 -0.025676 0.965996 -0.306961 -0.039431 0.950905 -0.420220 -0.065708 0.905040 -0.419798 -0.068243 0.905049 -0.640695 -0.113371 0.759379 -0.637019 -0.118209 0.761731 -0.419872 -0.071208 0.904786 -0.634055 -0.123792 0.763315 0.230118 0.023386 -0.972882 0.167710 0.010659 -0.985779 0.165267 0.010400 -0.986194 0.228020 0.022027 -0.973407 0.034337 -0.018402 -0.999241 -0.262595 -0.083369 -0.961298 -0.266135 -0.077011 -0.960855 0.031306 -0.016487 -0.999374 0.029137 -0.014681 -0.999468 0.163217 0.010235 -0.986537 -0.267993 -0.071176 -0.960788 -0.268776 -0.066057 -0.960935 0.027490 -0.013107 -0.999536 0.161360 0.010078 -0.986844 0.226127 0.020885 -0.973874 0.224310 0.019879 -0.974315 -0.196379 -0.121817 0.972932 -0.214524 -0.112749 0.970189 -0.219142 -0.133730 0.966485 -0.198479 -0.143896 0.969484 -0.229505 -0.104030 0.967732 -0.235826 -0.124263 0.963818 -0.254919 -0.163509 0.953038 -0.234460 -0.173291 0.956556 -0.208997 -0.183932 0.960463 -0.241632 -0.095308 0.965676 -0.249209 -0.115047 0.961592 -0.251233 -0.086559 0.964048 -0.259793 -0.105844 0.959846 -0.284709 -0.144634 0.947640 -0.271425 -0.154072 0.950048 
						-0.319227 -0.226415 0.920234 -0.297012 -0.236265 0.925183 -0.337774 -0.216386 0.916016 -0.448690 -0.362376 0.816921 -0.420648 -0.375747 0.825754 -0.388546 -0.388446 0.835549 -0.269983 -0.246327 0.930823 -0.236594 -0.257170 0.936956 -0.350179 -0.400673 0.846661 -0.303013 -0.412963 0.858862 -0.195299 -0.102906 0.975330 -0.211989 -0.095111 0.972633 -0.189159 -0.070757 0.979394 -0.203590 -0.063623 0.976987 -0.215375 -0.055921 0.974929 -0.226000 -0.087189 0.970218 -0.172471 -0.009745 0.984966 -0.182833 -0.003406 0.983138 -0.190107 0.004083 0.981755 -0.194371 0.011676 0.980859 -0.224448 -0.048041 0.973301 -0.195907 0.018449 0.980449 -0.230956 -0.040551 0.972119 -0.237334 -0.079028 0.968208 -0.246170 -0.070899 0.966630 -0.258667 -0.077984 0.962814 -0.268091 -0.096621 0.958536 -0.264058 -0.069939 0.961968 -0.274223 -0.087670 0.957662 -0.304312 -0.125343 0.944290 -0.295600 -0.134994 0.945726 -0.267396 -0.062790 0.961539 -0.278121 -0.079392 0.957260 -0.310664 -0.116109 0.943402 -0.379452 -0.184755 0.906577 -0.367964 -0.195274 0.909104 -0.519244 -0.320463 0.792268 -0.498442 -0.334463 0.799806 -0.353943 -0.205971 0.912305 -0.474665 -0.348585 0.808197 -0.252901 -0.063256 0.965422 -0.235358 -0.034072 0.971311 -0.237905 -0.028919 0.970858 -0.257762 -0.056442 0.964558 -0.195147 0.023440 0.980494 -0.192014 0.026228 0.981042 -0.186742 0.026417 0.982054 -0.238686 -0.025391 0.970765 -0.260772 -0.050773 0.964064 0.218455 0.017035 -0.975698 0.216342 0.016166 -0.976184 0.220477 0.017958 -0.975227 0.157719 0.010010 -0.987433 0.156116 0.010238 -0.987686 0.154757 0.010649 -0.987895 0.222423 0.018912 -0.974767 0.159492 0.009961 -0.987149 0.026081 -0.011544 -0.999593 0.025218 -0.009639 -0.999636 -0.268854 -0.061165 -0.961237 -0.267575 -0.055793 -0.961920 0.025187 -0.007383 -0.999655 0.026242 -0.004797 -0.999644 -0.264315 -0.049921 -0.963144 
						-0.258524 -0.043580 -0.965021 0.214159 0.015843 -0.976670 0.153804 0.011892 -0.988030 0.154203 0.014575 -0.987932 0.212512 0.016590 -0.977018 0.028858 -0.001043 -0.999583 -0.249117 -0.035687 -0.967816 -0.233576 -0.025290 -0.972010 0.034537 0.004604 -0.999393 0.044269 0.011603 -0.998952 0.156707 0.018380 -0.987474 -0.210167 -0.013026 -0.977579 -0.178717 0.000048 -0.983900 0.058166 0.019094 -0.998124 0.161664 0.022706 -0.986584 0.212010 0.018304 -0.977096 0.213117 0.020601 -0.976810 -0.238174 -0.012872 0.971137 -0.238361 -0.011615 0.971107 -0.283573 -0.010402 0.958894 -0.287124 -0.013007 0.957805 -0.238786 -0.010321 0.971017 -0.239306 -0.008996 0.970903 -0.277790 -0.006369 0.960621 -0.280419 -0.008223 0.959843 -0.381354 -0.010212 0.924373 -0.390276 -0.014403 0.920585 -0.373211 -0.006698 0.927722 -0.577453 -0.014848 0.816289 -0.592956 -0.021684 0.804943 -0.608843 -0.029447 0.792744 -0.399461 -0.019414 0.916545 -0.624151 -0.038260 0.780366 -0.239899 -0.007871 0.970766 -0.240540 -0.007182 0.970613 -0.274207 -0.003525 0.961664 -0.275777 -0.004794 0.961210 -0.241278 -0.006908 0.970432 -0.272978 -0.002564 0.962017 -0.353668 0.001321 0.935370 -0.359649 -0.000979 0.933087 -0.534210 0.001054 0.845351 -0.548458 -0.003504 0.836171 -0.366070 -0.003657 0.930580 -0.562728 -0.008803 0.826595 0.216166 0.022187 -0.976104 0.169308 0.025403 -0.985236 0.178697 0.025236 -0.983580 0.220927 0.022096 -0.975040 0.075416 0.023894 -0.996866 -0.141979 0.009762 -0.989822 -0.106762 0.013565 -0.994192 0.092972 0.024259 -0.995373 0.108517 0.020971 -0.993873 0.188331 0.021714 -0.981865 -0.077477 0.012810 -0.996912 0.227574 0.019082 -0.973574 0.087503 0.288804 -0.953381 0.079962 0.258767 -0.962624 -0.029503 0.727488 -0.685486 -0.015468 0.706167 -0.707876 -0.005858 0.688742 -0.724983 0.062320 0.235000 -0.969995 -0.029503 0.727488 -0.685486 
						-0.162979 0.986357 -0.023169 -0.128708 0.990649 -0.045273 -0.015468 0.706167 -0.707876 -0.169624 0.839292 0.516542 -0.121169 0.852952 0.507731 -0.089395 0.994078 -0.061782 -0.005858 0.688742 -0.724983 -0.046047 0.996348 -0.071911 -0.000959 0.677179 -0.735818 -0.063884 0.862133 0.502639 0.035022 0.219463 -0.974992 -0.000959 0.677179 -0.735818 0.082879 0.323799 -0.942489 0.064070 0.365403 -0.928642 -0.091322 0.781132 -0.617651 -0.052863 0.751757 -0.657318 0.029348 0.415763 -0.909000 -0.025125 0.476725 -0.878693 -0.220802 0.851955 -0.474784 -0.146768 0.815729 -0.559505 -0.091322 0.781132 -0.617651 -0.146768 0.815729 -0.559505 -0.290611 0.950242 0.112186 -0.240795 0.969334 0.049083 -0.220802 0.851955 -0.474784 -0.344677 0.917857 0.196813 -0.052863 0.751757 -0.657318 -0.198040 0.980178 0.005582 -0.099467 0.542313 -0.834268 -0.199906 0.600509 -0.774227 -0.418230 0.880709 -0.222340 -0.310364 0.878729 -0.362641 -0.336513 0.631311 -0.698717 -0.503061 0.565787 -0.653311 -0.729745 0.683144 0.028041 -0.554410 0.829265 -0.070345 -0.418230 0.880709 -0.222340 -0.554410 0.829265 -0.070345 -0.523131 0.679509 0.514394 -0.457723 0.790720 0.406510 -0.729745 0.683144 0.028041 -0.608041 0.519077 0.600704 -0.310364 0.878729 -0.362641 -0.400040 0.867166 0.296633 0.905469 -0.421201 -0.052108 0.911970 -0.408641 0.036370 0.849213 -0.411215 -0.331269 0.905469 -0.421201 -0.052108 0.577283 -0.732053 -0.361721 0.576469 -0.813897 -0.072490 0.576469 -0.813897 -0.072490 0.564665 -0.825023 0.022149 0.635960 -0.299189 -0.711366 0.487387 -0.494337 -0.719781 0.313805 -0.564561 -0.763411 0.287607 -0.863908 -0.413455 0.226160 -0.967940 -0.109287 0.197461 -0.980279 -0.007893 0.226160 -0.967940 -0.109287 0.920287 -0.387279 0.055568 0.578653 -0.814811 0.035263 0.581414 -0.809963 0.076921 0.911776 -0.392416 0.121138 0.197891 -0.980024 0.019800 
						0.181234 -0.977090 0.111580 0.121945 -0.943568 0.307911 0.547592 -0.815983 0.185242 0.850647 -0.418330 0.318432 -0.957922 0.194597 -0.210993 -0.974630 0.164572 -0.151700 -0.892342 0.221158 -0.393466 -0.625856 0.721523 -0.296157 -0.678770 0.721026 -0.139254 -0.705648 0.702782 -0.090328 -0.692572 0.212753 -0.689261 -0.500319 0.639339 -0.583889 -0.150564 0.893397 -0.423287 -0.166185 0.972235 -0.164745 -0.175191 0.983422 -0.046795 -0.185007 0.982680 -0.010592 -0.978825 0.142575 -0.146881 -0.718359 0.689057 -0.095708 -0.978825 0.142575 -0.146881 -0.718359 0.689057 -0.095708 -0.733419 0.668929 -0.120957 -0.982247 0.123149 -0.141514 -0.191235 0.981457 -0.013087 -0.191235 0.981457 -0.013087 -0.210744 0.976966 -0.033539 -0.254456 0.963953 -0.077763 -0.752310 0.635731 -0.172845 -0.985690 0.104629 -0.132168 0.119972 0.992776 -0.001439 0.097369 0.994725 0.032262 0.189493 0.975729 -0.109753 0.751775 0.653956 0.084706 0.712778 0.692969 0.108358 0.688547 0.716081 0.114588 0.320428 0.894989 -0.310354 0.806261 0.590158 0.040693 0.992040 0.005575 0.125798 0.988658 0.013186 0.149602 0.986362 0.032414 0.161364 0.984745 0.057655 0.164175 0.092701 0.994137 0.055660 0.676555 0.727795 0.112197 0.092701 0.994137 0.055660 0.676555 0.727795 0.112197 0.665116 0.738600 0.109958 0.080292 0.987415 0.136253 0.984569 0.086634 0.152048 0.984569 0.086634 0.152048 0.985653 0.124242 0.114246 0.983575 0.176234 0.039013 0.654348 0.749010 0.103985 0.056908 0.954385 0.293105 -0.119273 -0.438896 -0.890587 -0.147048 -0.443434 -0.884163 -0.404466 -0.873207 -0.271878 -0.466433 -0.842120 -0.270693 -0.520696 -0.813981 -0.257509 -0.178853 -0.450608 -0.874622 -0.404466 -0.873207 -0.271878 -0.416869 -0.703931 0.575067 -0.480515 -0.680741 0.552898 -0.466433 -0.842120 -0.270693 -0.531016 -0.656107 0.536232 -0.520696 -0.813981 -0.257509 
						-0.573120 -0.630145 0.523880 -0.571088 -0.785689 -0.237805 -0.611032 -0.603268 0.512551 -0.619235 -0.753774 -0.219939 -0.215244 -0.457260 -0.862893 -0.571088 -0.785689 -0.237805 -0.619235 -0.753774 -0.219939 -0.255653 -0.459026 -0.850844 0.046001 -0.100836 -0.993839 -0.092714 -0.438352 -0.894009 0.033849 -0.091704 -0.995211 -0.064297 -0.439987 -0.895699 -0.235902 -0.939765 -0.247370 -0.329065 -0.907514 -0.261026 0.017848 -0.085617 -0.996168 -0.033245 -0.441721 -0.896536 -0.124703 -0.963296 -0.237717 -0.235902 -0.939765 -0.247370 -0.124703 -0.963296 -0.237717 -0.126496 -0.758545 0.639225 -0.239514 -0.744072 0.623691 -0.092853 -0.446401 0.890002 -0.174737 -0.437150 0.882251 -0.329065 -0.907514 -0.261026 -0.336451 -0.725128 0.600825 -0.244653 -0.425329 0.871344 -0.295867 -0.453471 -0.840730 -0.663324 -0.717978 -0.210973 -0.701531 -0.681802 -0.207367 -0.333284 -0.444550 -0.831443 -0.647041 -0.576604 0.498865 -0.663324 -0.717978 -0.210973 -0.680064 -0.550614 0.484084 -0.701531 -0.681802 -0.207367 -0.708998 -0.525701 0.470064 -0.734084 -0.647254 -0.205385 -0.732723 -0.502394 0.459039 -0.761420 -0.616183 -0.201391 -0.367979 -0.434384 -0.822133 -0.734084 -0.647254 -0.205385 -0.761420 -0.616183 -0.201391 -0.400415 -0.425048 -0.811789 -0.432636 -0.415394 -0.800171 -0.786374 -0.586014 -0.195459 -0.811376 -0.552749 -0.190100 -0.465399 -0.401705 -0.788693 -0.753607 -0.478804 0.450360 -0.786374 -0.586014 -0.195459 -0.774206 -0.452544 0.442503 -0.811376 -0.552749 -0.190100 -0.794322 -0.423663 0.435387 -0.836192 -0.516340 -0.184869 -0.813691 -0.392222 0.429032 -0.860549 -0.476802 -0.179209 -0.498492 -0.383897 -0.777258 -0.836192 -0.516340 -0.184869 -0.860549 -0.476802 -0.179209 -0.531728 -0.361971 -0.765665 -0.564303 -0.337790 -0.753299 -0.883231 -0.436514 -0.171343 -0.903075 -0.398286 -0.160701 -0.595236 -0.313675 -0.739798 -0.830658 -0.359904 0.424825 -0.883231 -0.436514 -0.171343 
						-0.844193 -0.328878 0.423294 -0.903075 -0.398286 -0.160701 -0.854671 -0.299955 0.423750 -0.919937 -0.362658 -0.148984 -0.862644 -0.273834 0.425276 -0.933789 -0.330120 -0.138050 -0.623487 -0.289741 -0.726164 -0.919937 -0.362658 -0.148984 -0.933789 -0.330120 -0.138050 -0.647989 -0.266199 -0.713616 -0.667940 -0.243515 -0.703248 -0.944847 -0.300753 -0.129662 -0.953506 -0.274659 -0.124049 -0.683475 -0.222491 -0.695240 -0.869044 -0.250589 0.426578 -0.944847 -0.300753 -0.129662 -0.874344 -0.230173 0.427251 -0.953506 -0.274659 -0.124049 -0.878715 -0.212990 0.427195 -0.960054 -0.252410 -0.120768 -0.882364 -0.199364 0.426248 -0.964754 -0.234454 -0.119498 -0.695085 -0.204002 -0.689377 -0.960054 -0.252410 -0.120768 -0.964754 -0.234454 -0.119498 -0.703223 -0.188726 -0.685464 -0.708432 -0.175666 -0.683568 -0.968139 -0.219414 -0.120686 -0.970649 -0.205762 -0.124507 -0.711150 -0.163517 -0.683760 -0.886052 -0.188173 0.423677 -0.968139 -0.219414 -0.120686 -0.890215 -0.178186 0.419245 -0.970649 -0.205762 -0.124507 -0.894684 -0.169382 0.413340 -0.972407 -0.193592 -0.130177 -0.899277 -0.161757 0.406369 -0.973534 -0.182975 -0.136938 -0.712042 -0.152555 -0.685364 -0.972407 -0.193592 -0.130177 -0.973534 -0.182975 -0.136938 -0.711737 -0.142970 -0.687742 -0.710574 -0.133957 -0.690753 -0.974265 -0.172980 -0.144519 -0.974763 -0.162656 -0.152907 -0.708134 -0.124567 -0.695004 -0.904039 -0.154379 0.398599 -0.974265 -0.172980 -0.144519 -0.908791 -0.146279 0.390771 -0.974763 -0.162656 -0.152907 -0.912962 -0.137378 0.384222 -0.975071 -0.152042 -0.161617 -0.915970 -0.127635 0.380404 -0.975253 -0.141181 -0.170146 -0.703952 -0.114801 -0.700908 -0.975071 -0.152042 -0.161617 -0.975253 -0.141181 -0.170146 -0.697575 -0.104685 -0.708823 -0.687787 -0.093060 -0.719923 -0.975302 -0.129431 -0.178978 -0.974875 -0.116258 -0.190006 -0.671882 -0.078877 -0.736447 -0.917436 -0.116887 0.380326 -0.975302 -0.129431 -0.178978 
						-0.917266 -0.105113 0.384155 -0.974875 -0.116258 -0.190006 -0.915470 -0.092446 0.391622 -0.973356 -0.101710 -0.205506 -0.912033 -0.079021 0.402432 -0.969970 -0.085845 -0.227570 -0.646945 -0.062384 -0.759981 -0.973356 -0.101710 -0.205506 -0.969970 -0.085845 -0.227570 -0.610707 -0.044161 -0.790624 -0.564570 -0.028171 -0.824904 -0.964215 -0.070556 -0.255562 -0.956722 -0.057430 -0.285281 -0.515572 -0.017498 -0.856667 -0.906765 -0.065831 0.416465 -0.964215 -0.070556 -0.255562 -0.899640 -0.053667 0.433322 -0.956722 -0.057430 -0.285281 -0.890781 -0.042413 0.452449 -0.949233 -0.046368 -0.311139 -0.880354 -0.031955 0.473240 -0.943978 -0.037286 -0.327894 -0.471401 -0.011681 -0.881841 -0.949233 -0.046368 -0.311139 -0.943978 -0.037286 -0.327894 -0.437576 -0.010129 -0.899124 -0.416963 -0.010906 -0.908858 -0.942849 -0.029763 -0.331890 -0.946219 -0.023209 -0.322694 -0.408585 -0.012238 -0.912638 -0.868312 -0.022407 0.495512 -0.942849 -0.029763 -0.331890 -0.854462 -0.013965 0.519327 -0.946219 -0.023209 -0.322694 -0.838662 -0.006639 0.544612 -0.953137 -0.017469 -0.302033 -0.820910 -0.000453 0.571058 -0.962272 -0.012441 -0.271806 -0.410444 -0.014022 -0.911778 -0.953137 -0.017469 -0.302033 -0.962272 -0.012441 -0.271806 -0.421080 -0.016178 -0.906879 -0.453764 0.015927 -0.890980 -0.976378 0.045084 -0.211312 -0.972343 0.208174 -0.105893 -0.505346 0.129739 -0.853108 -0.799180 0.041987 0.599624 -0.976378 0.045084 -0.211312 -0.759593 0.155614 0.631509 -0.972343 0.208174 -0.105893 -0.695172 0.324007 0.641682 -0.894019 0.448002 0.004820 -0.545116 0.332558 -0.769580 -0.894019 0.448002 0.004820 0.066414 0.065753 -0.995623 0.060107 0.055582 -0.996643 0.117041 0.050026 -0.991866 0.111492 0.042963 -0.992836 0.104235 0.027460 -0.994173 0.057227 0.027208 -0.997990 0.140447 0.026422 -0.989736 0.146742 0.033717 -0.988600 0.122214 0.006515 -0.992482 0.072041 -0.015058 -0.997288 
						0.078185 0.048241 -0.995771 0.076938 0.057510 -0.995376 0.137389 0.037972 -0.989789 0.134025 0.044651 -0.989971 0.128257 0.049646 -0.990498 0.074254 0.064367 -0.995160 0.177410 0.029047 -0.983708 0.170191 0.032793 -0.984865 0.160653 0.035710 -0.986365 0.152912 0.035645 -0.987597 0.122264 0.051483 -0.991161 0.070795 0.067667 -0.995193 0.040170 0.078724 -0.996087 0.077278 0.069499 -0.994584 0.096798 0.135763 -0.986001 0.049901 0.146641 -0.987930 0.107266 0.056520 -0.992622 0.133989 0.120878 -0.983583 0.149497 0.147074 -0.977763 0.108695 0.163929 -0.980466 0.159045 0.146833 -0.976291 0.116618 0.166237 -0.979166 0.055031 0.176272 -0.982802 0.056981 0.179868 -0.982039 0.055542 0.160739 -0.985433 0.120168 0.148484 -0.981587 0.118827 0.122538 -0.985325 0.061285 0.117346 -0.991198 0.162543 0.126205 -0.978597 0.149288 0.092948 -0.984415 0.089648 0.058222 -0.994270 -0.065971 0.663929 0.744880 -0.123634 0.652068 0.748012 -0.123940 0.528818 0.839637 -0.066846 0.541638 0.837950 -0.170749 0.634897 0.753492 -0.169271 0.510684 0.842940 -0.170323 0.432502 0.885400 -0.125955 0.450146 0.884027 -0.068625 0.462831 0.883786 -0.073577 -0.021323 0.997061 -0.130241 -0.023945 0.991193 -0.132284 -0.025042 0.990895 -0.075208 -0.022711 0.996909 -0.157770 -0.026105 0.987131 -0.158794 -0.026958 0.986944 -0.160022 -0.027990 0.986716 -0.134504 -0.026325 0.990563 -0.161507 -0.029161 0.986441 -0.136891 -0.027746 0.990198 -0.077053 -0.024347 0.996730 -0.079094 -0.026175 0.996523 -0.081220 -0.038440 0.995955 -0.139698 -0.040074 0.989383 -0.144327 -0.077864 0.986462 -0.083930 -0.075690 0.993593 -0.163876 -0.041637 0.985602 -0.168994 -0.080151 0.982353 -0.180106 -0.162881 0.970068 -0.153540 -0.158846 0.975291 -0.088696 -0.155115 0.983907 0.048176 -0.006285 -0.998819 0.057140 0.000178 -0.998366 0.049471 -0.014641 -0.998668 
						0.069176 -0.014608 -0.997497 0.105224 -0.014416 -0.994344 0.073842 0.025159 -0.996953 0.030288 -0.052450 -0.998164 -0.008496 -0.048212 -0.998801 0.059104 -0.080659 -0.994988 0.075767 -0.130643 -0.988530 0.132840 -0.051117 -0.989818 0.173611 0.001260 -0.984813 0.163033 -0.010961 -0.986560 0.153857 0.032727 -0.987551 0.138959 0.020942 -0.990077 0.089524 0.062259 -0.994037 0.098688 0.079922 -0.991904 0.103767 0.068464 -0.992242 0.156852 0.028543 -0.987209 0.153764 0.024264 -0.987810 0.100847 0.047376 -0.993773 0.178042 -0.003440 -0.984017 0.173330 0.004249 -0.984855 0.170046 0.002756 -0.985432 0.164113 0.008740 -0.986403 0.114784 0.016800 -0.993248 0.129296 0.007799 -0.991575 0.040460 0.004334 -0.999172 0.020124 -0.000300 -0.999797 0.026642 -0.008250 -0.999611 0.042073 -0.001163 -0.999114 -0.084018 -0.019517 -0.996273 -0.067019 -0.036819 -0.997072 -0.040540 -0.045467 -0.998143 0.036782 -0.012584 -0.999244 0.044690 -0.004414 -0.998991 0.071694 0.978078 0.195509 0.062858 0.969052 0.238719 0.150636 0.973844 0.170110 0.135652 0.966827 0.216433 0.097173 0.927460 0.361076 0.049242 0.931575 0.360198 0.223231 0.965714 0.132532 0.201540 0.960461 0.192083 0.134701 0.910095 0.391897 -0.007657 0.701059 0.713063 0.013084 0.785082 0.619254 -0.148991 0.336221 0.929923 -0.096176 0.468347 0.878294 0.027717 0.817316 0.575523 -0.004070 0.545762 0.837930 0.094513 0.764801 -0.637297 0.197728 0.692607 -0.693685 0.199100 0.939234 -0.279641 0.096114 0.971610 -0.216184 0.278657 0.626011 -0.728328 0.288329 0.896211 -0.337154 0.248270 0.968515 0.018447 0.169324 0.983762 0.059519 0.248270 0.968515 0.018447 0.169324 0.983762 0.059519 0.082533 0.992331 0.092016 0.082533 0.992331 0.092016 0.077320 0.037001 -0.996319 0.137560 0.032772 -0.989951 0.137541 0.032201 -0.989973 0.077437 0.037600 -0.996288 
						0.180308 0.028264 -0.983204 0.179647 0.026971 -0.983361 0.179425 0.027076 -0.983399 0.137836 0.033596 -0.989885 0.077904 0.040999 -0.996118 -0.031247 0.221373 0.974689 -0.149275 0.189842 0.970400 -0.165343 0.020688 0.986019 -0.073198 -0.017647 0.997161 -0.194559 0.033301 0.980325 -0.201277 0.092822 0.975126 -0.183321 -0.080222 0.979774 -0.191937 -0.044720 0.980388 -0.119576 -0.133520 0.983806 -0.120072 -0.171909 0.977768 -0.111652 -0.167396 0.979547 -0.167028 -0.098376 0.981032 -0.156658 -0.101583 0.982415 -0.097876 -0.148248 0.984095 -0.182019 -0.008020 0.983262 -0.169467 -0.021416 0.985303 -0.165598 -0.016684 0.986052 -0.174738 -0.080643 0.981307 -0.171179 -0.132334 0.976312 -0.174138 -0.112971 0.978220 -0.133085 -0.144880 0.980458 -0.141341 -0.127772 0.981681 -0.084506 -0.145580 0.985731 -0.076523 -0.157141 0.984607 -0.072645 -0.179569 0.981059 -0.129161 -0.168296 0.977238 -0.130103 -0.208258 0.969382 -0.071652 -0.218483 0.973207 -0.170021 -0.155514 0.973092 -0.175270 -0.195863 0.964841 -0.194213 -0.268967 0.943365 -0.141068 -0.280674 0.949380 -0.076155 -0.289907 0.954020 0.111983 -0.023250 -0.993438 0.165167 -0.011356 -0.986200 0.143517 -0.053639 -0.988193 0.079875 -0.095976 -0.992174 0.174464 -0.015815 -0.984537 0.142304 -0.065683 -0.987641 0.077648 -0.120848 -0.989630 -0.080200 0.068032 0.994454 -0.141244 0.032125 0.989453 -0.131134 0.015246 0.991247 -0.072953 0.028733 0.996921 -0.164248 0.004534 0.986409 -0.141550 -0.004188 0.989922 -0.079869 -0.008015 0.996773 
					</float_array>
					<technique_common>
						<accessor count="5876" offset="0" source="#meshId0-normals-array" stride="3">
							<param name="X" type="float" />
							<param name="Y" type="float" />
							<param name="Z" type="float" />
						</accessor>
					</technique_common>
				</source>
				<source id="meshId0-tangents" name="meshId0-tangents">
					<float_array id="meshId0-tangents-array" count="17628"> 
						-0.940339 -0.209204 0.268321 -0.943914 -0.196099 0.265651 -0.945356 -0.191407 0.263944 -0.942182 -0.203967 0.265876 -0.949417 -0.178630 0.258262 -0.950573 -0.174696 0.256694 -0.951724 -0.169718 0.255769 -0.947182 -0.185397 0.261677 -0.944920 -0.196517 0.261739 -0.956526 -0.156955 0.245812 -0.957588 -0.153513 0.243840 -0.964734 -0.131588 0.227974 -0.965802 -0.127940 0.225516 -0.966342 -0.124673 0.225033 -0.958381 -0.149243 0.243378 -0.958712 -0.145229 0.244498 -0.952673 -0.164535 0.255622 -0.966195 -0.122795 0.226691 -0.965910 -0.120451 0.229151 -0.958933 -0.140772 0.246234 -0.953676 -0.158488 0.255703 -0.949183 -0.178936 0.258910 -0.948424 -0.187234 0.255803 -0.951247 -0.171163 0.256577 -0.953181 -0.174574 0.246922 -0.934767 -0.212441 0.284745 -0.938550 -0.201247 0.280400 -0.906504 -0.207477 0.367700 -0.914272 -0.197044 0.353951 -0.925990 -0.180652 0.331523 -0.944836 -0.183613 0.271238 -0.792372 -0.138503 0.594108 -0.821975 -0.127438 0.555082 -0.513951 0.074556 0.854573 -0.607741 0.076872 0.790406 -0.710886 0.052616 0.701337 -0.860332 -0.121185 0.495120 -0.901996 -0.127436 0.412509 -0.940313 -0.163336 0.298552 -0.812135 -0.007343 0.583424 -0.901410 -0.080816 0.425358 -0.938556 -0.139079 0.315863 -0.955463 -0.145617 0.256682 -0.952867 -0.162530 0.256182 -0.962078 -0.138915 0.234751 -0.937747 -0.221467 0.267549 -0.931106 -0.226238 0.286108 -0.935945 -0.231582 0.265287 -0.927464 -0.240213 0.286544 -0.888533 -0.243522 0.388852 -0.898255 -0.223858 0.378187 -0.935324 -0.237422 0.262297 -0.924289 -0.251217 0.287367 -0.937851 -0.229717 0.260125 -0.925124 -0.245099 0.289951 -0.855518 -0.263568 0.445668 -0.874292 -0.262647 0.408203 -0.666918 -0.234633 0.707226 -0.731049 -0.200307 0.652261 -0.522765 -0.255762 0.813205 -0.063365 -0.202088 0.977315 -0.241810 -0.126999 0.961977 -0.353711 -0.049505 0.934044 -0.763759 -0.164780 0.624115 
						-0.427252 0.023676 0.903823 -0.940648 -0.212939 0.264269 -0.944469 -0.203087 0.258330 -0.945057 -0.205775 0.254014 -0.940093 -0.219097 0.261192 -0.949161 -0.191097 0.250150 -0.954504 -0.177957 0.239276 -0.956298 -0.174865 0.234342 -0.950583 -0.190992 0.244773 -0.952751 -0.184474 0.241318 -0.947122 -0.200732 0.250333 -0.958170 -0.168310 0.231477 -0.959800 -0.160325 0.230391 -0.955300 -0.172555 0.240057 -0.950409 -0.186881 0.248594 -0.941283 -0.217993 0.257809 -0.944692 -0.205479 0.255607 0.964460 0.018335 -0.263593 0.962871 -0.037164 -0.267391 0.962892 -0.037719 -0.267240 0.964496 -0.001805 -0.264093 0.960310 -0.065438 -0.271152 0.961299 -0.052540 -0.270452 0.962567 -0.033186 -0.269005 0.963732 -0.022824 -0.265894 0.964781 -0.004068 -0.263024 0.960135 -0.057811 -0.273492 0.961073 -0.044195 -0.272737 0.961120 -0.030574 -0.274431 0.961641 -0.016812 -0.273794 0.962027 -0.005580 -0.272896 0.962048 -0.027668 -0.271474 0.962837 -0.013333 -0.269755 0.963513 -0.017471 -0.267092 0.962407 0.004707 -0.271571 0.962796 0.014013 -0.269865 0.963473 -0.003579 -0.267782 0.964204 -0.007161 -0.265063 0.964415 -0.011642 -0.264138 0.965201 -0.002685 -0.261497 0.964974 -0.004920 -0.262301 0.965650 -0.002213 -0.259837 0.982970 0.044187 -0.178373 0.979568 -0.013340 -0.200673 0.671262 0.173479 0.720633 0.580991 0.376882 0.721394 0.999975 -0.006640 0.002313 0.967310 -0.077482 -0.241468 -0.013819 0.199066 0.979889 -0.096755 0.431298 0.897007 0.010713 0.171880 0.985060 -0.014711 0.372639 0.927860 0.510243 0.337463 0.791057 0.662313 0.149832 0.734092 0.978602 -0.200785 -0.044984 0.970093 -0.128625 -0.205855 0.970647 -0.142714 0.193590 0.963991 -0.149853 -0.219695 0.962452 -0.108761 -0.248713 0.962125 -0.076452 -0.261670 0.961149 -0.085935 -0.262311 0.960984 -0.052629 -0.271550 0.962401 0.073616 -0.261468 0.977695 0.089296 -0.190101 
						0.961404 0.083200 -0.262261 0.974966 0.085160 -0.205401 0.991555 0.057043 0.116464 0.942864 0.094402 0.319525 0.961752 0.069043 -0.265077 0.973934 0.065832 -0.217070 0.961661 0.054402 -0.268792 0.972647 0.051871 -0.226422 0.999692 0.016180 -0.018814 0.999113 0.031722 0.027700 0.860653 -0.118366 0.495243 0.739352 -0.078864 0.668684 0.909789 -0.144546 0.389089 0.717373 -0.332387 0.612287 0.626146 -0.281128 0.727260 0.481854 -0.201796 0.852699 0.436467 0.013754 0.899615 0.252923 -0.050622 0.966161 0.963696 0.052391 -0.261811 0.964816 0.031527 -0.261028 0.964074 0.050608 -0.260768 0.962686 0.067875 -0.261969 0.965554 0.016626 -0.259672 0.966106 0.006462 -0.258065 0.966155 0.017453 -0.257373 0.965268 0.032969 -0.259174 0.964723 0.039492 -0.260289 0.963508 0.052507 -0.262480 0.965818 0.024767 -0.258034 0.965260 0.026513 -0.259942 0.964120 0.037733 -0.262773 0.962977 0.046107 -0.265610 0.962439 0.061953 -0.264336 0.962065 0.051218 -0.267970 0.966485 -0.004205 -0.256688 0.966996 -0.001481 -0.254788 0.967883 -0.007926 -0.251275 0.968439 -0.008596 -0.249103 0.968751 -0.006558 -0.247947 0.967225 0.004485 -0.253882 0.969733 -0.013045 -0.243819 0.970307 -0.015807 -0.241362 0.971996 -0.019164 -0.234213 0.972534 -0.023443 -0.231576 0.972856 -0.026109 -0.229933 0.970644 -0.016531 -0.239954 0.970682 -0.016040 -0.239831 0.968735 -0.003562 -0.248072 0.972922 -0.027672 -0.229470 0.972718 -0.028970 -0.230175 0.970407 -0.015686 -0.240967 0.968390 -0.001695 -0.249436 0.967089 0.010086 -0.254238 0.966647 0.012637 -0.255801 0.965813 -0.003201 -0.259220 0.965050 -0.002665 -0.262053 0.966383 -0.002421 -0.257094 0.967169 -0.005450 -0.254074 0.964302 0.001185 -0.264801 0.963772 0.008331 -0.266596 0.965093 0.005844 -0.261843 0.965653 0.001108 -0.259832 0.967494 -0.001099 -0.252893 0.968223 -0.005361 -0.250033 
						0.966878 0.002830 -0.255224 0.969132 -0.000177 -0.246540 0.969802 -0.004511 -0.243852 0.970533 -0.009576 -0.240776 0.968998 -0.009544 -0.246884 0.971289 -0.014585 -0.237453 0.963641 -0.029250 -0.265596 0.963362 -0.031057 -0.266402 0.965827 -0.029297 -0.257527 0.965715 -0.026544 -0.258244 0.963374 -0.033382 -0.266076 0.966260 -0.031773 -0.255600 0.969726 -0.030419 -0.242295 0.968971 -0.027663 -0.245622 0.968555 -0.024615 -0.247578 0.963913 -0.035168 -0.263885 0.967156 -0.033718 -0.251936 0.964876 -0.036385 -0.260173 0.967968 -0.035527 -0.248548 0.971479 -0.034768 -0.234562 0.970727 -0.032709 -0.237949 0.974404 -0.032129 -0.222496 0.973458 -0.029550 -0.226952 0.975116 -0.034438 -0.219004 0.978928 -0.034147 -0.201329 0.978305 -0.032501 -0.204603 0.977524 -0.029719 -0.208721 0.972631 -0.026597 -0.230827 0.972086 -0.023328 -0.233464 0.976797 -0.026704 -0.212496 0.976299 -0.022241 -0.215281 0.962526 -0.032468 -0.269237 0.961703 -0.034813 -0.271875 0.962686 -0.036608 -0.268132 0.961333 -0.038220 -0.272724 0.960073 -0.039527 -0.276942 0.961152 -0.036637 -0.273578 0.964176 -0.041648 -0.261973 0.962492 -0.042114 -0.268021 0.966717 -0.048060 -0.251293 0.964972 -0.046768 -0.258152 0.962915 -0.045669 -0.265911 0.960708 -0.042530 -0.274285 0.959911 -0.042911 -0.277000 0.959851 -0.040506 -0.277569 0.961601 -0.044969 -0.270744 0.962226 -0.044133 -0.268652 0.961367 -0.042686 -0.271941 0.961824 -0.040651 -0.270631 0.961395 -0.037972 -0.272540 0.963335 -0.038449 -0.265531 0.963900 -0.027080 -0.264885 0.963153 -0.029966 -0.267280 0.964040 -0.023773 -0.264690 0.963508 -0.027174 -0.266298 0.964158 -0.033074 -0.263258 0.963632 -0.034908 -0.264943 0.964099 -0.020047 -0.264784 0.963709 -0.024005 -0.265872 0.964140 -0.015000 -0.264971 0.963864 -0.020384 -0.265613 0.964656 -0.028164 -0.262003 0.964442 -0.030866 -0.262487 0.966207 -0.039664 -0.254698 
						0.965898 -0.040644 -0.255711 0.966434 -0.038080 -0.254078 0.968915 -0.050647 -0.242154 0.968673 -0.051087 -0.243029 0.968373 -0.050598 -0.244322 0.965287 -0.041176 -0.257925 0.967782 -0.049403 -0.246896 0.965716 -0.023075 -0.258572 0.968340 -0.020905 -0.248759 0.968155 -0.016767 -0.249789 0.965671 -0.019190 -0.259059 0.971747 -0.019538 -0.235217 0.975950 -0.017493 -0.217289 0.975630 -0.013684 -0.218996 0.971474 -0.015344 -0.236648 0.971251 -0.010833 -0.237810 0.967991 -0.012180 -0.250690 0.975354 -0.009425 -0.220445 0.975094 -0.006631 -0.221691 0.971064 -0.006009 -0.238744 0.967840 -0.006998 -0.251470 0.965593 -0.014854 -0.259632 0.965499 -0.009837 -0.260219 0.985345 -0.027741 -0.168305 0.984091 -0.013895 -0.177121 0.983997 -0.016184 -0.177450 0.985382 -0.029945 -0.167706 0.981777 0.000606 -0.190033 0.981582 -0.001946 -0.191030 0.981329 -0.005001 -0.192270 0.983683 -0.018825 -0.178922 0.985124 -0.031475 -0.168937 0.977997 0.015079 -0.208072 0.977890 0.012585 -0.208742 0.972853 0.023002 -0.230276 0.972980 0.020802 -0.229952 0.973216 0.018110 -0.229179 0.977841 0.009522 -0.209131 0.977901 0.006049 -0.208980 0.981100 -0.007975 -0.193339 0.973571 0.014521 -0.227924 0.974004 0.011137 -0.226258 0.978026 0.002267 -0.208472 0.980824 -0.010570 -0.194608 0.983345 -0.020689 -0.180568 0.984806 -0.030315 -0.170990 0.982902 -0.021071 -0.182922 0.984671 -0.028017 -0.172156 0.978726 -0.025685 -0.203558 0.977611 -0.010709 -0.210149 0.925959 0.005608 -0.377582 0.921313 0.034423 -0.387295 0.917534 0.067889 -0.391819 0.975568 0.004046 -0.219661 0.691164 0.179203 -0.700128 0.699158 0.244788 -0.671757 0.425796 0.372925 -0.824393 0.519772 0.415015 -0.746726 0.629740 0.414749 -0.656819 0.730449 0.289387 -0.618627 0.796899 0.275905 -0.537428 0.924897 0.086845 -0.370166 0.750132 0.356236 -0.557133 0.860681 0.239102 -0.449508 
						0.879754 0.186215 -0.437443 0.945593 0.066326 -0.318519 0.972861 0.018726 -0.230633 0.970396 0.025610 -0.240158 0.985746 -0.044127 -0.162349 0.978733 -0.043756 -0.200418 0.985533 -0.060915 -0.158157 0.977665 -0.064742 -0.199950 0.918955 -0.049257 -0.391275 0.925720 -0.019911 -0.377685 0.985148 -0.074340 -0.154777 0.975658 -0.084215 -0.202481 0.985564 -0.073751 -0.152397 0.972972 -0.094644 -0.210637 0.860453 -0.116318 -0.496075 0.901563 -0.078611 -0.425447 0.576567 -0.000584 -0.817049 0.650951 0.058904 -0.756831 0.417269 -0.090763 -0.904239 0.043490 -0.057275 -0.997411 0.173220 0.091167 -0.980655 0.270255 0.204206 -0.940884 0.681284 0.118434 -0.722375 0.344196 0.295750 -0.891101 0.985942 -0.044462 -0.161066 0.985987 -0.041778 -0.161506 0.986553 -0.048037 -0.156224 0.986030 -0.056083 -0.156839 0.986058 -0.036296 -0.162394 0.986417 -0.030881 -0.161330 0.987939 -0.030177 -0.151876 0.987177 -0.038696 -0.154869 0.987850 -0.035945 -0.151196 0.986967 -0.048801 -0.153345 0.988792 -0.025037 -0.147183 0.989289 -0.014037 -0.145295 0.988387 -0.025430 -0.149815 0.987517 -0.040067 -0.152333 0.986046 -0.062192 -0.154418 0.986579 -0.056123 -0.153336 -0.963107 -0.105159 0.247721 -0.963955 -0.104096 0.244858 -0.957614 -0.119297 0.262190 -0.956486 -0.121333 0.265353 -0.967245 -0.105532 0.230867 -0.961552 -0.120810 0.246623 -0.958659 -0.134447 0.250792 -0.954182 -0.133135 0.267976 -0.952816 -0.135493 0.271629 -0.972725 -0.109658 0.204403 -0.968255 -0.124902 0.216522 -0.981844 -0.112387 0.152812 -0.979511 -0.126386 0.156793 -0.979362 -0.137679 0.147968 -0.966385 -0.138194 0.216801 -0.967243 -0.148046 0.206210 -0.958701 -0.144667 0.244875 -0.981385 -0.144663 0.126318 -0.985241 -0.145616 0.089976 -0.970846 -0.153263 0.184303 -0.961735 -0.150151 0.229171 -0.953799 -0.143369 0.264031 -0.952151 -0.145751 0.268636 -0.956534 -0.148411 0.251032 
						-0.954622 -0.150154 0.257197 -0.972489 -0.090193 0.214782 -0.973164 -0.088844 0.212268 -0.983294 -0.078860 0.164054 -0.983717 -0.076748 0.162516 -0.985059 -0.077631 0.153727 -0.975527 -0.090379 0.200448 -0.993071 -0.068634 0.095395 -0.993019 -0.068269 0.096188 -0.998050 -0.061290 0.011817 -0.998061 -0.060317 0.015344 -0.998055 -0.060233 0.016095 -0.993460 -0.068272 0.091515 -0.994285 -0.069509 0.081036 -0.987298 -0.080767 0.136819 -0.998064 -0.060685 0.013612 -0.998105 -0.061325 0.004991 -0.995672 -0.071299 0.059606 -0.991069 -0.083632 0.103864 -0.979470 -0.094266 0.178192 -0.986031 -0.097296 0.135186 -0.963775 -0.108466 0.243665 -0.972839 -0.094020 0.211529 -0.964636 -0.112575 0.238337 -0.973386 -0.097750 0.207279 -0.983904 -0.083445 0.158020 -0.983572 -0.081453 0.161098 -0.965453 -0.116849 0.232909 -0.973945 -0.100341 0.203379 -0.974265 -0.101613 0.201202 -0.984083 -0.084917 0.156110 -0.984110 -0.084741 0.156035 -0.993443 -0.073164 0.087853 -0.993407 -0.071846 0.089332 -0.993370 -0.073668 0.088257 -0.997869 -0.065246 0.000671 -0.997907 -0.064653 0.001254 -0.997961 -0.063724 0.003503 -0.993272 -0.070251 0.092062 -0.998012 -0.062613 0.007114 -0.957194 -0.125339 0.260901 -0.953392 -0.139703 0.267444 -0.953940 -0.145262 0.262483 -0.958041 -0.130261 0.255323 -0.952478 -0.149776 0.265243 -0.954664 -0.153332 0.255160 -0.954712 -0.158164 0.252008 -0.952712 -0.155460 0.261098 -0.952534 -0.162576 0.257388 -0.954200 -0.151665 0.257876 -0.954459 -0.164528 0.248874 -0.958778 -0.135531 0.249751 0.946742 0.204427 -0.248774 0.944803 0.214222 -0.247904 0.948130 0.188158 -0.256216 0.950580 0.173806 -0.257274 0.941702 0.229038 -0.246454 0.945466 0.202619 -0.255030 0.950771 0.165298 -0.262129 0.952837 0.151546 -0.262936 0.954692 0.137860 -0.263737 0.938909 0.241882 -0.244833 0.943135 0.214791 -0.253696 0.936757 0.251828 -0.243041 
						0.941610 0.223228 -0.252072 0.947283 0.186710 -0.260374 0.948818 0.177376 -0.261308 0.954635 0.132879 -0.266487 0.955833 0.123331 -0.266781 0.953553 0.140610 -0.266395 0.959461 0.084040 -0.269022 0.959584 0.084120 -0.268555 0.959890 0.080677 -0.268519 0.957037 0.112605 -0.267208 0.958146 0.101379 -0.267728 0.960292 0.075069 -0.268709 0.960769 0.067463 -0.269021 0.943968 0.228124 -0.238504 0.940130 0.245024 -0.236893 0.942684 0.245016 -0.226527 0.938485 0.262242 -0.224667 0.934525 0.277533 -0.222797 0.936601 0.259693 -0.235240 0.944094 0.251558 -0.213086 0.939725 0.269068 -0.210997 0.948157 0.248628 -0.197943 0.943247 0.268458 -0.195489 0.938585 0.285847 -0.193261 0.935419 0.285175 -0.208962 0.930816 0.301133 -0.207123 0.930571 0.291882 -0.221005 0.933361 0.303735 -0.191265 0.927604 0.321763 -0.189790 0.925934 0.316694 -0.205792 0.926746 0.304828 -0.219593 0.933354 0.272594 -0.233544 0.930644 0.282963 -0.232021 0.948724 0.193841 -0.249698 0.947004 0.213714 -0.239810 0.951570 0.177429 -0.251065 0.950127 0.197630 -0.241247 0.949259 0.214850 -0.229668 0.945975 0.230489 -0.228050 0.954058 0.161629 -0.252289 0.952909 0.182004 -0.242567 0.956198 0.146773 -0.253266 0.955330 0.167237 -0.243672 0.954856 0.184805 -0.232589 0.952220 0.199553 -0.231204 0.953522 0.207550 -0.218447 0.950657 0.222039 -0.216682 0.956043 0.193757 -0.220093 0.959377 0.192891 -0.205884 0.957373 0.204391 -0.204110 0.954969 0.217148 -0.202193 0.947428 0.237109 -0.214848 0.952085 0.231221 -0.200175 0.953282 0.156179 -0.258575 0.956675 0.121064 -0.264793 0.958222 0.105538 -0.265841 0.955436 0.140161 -0.259800 0.959402 0.086386 -0.268487 0.961331 0.057189 -0.269392 0.961841 0.046224 -0.269675 0.960346 0.072539 -0.269211 0.961134 0.057587 -0.270009 0.959501 0.090228 -0.266865 0.962331 0.032892 -0.269882 
						0.961717 0.042014 -0.270805 0.960474 0.076366 -0.267688 0.957256 0.124841 -0.260911 0.958742 0.110884 -0.261762 0.957980 0.133471 -0.253888 0.957430 0.153467 -0.244492 0.959472 0.121253 -0.254384 0.959280 0.140160 -0.245229 0.959287 0.156903 -0.234842 0.957193 0.170709 -0.233752 0.960708 0.109632 -0.254992 0.960892 0.126955 -0.246109 0.961685 0.098261 -0.255944 0.962196 0.113890 -0.247402 0.962752 0.128881 -0.237694 0.961139 0.143204 -0.236019 0.962091 0.155303 -0.224191 0.960238 0.167971 -0.223001 0.963779 0.141581 -0.226021 0.965543 0.154772 -0.209217 0.963916 0.163694 -0.209929 0.962565 0.172847 -0.208790 0.958259 0.180671 -0.221582 0.961069 0.182482 -0.207478 0.959900 0.099178 -0.262214 0.961162 0.065262 -0.268156 0.961637 0.056686 -0.268405 0.960850 0.088682 -0.262493 0.961928 0.031790 -0.271449 0.961979 0.024434 -0.272027 0.962020 0.016270 -0.272494 0.961988 0.049129 -0.268638 0.962008 0.007464 -0.272919 0.962244 0.041199 -0.269051 0.961592 0.079175 -0.262817 0.962138 0.069958 -0.263430 0.990668 -0.018903 -0.134983 0.991282 -0.005577 -0.131643 0.989620 -0.022687 -0.141905 0.993229 -0.016869 -0.114945 0.994141 -0.014472 -0.107114 0.994641 -0.004249 -0.103298 0.987957 -0.023446 -0.152942 0.986453 -0.021809 -0.162588 0.990328 -0.015660 -0.137857 0.991808 -0.016904 -0.126611 0.997328 -0.012708 -0.071943 0.997768 -0.012957 -0.065504 0.996749 -0.012347 -0.079616 0.999948 -0.010183 -0.000167 0.999950 -0.010035 -0.000158 0.999950 -0.010004 -0.000170 0.997998 -0.012058 -0.062081 0.998124 -0.008300 -0.060656 0.999946 -0.010421 -0.000213 0.999938 -0.011164 -0.000302 0.989451 0.001879 -0.144854 0.988772 -0.000802 -0.149432 0.988953 0.024385 -0.146213 0.988106 0.029100 -0.150996 0.987655 0.026160 -0.154443 0.988239 -0.013302 -0.152338 0.987279 0.054799 -0.149258 0.986040 0.061614 -0.154693 
						0.984969 0.078030 -0.154105 0.982650 0.094545 -0.159564 0.978051 0.130001 -0.162837 0.984203 0.078930 -0.158472 0.980753 0.112061 -0.159895 0.987529 0.019905 -0.156172 0.969300 0.183320 -0.163866 0.954895 0.248423 -0.162667 0.970779 0.181805 -0.156635 0.987158 0.042760 -0.153920 0.987637 -0.031252 -0.153611 0.987527 -0.040631 -0.152115 0.991374 0.008786 -0.130768 0.994617 0.007997 -0.103314 0.993618 0.020497 -0.110917 0.990671 0.024252 -0.134101 0.999931 -0.011749 -0.000369 0.998057 -0.002813 -0.062237 0.999928 -0.012032 -0.000324 0.997917 0.002789 -0.064449 0.999923 -0.012363 -0.000186 0.997808 0.007232 -0.065786 0.997845 0.006086 -0.065340 0.999925 -0.012199 -0.000230 0.992744 0.029723 -0.116512 0.993145 0.027133 -0.113701 0.982379 0.090921 -0.163293 0.983029 0.088533 -0.160673 0.988021 0.053931 -0.144588 0.987322 0.057154 -0.148083 0.983867 0.084906 -0.157469 0.988644 0.050022 -0.141705 0.988318 0.053170 -0.142833 0.984593 0.081373 -0.154776 0.975237 -0.036635 -0.218107 0.979164 -0.035718 -0.199904 0.971306 -0.036819 -0.234966 0.970412 -0.038865 -0.238308 0.974822 -0.038760 -0.219591 0.979058 -0.038299 -0.199946 0.967241 -0.037575 -0.251065 0.965821 -0.039656 -0.256158 0.964983 -0.041436 -0.259019 0.969531 -0.040679 -0.241566 0.965040 -0.042681 -0.258604 0.969181 -0.041827 -0.242771 0.974234 -0.040686 -0.221841 0.978821 -0.040691 -0.200633 0.973887 -0.041887 -0.223138 0.978737 -0.042441 -0.200682 0.984210 -0.031980 -0.174094 0.983748 -0.029200 -0.177166 0.990937 -0.027155 -0.131555 0.990655 -0.024790 -0.134120 0.990325 -0.022513 -0.136927 0.983174 -0.026432 -0.180749 0.997130 -0.019209 -0.073226 0.997031 -0.017664 -0.074950 0.999972 -0.007430 0.001070 0.999970 -0.007674 0.000618 0.999969 -0.007870 0.000277 0.996928 -0.016168 -0.076641 0.996833 -0.014725 -0.078147 0.990009 -0.020198 -0.139549 
						0.999967 -0.008074 0.000059 0.999966 -0.008228 -0.000037 0.996756 -0.013622 -0.079317 0.989757 -0.018080 -0.141611 0.982623 -0.023630 -0.184104 0.982195 -0.021000 -0.186689 0.984446 -0.034665 -0.172234 0.984493 -0.037227 -0.171430 0.991227 -0.031715 -0.128307 0.991119 -0.029575 -0.129645 0.984493 -0.039539 -0.170909 0.984632 -0.041223 -0.169709 0.991537 -0.034943 -0.125032 0.991337 -0.033602 -0.126973 0.997368 -0.022904 -0.068788 0.997286 -0.021914 -0.070284 0.997481 -0.023525 -0.066921 0.999975 -0.006439 0.002885 0.999974 -0.006689 0.002505 0.999974 -0.006940 0.002062 0.997213 -0.020706 -0.071670 0.999973 -0.007176 0.001572 0.961988 0.086721 -0.258957 0.962796 0.101057 -0.250620 0.960883 0.075654 -0.266420 0.962305 0.089449 -0.256841 0.963570 0.101368 -0.247501 0.963638 0.114344 -0.241509 0.957191 0.064263 -0.282235 0.960403 0.078991 -0.267182 0.947851 0.044163 -0.315640 0.955801 0.065968 -0.286519 0.961916 0.081918 -0.260780 0.962956 0.090797 -0.253914 0.965417 0.099148 -0.241122 0.964937 0.110275 -0.238194 0.967236 0.094251 -0.235736 0.971900 0.107083 -0.209626 0.968054 0.104499 -0.227929 0.966638 0.115288 -0.228736 0.964751 0.125547 -0.231288 0.966406 0.132156 -0.220442 0.962062 0.060087 -0.266133 0.962023 0.032113 -0.271071 0.960089 0.022585 -0.278781 0.960307 0.050113 -0.274406 0.961869 -0.003245 -0.273492 0.960600 -0.015178 -0.277521 0.955119 -0.030861 -0.294612 0.953702 0.010588 -0.300567 0.940512 -0.064905 -0.333502 0.936643 -0.017438 -0.349850 0.954844 0.038642 -0.294583 0.940439 0.015271 -0.339619 -0.974516 -0.101348 0.200116 -0.974417 -0.099653 0.201448 -0.983503 -0.077610 0.163397 -0.983690 -0.082997 0.159577 -0.971941 -0.104061 0.210954 -0.973173 -0.100714 0.206860 -0.976730 -0.081257 0.198483 -0.977901 -0.079850 0.193221 -0.981575 -0.059213 0.181672 -0.982250 -0.060089 0.177692 
						-0.980941 -0.067064 0.182364 -0.979707 -0.067296 0.188798 -0.987657 -0.060241 0.144581 -0.986695 -0.066640 0.148301 -0.997823 -0.065244 0.009625 -0.997806 -0.065733 0.007848 -0.993802 -0.064407 0.090606 -0.994455 -0.061531 0.085286 -0.997809 -0.066008 0.004377 -0.993025 -0.069591 0.095173 -0.993074 -0.073041 0.092026 -0.997840 -0.065676 0.001689 -0.124336 0.408549 0.904228 -0.146067 0.400943 0.904383 0.022762 0.319637 0.947267 0.029540 0.338001 0.940682 -0.194747 0.356926 0.913607 -0.033521 0.282242 0.958757 0.071817 0.157785 0.984858 0.133090 0.186537 0.973391 0.139352 0.207869 0.968179 -0.296913 0.259512 0.918965 -0.160157 0.195240 0.967590 -0.066783 0.089940 0.993706 0.019080 -0.038490 0.999077 0.145926 -0.004716 0.989284 0.106168 -0.185568 0.976879 0.190410 -0.196009 0.961938 0.201968 0.009706 0.979344 0.203074 0.042821 0.978227 0.227758 -0.206323 0.951608 0.231458 -0.198955 0.952284 -0.306452 0.424142 0.852168 -0.329702 0.408546 0.851109 -0.486052 0.396552 0.778781 -0.508555 0.372949 0.776068 -0.550420 0.321259 0.770604 -0.376275 0.361546 0.853054 -0.648958 0.322493 0.689095 -0.669878 0.291446 0.682878 -0.781121 0.205122 0.589724 -0.814134 0.167694 0.555935 -0.843647 0.107617 0.526002 -0.706369 0.234635 0.667825 -0.754075 0.143446 0.640932 -0.614023 0.227127 0.755903 -0.875229 0.027207 0.482943 -0.459211 0.265808 0.847627 -0.095419 0.394488 0.913933 -0.283511 0.427504 0.858407 0.625273 -0.490905 0.606669 0.618368 -0.472858 0.627715 0.729585 -0.484546 0.482618 0.741126 -0.489823 0.459135 0.830115 -0.450959 0.327942 0.846069 -0.445359 0.292954 -0.445158 0.400420 0.800936 0.634538 -0.422917 0.646918 0.733843 -0.446033 0.512376 0.790516 -0.363264 0.493076 0.853734 -0.366972 0.369419 0.824833 -0.430475 0.366527 0.901179 -0.378081 0.211968 0.910193 -0.377381 0.170680 
						0.908828 -0.344403 0.235409 0.954050 -0.284992 0.092562 0.956164 -0.285676 0.064344 0.963315 -0.266754 0.029439 -0.596336 0.332826 0.730486 0.924641 -0.359134 0.126732 0.971298 -0.237434 -0.014342 -0.730007 0.226121 0.644949 0.053685 0.314821 0.947632 0.155787 0.181383 0.970995 0.514182 -0.447859 0.731464 0.403926 -0.360725 0.840667 0.394804 -0.323107 0.860076 0.509267 -0.418684 0.751898 0.210182 0.013265 0.977572 0.214563 -0.179292 0.960113 0.286876 -0.214331 0.933683 0.166741 0.053465 0.984550 0.140839 0.078774 0.986894 0.263039 -0.157490 0.951844 0.244594 -0.094959 0.964964 0.406906 -0.269989 0.872659 0.091015 0.143105 0.985514 0.532075 -0.367719 0.762679 -0.550237 -0.527339 -0.647420 -0.663824 -0.551750 -0.504885 -0.692390 -0.565331 -0.448326 -0.566608 -0.545150 -0.617873 -0.774954 -0.535338 -0.335947 -0.802027 -0.528911 -0.277500 0.390851 0.523727 -0.756932 0.547414 0.491626 -0.677231 0.581358 0.480790 -0.656402 0.428397 0.514265 -0.742972 0.239678 0.523035 -0.817917 0.273551 0.506559 -0.817660 -0.867840 -0.471419 -0.156901 -0.888248 -0.448060 -0.101281 -0.931647 -0.362642 0.022914 -0.942022 -0.327585 0.072684 0.691346 0.417477 -0.589706 0.814262 0.307086 -0.492621 0.840170 0.285259 -0.461239 0.721747 0.402746 -0.562918 0.737322 0.382252 -0.556991 0.601855 0.456288 -0.655417 0.853549 0.262341 -0.450147 0.459928 0.481018 -0.746383 0.320238 0.462771 -0.826614 -0.564430 -0.459807 -0.685563 -0.670367 -0.499621 -0.548622 -0.682569 -0.320048 -0.657015 -0.767999 -0.359488 -0.530043 -0.836386 -0.378137 -0.396825 -0.770786 -0.501924 -0.392379 -0.870685 -0.150822 -0.468145 -0.916413 -0.182605 -0.356151 -0.982787 -0.045097 -0.179152 -0.991343 -0.072259 -0.109628 -0.993791 -0.094156 -0.059275 -0.942647 -0.205645 -0.262920 -0.956567 -0.227748 -0.181963 -0.889348 -0.378575 -0.256398 -0.993319 -0.112922 -0.023794 
						-0.991370 -0.130483 0.012601 -0.966273 -0.241502 -0.089400 -0.932314 -0.347695 -0.099494 -0.857367 -0.464550 -0.221619 -0.922999 -0.382436 -0.042600 -0.447407 -0.467156 -0.762622 -0.467032 -0.386433 -0.795331 -0.348631 -0.358870 -0.865834 -0.374832 -0.269421 -0.887081 -0.518699 -0.167325 -0.838423 -0.598032 -0.264620 -0.756528 -0.253734 -0.202794 -0.945777 -0.287231 -0.102369 -0.952375 -0.174592 0.020479 -0.984428 -0.224842 0.105112 -0.968709 -0.407970 0.092169 -0.908331 -0.449719 -0.040032 -0.892273 -0.717298 0.006971 -0.696732 -0.759550 -0.057533 -0.647899 -0.698044 0.051344 -0.714212 -0.934969 -0.005235 -0.354690 -0.938682 0.016522 -0.344387 -0.950948 0.006925 -0.309274 -0.813910 -0.117828 -0.568917 -0.967713 -0.020737 -0.251199 -0.448040 -0.476486 -0.756453 0.122613 0.436852 -0.891138 0.092037 0.464805 -0.880617 0.007565 0.326233 -0.945259 -0.025121 0.358786 -0.933082 -0.340394 -0.364369 -0.866814 0.189550 0.391369 -0.900500 0.087704 0.287769 -0.953675 -0.003976 0.148486 -0.988907 -0.080283 0.179038 -0.980561 -0.089122 -0.061676 -0.994109 -0.144498 -0.050268 -0.988227 -0.238992 -0.197304 -0.950765 -0.107690 0.223401 -0.968760 -0.162698 0.011003 -0.986615 -0.153842 0.065691 -0.985909 0.966973 -0.056962 -0.248431 0.965731 -0.053294 -0.254016 0.961978 -0.069072 -0.264247 0.962012 -0.062762 -0.265696 0.960952 -0.057815 -0.270607 0.963896 -0.050226 -0.261499 0.947139 -0.086566 -0.308923 0.949939 -0.078392 -0.302443 0.901228 -0.126079 -0.414600 0.913023 -0.120255 -0.389778 0.919135 -0.118924 -0.375564 0.950506 -0.073038 -0.301999 0.950588 -0.069553 -0.302565 0.959917 -0.054454 -0.274943 0.923303 -0.117871 -0.365537 0.927964 -0.115682 -0.354259 0.951535 -0.066993 -0.300157 0.959991 -0.052032 -0.275156 0.962461 -0.048117 -0.267122 0.962520 -0.046401 -0.267213 0.967497 -0.060755 -0.245477 0.967723 -0.063954 -0.243765 0.959988 -0.081507 -0.267918 
						0.961016 -0.076064 -0.265823 0.967816 -0.065803 -0.242904 0.967980 -0.066408 -0.242083 0.958760 -0.085048 -0.271193 0.959069 -0.085363 -0.269999 0.934442 -0.108400 -0.339217 0.938084 -0.105842 -0.329841 0.932501 -0.104479 -0.345724 0.847768 -0.126655 -0.515023 0.856316 -0.136186 -0.498173 0.869631 -0.139653 -0.473539 0.942616 -0.097372 -0.319366 0.885431 -0.135243 -0.444659 -0.967883 -0.185708 0.169457 -0.967678 -0.188916 0.167061 -0.957491 -0.231951 0.171494 -0.956188 -0.232147 0.178362 -0.965528 -0.200793 0.165645 -0.958681 -0.234123 0.161610 -0.960461 -0.252105 0.118146 -0.958632 -0.248836 0.138224 -0.956563 -0.248541 0.152364 -0.960992 -0.218146 0.170022 -0.957860 -0.244214 0.151210 -0.954925 -0.236237 0.179748 -0.951954 -0.265774 0.152144 -0.946993 -0.305236 0.100180 -0.958330 -0.268742 0.096854 -0.959352 -0.279892 -0.036107 -0.971171 -0.238228 -0.008637 -0.937206 -0.348775 -0.001043 -0.931289 -0.334920 -0.143283 -0.937714 -0.224779 -0.264889 -0.951186 -0.145562 -0.272135 -0.974104 -0.224099 0.030003 -0.973101 -0.220913 0.065352 -0.966313 -0.111000 -0.232204 -0.984401 -0.102969 -0.142661 -0.982285 -0.122757 0.141584 -0.981167 -0.133440 0.139662 -0.993333 -0.051618 0.103083 -0.992129 -0.071030 0.103122 -0.985288 -0.122376 0.119299 -0.975545 -0.163912 0.146439 -0.998006 0.030002 0.055538 -0.998351 0.001943 0.057366 -0.992329 0.123607 0.001975 -0.996030 0.088887 0.004822 -0.999271 -0.005025 0.037836 -0.993979 -0.071560 0.082980 -0.978999 -0.145814 0.142475 -0.971618 -0.175177 0.158968 -0.987615 -0.104020 0.117463 -0.969212 -0.153898 0.192209 -0.963160 -0.183118 0.196952 -0.958944 -0.204443 0.196542 -0.965657 -0.198329 0.167844 -0.956122 -0.222202 0.190936 -0.968138 -0.181678 0.172342 -0.982343 -0.115158 0.147450 0.971204 0.180518 -0.155488 0.974156 0.161511 -0.157908 0.970067 0.112852 -0.215022 0.968755 0.120703 -0.216665 
						0.959213 0.062211 -0.275753 0.957684 0.054400 -0.282634 -0.993160 -0.038926 0.110080 0.975389 0.130225 -0.177928 0.969535 0.100567 -0.223356 0.960350 0.072699 -0.269153 0.947701 0.041238 -0.316485 0.940621 0.006203 -0.339403 0.930126 0.001349 -0.367237 0.912610 -0.058411 -0.404637 -0.996838 0.047951 0.063364 0.935955 -0.019508 -0.351578 0.901783 -0.101169 -0.420180 -0.989287 0.145650 0.009885 -0.956252 -0.229538 0.181369 -0.956760 -0.245234 0.156434 0.967356 0.225845 -0.114963 0.962682 0.243595 -0.117919 0.965701 0.225767 -0.128262 0.971468 0.203824 -0.121267 -0.973343 -0.216299 0.076278 -0.993426 -0.101299 -0.053313 0.957363 0.219675 -0.187616 0.908621 0.108310 -0.403333 0.881111 0.095899 -0.463083 0.954460 0.208079 -0.213796 0.948061 0.185897 -0.258112 0.969202 0.190511 -0.156053 0.835210 0.070917 -0.545340 0.792973 0.057720 -0.606516 0.936194 0.173026 -0.305946 0.966808 0.155554 -0.202695 0.975381 0.164050 -0.147373 0.972958 0.128807 -0.191731 0.982129 0.090635 -0.164947 0.976915 0.124899 -0.173313 0.976872 0.127505 -0.171650 0.982155 0.088615 -0.165886 0.977151 0.121966 -0.174070 0.971299 0.151823 -0.183105 0.971099 0.154048 -0.182308 0.970898 0.157682 -0.180259 0.982252 0.086712 -0.166321 0.977310 0.120537 -0.174173 0.982348 0.085524 -0.166368 0.977331 0.120941 -0.173774 0.970957 0.155169 -0.182114 0.971253 0.152291 -0.182959 0.965548 0.173686 -0.193777 0.966235 0.169123 -0.194389 0.964641 0.180032 -0.192501 0.966736 0.166592 -0.194085 0.967192 0.166950 -0.191489 0.986998 0.056990 -0.150290 0.992474 0.030044 -0.118716 0.992312 0.029332 -0.120233 0.986857 0.055797 -0.151658 0.997741 0.007509 -0.066752 0.999920 -0.012613 -0.000177 0.999916 -0.012973 -0.000178 0.997699 0.007021 -0.067438 0.997670 0.006110 -0.067951 0.992213 0.027995 -0.121361 0.999909 -0.013453 -0.000189 
						0.999901 -0.014034 -0.000209 0.997643 0.004985 -0.068435 0.992136 0.026471 -0.122330 0.986816 0.054138 -0.152524 0.986812 0.052608 -0.153082 0.977214 0.128769 -0.168734 0.970834 0.162501 -0.176281 0.971276 0.165216 -0.171249 0.978162 0.125989 -0.165305 0.966829 0.176350 -0.184779 0.965588 0.172300 -0.194812 0.962903 0.198136 -0.183194 0.965548 0.191027 -0.176711 0.964705 0.201574 -0.169447 0.973074 0.159248 -0.166635 0.957054 0.232974 -0.172544 0.979747 0.117170 -0.162378 0.982386 0.085424 -0.166197 0.977136 0.123517 -0.173057 0.982341 0.086415 -0.165950 0.976640 0.128603 -0.172149 0.969325 0.167894 -0.179504 0.970300 0.160605 -0.180898 0.982125 0.089359 -0.165665 0.975922 0.135171 -0.171189 0.981679 0.094624 -0.165387 0.975048 0.142398 -0.170306 0.966020 0.188840 -0.176481 0.967997 0.176881 -0.178030 0.959455 0.210707 -0.187211 0.961727 0.198262 -0.189137 0.956610 0.224912 -0.185237 0.963408 0.188136 -0.190916 0.986796 0.051510 -0.153560 0.992042 0.025060 -0.123385 0.991913 0.023860 -0.124660 0.986744 0.050883 -0.154099 0.997606 0.003832 -0.069046 0.999892 -0.014694 -0.000233 0.999881 -0.015434 -0.000260 0.997553 0.002722 -0.069862 0.997482 0.001729 -0.070895 0.991744 0.023022 -0.126152 0.999868 -0.016255 -0.000291 0.999854 -0.017070 -0.000323 0.997394 0.001073 -0.072142 0.991528 0.023017 -0.127835 0.986646 0.050912 -0.154716 0.986418 0.053273 -0.155375 0.964607 0.024241 -0.262575 0.963449 0.032716 -0.265888 0.964000 0.020091 -0.265143 0.962845 0.027316 -0.268670 0.961692 0.033204 -0.272115 0.962291 0.039067 -0.269201 0.963635 0.015321 -0.266781 0.962588 0.022286 -0.270051 0.963678 0.010668 -0.266854 0.962803 0.020608 -0.269419 0.961907 0.026195 -0.272121 0.961532 0.028327 -0.273229 0.960649 0.032680 -0.275834 0.960757 0.037540 -0.274839 0.961144 0.030335 -0.274375 
						0.960690 0.033092 -0.275643 0.960209 0.035580 -0.277005 0.960375 0.040381 -0.275771 0.961359 0.043371 -0.271859 0.961008 0.045957 -0.272673 0.966017 0.012035 -0.258197 0.967794 -0.001711 -0.251738 0.967080 -0.003690 -0.254444 0.965347 0.009398 -0.260799 0.969873 -0.016260 -0.243067 0.972279 -0.030645 -0.231807 0.971710 -0.033126 -0.233844 0.969208 -0.018230 -0.245569 0.968526 -0.021355 -0.247996 0.966390 -0.007082 -0.256983 0.971106 -0.036351 -0.235863 0.970551 -0.039597 -0.237618 0.967920 -0.025201 -0.249992 0.965847 -0.011589 -0.258853 0.964764 0.005719 -0.263055 0.964433 0.000387 -0.264327 -0.934455 -0.259441 0.243894 -0.932958 -0.263262 0.245524 -0.920394 -0.314358 0.232495 -0.925099 -0.301167 0.231279 -0.930108 -0.267273 0.251921 -0.914808 -0.325862 0.238622 -0.899007 -0.376596 0.223520 -0.908384 -0.357008 0.217676 -0.916097 -0.337206 0.216930 -0.925852 -0.266786 0.267625 -0.907296 -0.335726 0.253183 -0.917296 -0.255890 0.305105 -0.895761 -0.338064 0.288660 -0.870745 -0.406325 0.276953 -0.886877 -0.395742 0.238407 -0.873846 -0.432254 0.222598 -0.888513 -0.409373 0.207265 -0.856270 -0.444444 0.263195 -0.854958 -0.456573 0.246147 -0.872066 -0.444392 0.204979 -0.886828 -0.421480 0.189447 -0.900649 -0.384952 0.201602 -0.910960 -0.360022 0.201335 -0.900291 -0.394492 0.183990 -0.913132 -0.363578 0.184395 -0.942553 -0.216233 0.254632 -0.941666 -0.218326 0.256122 -0.948143 -0.179128 0.262559 -0.947687 -0.178819 0.264411 -0.945863 -0.173183 0.274501 -0.940193 -0.215378 0.263910 -0.951842 -0.150781 0.266949 -0.951279 -0.150866 0.268900 -0.954182 -0.134253 0.267419 -0.953638 -0.134480 0.269239 -0.951761 -0.128014 0.278859 -0.949074 -0.144383 0.280022 -0.938566 -0.130552 0.319453 -0.938269 -0.161776 0.305744 -0.942685 -0.113637 0.313739 -0.908414 -0.071267 0.411953 -0.900606 -0.097592 0.423538 -0.909251 -0.135336 0.393633 
						-0.936015 -0.206114 0.285294 -0.921918 -0.184772 0.340480 -0.935987 -0.253576 0.244189 -0.944127 -0.208376 0.255350 -0.938859 -0.241960 0.244948 -0.946348 -0.196945 0.256199 -0.951137 -0.159914 0.264134 -0.949336 -0.171681 0.263224 -0.941924 -0.228688 0.245930 -0.948720 -0.183867 0.257144 -0.944883 -0.214703 0.247183 -0.951042 -0.169903 0.258169 -0.955409 -0.127298 0.266438 -0.953255 -0.144697 0.265270 -0.956303 -0.112752 0.269762 -0.954297 -0.131531 0.268358 -0.958478 -0.087054 0.271555 -0.960388 -0.064706 0.271051 -0.958132 -0.096775 0.269478 -0.956279 -0.116263 0.268351 -0.952788 -0.143689 0.267487 -0.954926 -0.128217 0.267726 -0.928544 -0.289971 0.231780 -0.921269 -0.322229 0.217788 -0.926531 -0.305957 0.218931 -0.932518 -0.276245 0.232591 -0.917799 -0.341427 0.202661 -0.923071 -0.336311 0.186640 -0.929771 -0.316412 0.188172 -0.924094 -0.323031 0.204207 -0.928836 -0.308351 0.205385 -0.931036 -0.291003 0.220205 -0.934211 -0.302534 0.189004 -0.936182 -0.297053 0.187943 -0.932459 -0.295910 0.207262 -0.935136 -0.276019 0.222113 -0.936460 -0.261593 0.233690 -0.940160 -0.246464 0.235276 -0.969795 -0.192143 0.150260 -0.962872 -0.231917 0.138170 -0.945804 -0.289623 0.146877 -0.959857 -0.233592 0.155273 -0.953201 -0.287028 0.094991 -0.931732 -0.343871 0.116741 -0.929492 -0.339915 0.143184 -0.936337 -0.312981 0.159108 -0.949748 -0.267729 0.162172 -0.935810 -0.352474 0.004723 -0.924112 -0.376558 0.064975 -0.933651 -0.337173 0.120872 -0.942614 -0.293105 0.159899 -0.934655 -0.312850 0.168951 -0.947904 -0.257544 0.187481 -0.940191 -0.281173 0.192308 -0.933811 -0.311632 0.175731 -0.942155 -0.287189 0.172820 -0.934806 -0.297435 0.194089 -0.977393 -0.154635 0.144191 -0.976400 -0.174717 0.126956 -0.984898 -0.116063 0.128475 -0.985789 -0.126887 0.110091 -0.989864 -0.131560 0.053491 -0.977835 -0.196432 0.072477 -0.997438 -0.071403 0.004369 
						-0.997475 -0.070898 0.004076 -0.992698 -0.091916 0.078119 -0.992461 -0.087941 0.085370 -0.997575 -0.069595 0.000852 -0.994142 -0.092117 0.056528 -0.997859 -0.065398 -0.000907 -0.996580 -0.073090 0.038559 -0.995693 -0.083085 0.041143 -0.997727 -0.067374 -0.001119 -0.996895 -0.076968 0.016648 -0.994385 -0.103725 0.020971 -0.939324 -0.049168 -0.339490 -0.992094 -0.099114 -0.076986 -0.994472 -0.055098 -0.089386 -0.942370 -0.121635 -0.311680 -0.986003 -0.157108 -0.055809 -0.967710 -0.249475 -0.036048 -0.937503 -0.232832 -0.258606 0.980996 0.101843 -0.165152 0.973626 0.152822 -0.169405 0.980188 0.109489 -0.165054 0.971435 0.167132 -0.168468 0.959936 0.220183 -0.173329 0.963396 0.203163 -0.174910 0.978778 0.121558 -0.164979 0.968341 0.185027 -0.167570 0.976342 0.139926 -0.164852 0.963909 0.207602 -0.166677 0.949791 0.262327 -0.170535 0.955456 0.239947 -0.171838 0.943855 0.277434 -0.179358 0.948895 0.258396 -0.181193 0.937974 0.297577 -0.177911 0.953118 0.240828 -0.183214 0.937297 0.278939 -0.208968 0.952431 0.193892 -0.235119 0.881987 0.245720 -0.402145 0.570211 0.083628 -0.817230 0.470535 -0.182229 -0.863359 0.968438 0.066648 -0.240180 0.789532 0.131346 -0.599490 0.213175 -0.305447 -0.928040 0.411500 -0.289482 -0.864215 -0.012404 -0.416239 -0.909171 -0.120483 -0.409530 -0.904306 0.113008 -0.222201 -0.968430 0.759528 -0.141328 -0.634936 -0.091475 -0.227736 -0.969417 0.973688 -0.041602 -0.224056 0.951380 0.235555 -0.198467 0.962317 0.183751 -0.200453 0.960238 0.165599 -0.224767 0.939722 0.222359 -0.259767 0.965957 0.153303 -0.208387 0.965741 0.134890 -0.221696 0.967800 0.121965 -0.220197 0.961142 0.150086 -0.231689 0.929965 0.194139 -0.312211 -0.950535 -0.175890 0.256020 -0.945931 -0.192697 0.260926 -0.953893 -0.167514 0.249054 -0.956714 -0.146728 0.251335 -0.956296 -0.136017 0.258838 -0.956963 -0.117601 0.265316 
						-0.957260 -0.160426 0.240660 -0.960820 -0.153330 0.230901 -0.960995 -0.149867 0.232440 -0.958424 -0.150289 0.242561 -0.959032 -0.142148 0.245052 -0.958488 -0.128884 0.254341 -0.960879 -0.147269 0.234570 -0.960634 -0.145354 0.236758 -0.959308 -0.136091 0.247400 -0.959102 -0.119236 0.256722 -0.959498 -0.102227 0.262515 -0.960670 -0.068156 0.269199 -0.959868 -0.092696 0.264688 -0.936432 -0.190658 0.294524 -0.952381 -0.077185 0.294980 -0.891281 -0.085050 0.445404 -0.840650 -0.217973 0.495778 -0.958132 -0.021016 0.285555 -0.960071 -0.014025 0.279405 -0.953844 0.030588 0.298741 -0.937607 0.025561 0.346756 -0.880635 0.055673 0.470513 -0.548718 -0.183837 0.815545 -0.943694 0.072874 0.322694 -0.932437 0.105698 0.345526 -0.774784 0.035068 0.631252 -0.216535 -0.311037 0.925402 -0.287799 -0.269714 0.918927 0.079116 -0.288144 0.954313 0.974938 -0.003833 -0.222445 0.970907 -0.000637 -0.239456 0.974836 0.001412 -0.222917 0.970682 0.004960 -0.240317 0.967382 0.004078 -0.253288 0.967668 -0.001597 -0.252223 0.974507 0.007149 -0.224243 0.970221 0.010382 -0.242000 0.969607 0.015356 -0.244186 0.966281 0.015167 -0.257042 0.966891 0.009749 -0.255002 0.964778 0.006753 -0.262979 0.965169 0.000910 -0.261627 0.964232 0.013064 -0.264736 0.964046 0.002082 -0.265727 0.964157 -0.004140 -0.265300 0.965373 -0.004709 -0.260832 0.964165 -0.009558 -0.265130 0.980812 -0.008512 -0.194772 0.980546 -0.005891 -0.196199 0.988584 -0.010645 -0.150294 0.987950 -0.010220 -0.154434 0.987343 -0.012491 -0.158104 0.980060 -0.004406 -0.198651 0.999957 -0.009247 -0.000030 0.999954 -0.009573 0.000115 0.996112 -0.011207 -0.087385 0.996367 -0.010831 -0.084471 0.999950 -0.009951 0.000499 0.996074 -0.013104 -0.087546 0.999946 -0.010332 0.001077 0.996779 -0.016447 -0.078491 0.996527 -0.015594 -0.081795 0.999947 -0.010233 0.000942 0.990015 -0.020297 -0.139490 
						0.989836 -0.017714 -0.141109 0.984113 -0.019565 -0.176465 0.984971 -0.023338 -0.171135 0.981983 -0.012081 -0.188582 0.978845 -0.001530 -0.204597 0.981184 -0.012124 -0.192696 0.981530 -0.015067 -0.190713 0.989277 -0.014058 -0.145370 0.988970 -0.012278 -0.147604 0.981859 -0.018112 -0.188746 0.989529 -0.016102 -0.143430 0.996682 -0.012586 -0.080412 0.996597 -0.011698 -0.081596 0.999965 -0.008398 -0.000065 0.999963 -0.008656 -0.000073 0.996495 -0.011085 -0.082914 0.999960 -0.008940 -0.000062 0.970967 0.044790 -0.234981 0.969289 0.039534 -0.242728 0.996999 -0.000862 -0.077410 0.998683 0.007429 -0.050767 0.967973 0.035099 -0.248589 0.967221 0.032928 -0.251791 0.992322 -0.018867 -0.122235 0.994904 -0.009806 -0.100346 0.966852 -0.198732 0.160323 0.953945 -0.183982 0.236938 0.977795 -0.198270 0.067867 0.936201 -0.165245 0.310196 0.966605 -0.000204 -0.256272 0.966552 -0.007879 -0.256351 0.963302 0.001274 -0.268417 0.963369 0.007643 -0.268071 0.966096 -0.018170 -0.257544 0.962981 -0.006538 -0.269488 0.948706 0.012061 -0.315928 0.948653 0.017567 -0.315832 0.948547 0.021812 -0.315883 0.965205 -0.027971 -0.259994 0.962340 -0.013661 -0.271506 0.963966 -0.035616 -0.263629 0.961368 -0.018925 -0.274614 0.948290 0.002393 -0.317398 0.948611 0.006743 -0.316372 0.910619 0.032744 -0.411947 0.909229 0.036842 -0.414663 0.912115 0.028881 -0.408915 0.803636 0.086991 -0.588729 0.796339 0.089230 -0.598233 0.790273 0.090777 -0.605994 0.908064 0.040609 -0.416857 0.907220 0.043185 -0.418433 0.785528 0.091403 -0.612038 0.782050 0.090813 -0.616564 0.965297 -0.002236 -0.261144 0.965194 -0.017703 -0.260936 0.964125 0.005692 -0.265387 0.964466 -0.014547 -0.263807 0.965663 -0.039076 -0.256841 0.964848 -0.034354 -0.260555 0.962772 0.032227 -0.268386 0.964394 0.011100 -0.264238 0.962301 0.075233 -0.261375 0.973796 0.044593 -0.223009 
						0.969435 -0.021507 -0.244403 0.978252 -0.064854 -0.197018 0.966667 -0.065794 -0.247441 0.992915 -0.043237 -0.110683 0.974748 -0.197483 0.104246 0.980232 -0.105614 -0.167308 0.966435 -0.089056 -0.240983 0.964128 -0.050591 -0.260572 0.963058 -0.063296 -0.261749 0.966568 0.005637 -0.256348 0.965231 0.005878 -0.261332 0.966648 0.010762 -0.255883 0.965205 0.012257 -0.261208 0.963921 0.022405 -0.265242 0.964032 0.015814 -0.265314 0.966844 0.013062 -0.255035 0.965254 0.015263 -0.260868 0.967162 0.013128 -0.253821 0.965412 0.015840 -0.260248 0.963941 0.024758 -0.264963 0.963878 0.025009 -0.265166 0.962429 0.044724 -0.267824 0.962429 0.045123 -0.267759 0.962537 0.041835 -0.267905 0.962544 0.041869 -0.267875 0.963420 0.014101 -0.267626 0.948555 0.025883 -0.315551 0.948838 0.026611 -0.314639 0.963646 0.016616 -0.266664 0.906731 0.045109 -0.419289 0.779406 0.088965 -0.620171 0.777417 0.084715 -0.623255 0.906666 0.044052 -0.419542 0.906908 0.040910 -0.419339 0.949338 0.025222 -0.313243 0.775882 0.078589 -0.625964 0.774521 0.070715 -0.628583 0.907309 0.035894 -0.418930 0.949983 0.022024 -0.311523 0.964036 0.016881 -0.265234 0.964558 0.015313 -0.263425 0.962776 0.035787 -0.267920 0.964117 0.021806 -0.264579 0.964371 0.017704 -0.263960 0.963072 0.028456 -0.267734 0.965670 0.014224 -0.259382 0.967571 0.011330 -0.252347 0.968034 0.008294 -0.250684 0.966000 0.011289 -0.258297 0.966395 0.007527 -0.256951 0.964693 0.012008 -0.263104 0.968550 0.004436 -0.248777 0.963407 0.019014 -0.267366 0.968633 -0.019973 -0.247693 0.969139 -0.025584 -0.245185 0.968086 -0.013851 -0.250234 0.952390 -0.016681 -0.304424 0.952473 -0.024121 -0.303665 0.952654 -0.030800 -0.302493 0.967514 -0.007951 -0.252691 0.966928 -0.002458 -0.255036 0.952062 -0.002411 -0.305894 0.952285 -0.009270 -0.305070 0.905794 -0.004902 -0.423690 
						0.904688 -0.014130 -0.425840 0.906700 0.003620 -0.421760 0.762701 0.029209 -0.646091 0.758190 0.018766 -0.651764 0.753468 0.006945 -0.657448 0.903726 -0.023240 -0.427480 0.903312 -0.031396 -0.427833 0.749506 -0.004884 -0.661979 0.747290 -0.017019 -0.664281 0.969561 -0.031102 -0.242865 0.953001 -0.037572 -0.300628 0.953582 -0.043000 -0.298046 0.969899 -0.035219 -0.240949 0.903732 -0.039875 -0.426237 0.747706 -0.029177 -0.663389 0.751205 -0.039470 -0.658888 0.905171 -0.046971 -0.422445 0.907542 -0.053137 -0.416587 0.954355 -0.047533 -0.294868 0.757614 -0.048901 -0.650868 0.766634 -0.057510 -0.639503 0.910683 -0.058649 -0.408920 0.955252 -0.051558 -0.291264 0.970120 -0.038394 -0.239570 0.970199 -0.041155 -0.238789 -0.970510 -0.111720 0.213608 -0.968253 -0.122372 0.217970 -0.977381 -0.095863 0.188513 -0.976586 -0.086470 0.196986 -0.963218 -0.136733 0.231332 -0.950329 -0.141161 0.277395 -0.975170 -0.158717 0.154440 -0.978485 -0.116904 0.170001 -0.987056 -0.094431 0.129625 -0.982947 -0.075870 0.167510 -0.986547 -0.149072 0.067104 -0.991566 -0.077035 0.104221 -0.986240 -0.063148 0.152782 -0.980390 -0.069662 0.184346 -0.982629 -0.060169 0.175557 -0.955410 -0.263254 0.133754 -0.955119 -0.224731 0.192985 -0.958327 -0.276368 0.072320 -0.954665 -0.169792 0.244509 -0.946870 -0.124902 0.296372 -0.935453 -0.078937 0.344524 -0.971947 -0.232881 0.032949 -0.964567 -0.188154 0.184957 -0.931245 -0.101944 0.349844 -0.913449 -0.038968 0.405084 -0.896403 0.020803 0.442753 -0.875024 0.065435 0.479636 -0.954338 -0.184853 0.234665 -0.924069 -0.040781 0.380044 0.905000 0.178436 -0.386181 0.960431 0.043110 -0.275160 0.970902 0.008147 -0.239337 0.923868 0.148629 -0.352671 -0.853600 0.097687 0.511687 0.982882 -0.097866 -0.156096 0.984172 -0.133182 -0.116913 0.982898 -0.162411 -0.086799 0.976027 -0.023218 -0.216406 0.981389 -0.183162 -0.057688 
						0.979340 -0.051349 -0.195592 0.934166 0.120470 -0.335889 0.941883 0.093876 -0.322557 -0.974521 0.222367 -0.029358 -0.979268 0.199820 -0.033260 0.885900 -0.115495 -0.449269 0.871065 -0.166804 -0.461975 0.878470 -0.155538 -0.451773 0.865773 -0.202815 -0.457496 -0.966521 0.255521 -0.023366 -0.971239 0.236937 -0.023582 0.912877 -0.040443 -0.406226 0.905831 -0.080546 -0.415911 0.918695 -0.125342 -0.374552 0.901871 -0.179803 -0.392811 0.968264 -0.160330 -0.191726 0.966590 -0.153860 -0.205015 -0.968831 0.244831 0.037732 -0.971294 0.233239 0.046768 0.896312 -0.210505 -0.390273 0.964268 -0.152498 -0.216636 -0.971777 0.155359 0.177518 -0.963817 0.152421 0.218687 -0.986000 0.164001 -0.030117 -0.978232 0.206416 -0.021309 -0.993451 0.113860 0.009534 -0.998091 0.061558 0.004956 -0.975577 0.212868 0.054195 -0.953307 0.145195 0.264811 -0.939352 0.133797 0.315779 -0.985013 0.150237 0.084725 -0.986117 0.063777 0.153313 -0.995195 -0.002900 0.097872 -0.929625 0.122437 0.347573 -0.973384 0.005789 0.229108 -0.978373 -0.067846 0.195406 -0.993775 -0.055270 0.096726 -0.975205 -0.114661 0.189282 0.949659 0.258817 0.176527 0.962863 0.221870 0.153845 0.950914 0.244967 0.189088 0.930427 0.294378 0.218282 0.987905 0.122060 0.095627 0.986238 0.118413 0.115383 0.983574 0.120552 0.134351 0.939266 0.263151 0.220297 0.913406 0.322403 0.248488 0.999518 0.000848 -0.031042 0.999521 -0.006150 -0.030343 0.987693 -0.051836 -0.147568 0.988725 -0.046042 -0.142488 0.990746 -0.038676 -0.130100 0.999801 -0.003979 -0.019563 0.999979 0.001734 -0.006269 0.979502 0.128411 0.155200 0.992137 -0.034541 -0.120298 0.992224 -0.031875 -0.120315 0.999963 0.007656 0.003829 0.973486 0.142555 0.178894 0.926181 0.281989 0.250341 0.895233 0.347428 0.279020 0.908751 0.306743 0.282986 0.872215 0.375767 0.313115 0.910024 0.346721 0.227247 
						0.932910 0.303981 0.193066 0.888394 0.379860 0.257804 -0.843010 -0.306306 0.442165 -0.808359 -0.330573 0.487111 -0.848713 -0.231721 0.475385 -0.874644 -0.215944 0.434011 -0.879442 -0.280707 0.384429 -0.899806 -0.200396 0.387544 0.865533 0.408376 0.289970 0.837378 0.438035 0.326993 -0.769452 -0.354747 0.531130 -0.724250 -0.377192 0.577225 -0.784769 -0.261664 0.561844 -0.818809 -0.247147 0.518140 -0.891270 -0.123050 0.436459 -0.908203 -0.117984 0.401555 -0.872629 -0.129451 0.470916 -0.930780 -0.064256 0.359887 -0.939340 -0.061459 0.337436 -0.947530 -0.060698 0.313851 -0.923090 -0.111776 0.367983 -0.937040 -0.104260 0.333294 -0.955226 -0.059453 0.289843 -0.962674 -0.055881 0.264833 0.885437 0.335469 0.321654 0.842607 0.406654 0.353053 0.964517 0.161373 0.208965 0.952006 0.181018 0.246812 0.856644 0.362966 0.366629 0.807018 0.435420 0.398912 0.999760 0.014755 0.016192 0.991981 -0.030278 -0.122710 0.992255 -0.029383 -0.120693 0.999129 0.022085 0.035396 0.997707 0.027866 0.061684 0.935146 0.199211 0.292944 0.992977 -0.030372 -0.114342 0.993976 -0.034352 -0.104070 0.995058 0.030340 0.094548 0.913557 0.214625 0.345469 0.821676 0.386906 0.418511 0.765052 0.459741 0.450926 0.781134 0.405952 0.474377 0.717132 0.477144 0.507991 0.802241 0.468680 0.369794 0.760421 0.496628 0.418474 -0.677300 -0.397530 0.619060 -0.631301 -0.414880 0.655236 -0.714686 -0.291856 0.635645 -0.749486 -0.277071 0.601251 0.711557 0.519236 0.473371 0.654100 0.531689 0.538015 -0.585911 -0.430137 0.686798 -0.538296 -0.442731 0.717096 -0.644204 -0.319717 0.694825 -0.679968 -0.306162 0.666264 -0.814303 -0.158761 0.558306 -0.833910 -0.148546 0.531533 -0.793625 -0.166933 0.585058 -0.899028 -0.080542 0.430420 -0.906740 -0.078690 0.414283 -0.914406 -0.074468 0.397891 -0.853208 -0.138385 0.502878 -0.922336 -0.069051 0.380170 
						0.962438 0.029214 -0.269926 0.962003 0.032284 -0.271123 0.963061 0.025088 -0.268114 0.965215 0.024432 -0.260314 0.964720 0.027676 -0.261821 0.964363 0.029922 -0.262884 0.963655 0.019618 -0.266429 0.965720 0.020188 -0.258798 0.969055 0.019493 -0.246073 0.968581 0.022640 -0.247666 0.968184 0.024934 -0.248995 0.967940 0.026508 -0.249780 0.967107 0.031962 -0.252354 0.967560 0.029102 -0.250958 0.980727 -0.011015 -0.195072 0.988341 -0.022573 -0.150572 0.968552 0.026611 -0.247384 0.966588 0.023086 -0.255294 0.949985 0.059156 -0.306640 0.982234 -0.064645 -0.176175 0.986695 -0.155777 -0.046542 0.980070 0.198632 0.002755 0.976880 0.213769 -0.002934 0.978142 0.207865 0.005407 0.981245 0.192256 0.013963 0.966201 0.257127 -0.018488 0.967613 0.252216 -0.010562 0.968818 0.247535 -0.010853 0.979017 0.203653 0.007201 0.982043 0.187727 0.018722 0.946880 0.316397 -0.057540 0.949246 0.310320 -0.051311 0.927203 0.356252 -0.115667 0.932198 0.345270 -0.108606 0.938268 0.328766 -0.107546 0.952155 0.300985 -0.052993 0.956431 0.285042 -0.063176 0.970241 0.241293 -0.020227 0.946756 0.301509 -0.112895 0.957687 0.259205 -0.125096 0.962276 0.259530 -0.081668 0.972195 0.231237 -0.036964 0.979727 0.200324 0.002203 0.982743 0.184236 0.016508 0.980536 0.196256 -0.005647 0.983499 0.180389 0.013749 0.980013 0.198091 -0.018285 0.976977 0.211510 -0.027925 0.982772 0.178756 -0.046971 0.980276 0.189508 -0.056080 0.972756 0.221630 -0.068018 0.967355 0.249842 -0.042469 0.989209 0.129894 -0.067779 0.987843 0.138237 -0.071105 0.999440 0.020829 -0.026172 0.999590 0.028567 0.002148 0.997931 0.063997 0.006196 0.983065 0.166681 -0.076163 0.971658 0.214472 -0.099408 0.957939 0.270208 -0.096644 0.991244 0.129245 -0.027051 0.973580 0.203050 -0.104459 0.953638 0.262037 -0.148023 0.939071 0.311375 -0.145568 
						0.949470 0.304178 -0.077348 0.929733 0.343733 -0.132077 0.984960 0.172785 0.000019 0.984710 0.173153 -0.019068 -0.839148 -0.236105 0.489984 -0.833293 -0.336792 0.438398 -0.828167 -0.330120 0.452946 -0.833459 -0.231884 0.501573 -0.840295 -0.299126 0.452137 -0.842112 -0.209528 0.496935 0.986619 0.155823 -0.047989 -0.838428 -0.430454 0.334287 -0.837214 -0.420000 0.350246 -0.851868 -0.382151 0.358165 -0.878824 -0.312015 0.360991 -0.865088 -0.237100 0.442047 -0.899996 -0.216301 0.378446 -0.881113 -0.133040 0.453805 0.991830 0.107613 -0.068507 -0.862380 -0.159730 0.480402 -0.872871 -0.057354 0.484569 0.998523 -0.004357 -0.054147 0.985924 0.166655 0.013425 0.986158 0.164605 0.019935 -0.852457 -0.232833 0.468088 -0.852583 -0.230973 0.468779 -0.845925 -0.351832 0.400781 -0.845636 -0.335118 0.415447 0.984367 0.174713 0.022285 0.985020 0.171043 0.021920 -0.799669 -0.191070 0.569230 -0.832033 -0.228944 0.505277 -0.840304 -0.282527 0.462674 -0.826506 -0.218238 0.518903 -0.999050 -0.017992 0.039683 -0.997861 -0.036380 0.054307 -0.861846 -0.302876 0.406802 -0.876103 -0.236998 0.419851 -0.996502 -0.061799 0.056257 -0.870009 -0.364950 0.331506 -0.994985 -0.098454 0.017677 -0.898462 -0.420534 0.126159 -0.878885 -0.420892 0.224524 -0.995416 -0.086747 0.040276 -0.866781 -0.463332 0.184430 -0.849386 -0.442699 0.287333 -0.848949 -0.427370 0.310870 -0.862731 -0.454569 0.221501 -0.960798 -0.147107 0.235005 -0.960528 -0.148752 0.235073 -0.971391 -0.135551 0.195000 -0.970789 -0.135823 0.197792 -0.970480 -0.137793 0.197943 -0.960453 -0.151780 0.233439 -0.985883 -0.116438 0.120322 -0.985068 -0.117449 0.125884 -0.994130 -0.097844 -0.046176 -0.993748 -0.104849 -0.038366 -0.993195 -0.110297 -0.037380 -0.984484 -0.120965 0.127117 -0.984341 -0.124946 0.124345 -0.970428 -0.140963 0.195956 -0.992459 -0.114690 -0.043253 -0.991452 -0.117548 -0.056611 
						-0.984815 -0.128089 0.117190 -0.970950 -0.143576 0.191422 -0.960202 -0.156602 0.231275 -0.960371 -0.160429 0.227925 -0.962849 -0.146838 0.226630 -0.967939 -0.149572 0.201797 -0.977641 -0.141041 0.155969 -0.973381 -0.136943 0.183780 -0.976805 -0.152610 0.150209 -0.989489 -0.139211 0.039125 -0.991769 -0.124110 -0.031483 -0.984659 -0.144477 0.097838 -0.991766 -0.127027 0.016279 -0.989973 -0.121577 0.071925 -0.987243 -0.102158 -0.122131 -0.966259 -0.076393 -0.245981 -0.982095 -0.090873 -0.165022 -0.989583 -0.090640 -0.111848 -0.987549 -0.117162 0.104975 -0.993438 -0.091384 -0.068782 0.984683 0.173114 0.020784 0.984053 0.171397 0.047576 0.987723 0.154686 0.021785 0.985072 0.155323 0.074222 -0.847281 -0.181119 0.499310 -0.979189 -0.162740 0.121264 -0.907557 -0.175591 0.381454 -0.848660 -0.205280 0.487479 0.999816 0.000173 -0.019195 0.999687 0.001263 -0.024992 0.994343 0.096868 0.043564 0.995527 0.094379 -0.004409 -0.992097 -0.006332 0.125317 -0.999400 0.006201 -0.034070 -0.994744 -0.099050 0.025964 -0.973080 -0.088396 -0.212841 -0.921991 -0.184455 0.340455 -0.999764 -0.006900 0.020608 0.982136 0.187449 -0.016448 0.975559 0.211200 -0.060652 0.982273 0.170453 -0.078012 0.986239 0.162378 -0.031087 0.970277 0.217417 -0.106269 0.970457 0.196672 -0.139763 0.982961 0.122101 -0.137400 0.980757 0.155702 -0.117784 0.994325 0.071630 -0.078661 0.994464 0.085883 -0.060540 0.995136 0.046941 -0.086602 0.999757 -0.020870 -0.007131 0.999768 -0.016806 -0.013504 0.999770 -0.009602 -0.019190 0.995396 0.090453 -0.031702 0.999797 -0.002555 -0.019996 0.302440 0.420532 0.855385 0.441562 0.467348 0.765903 0.530540 0.422680 0.734758 0.395020 0.389809 0.831870 0.562715 0.487527 0.667585 0.642850 0.428117 0.635184 0.833358 0.237677 0.499024 0.760202 0.241022 0.603326 0.660665 0.220504 0.717565 0.653340 0.487040 0.579602 
						0.724467 0.418312 0.547871 0.882290 0.225804 0.413009 0.990285 0.029910 0.135800 0.981315 0.028045 0.190354 0.995082 -0.041363 -0.090007 0.996185 -0.051040 -0.070789 0.965623 0.020291 0.259153 0.940037 -0.003240 0.341056 0.996759 -0.065546 -0.046636 0.995751 -0.090298 -0.018043 0.212130 0.428044 0.878510 0.373694 0.512447 0.773143 -0.308963 -0.389300 0.867748 -0.480274 -0.279913 0.831255 -0.519998 -0.310991 0.795542 -0.364384 -0.422763 0.829756 -0.561588 -0.324384 0.761179 -0.423813 -0.442350 0.790385 0.492996 0.534845 0.686219 -0.708244 -0.144190 0.691085 -0.727275 -0.163175 0.666667 -0.866231 -0.066436 0.495206 -0.873607 -0.076764 0.480540 -0.882114 -0.079986 0.464194 -0.748805 -0.170333 0.640529 -0.771526 -0.170861 0.612824 -0.603855 -0.325990 0.727385 -0.890874 -0.080961 0.446977 0.585315 0.537990 0.606609 -0.482127 -0.446812 0.753599 0.165742 0.320555 0.932617 0.064383 0.301868 0.951173 0.043802 0.134713 0.989916 -0.058227 0.095529 0.993722 -0.256250 -0.344800 0.903022 -0.185447 -0.260247 0.947566 -0.392763 -0.161506 0.905347 -0.442999 -0.235878 0.864936 -0.024661 -0.111597 0.993448 -0.114010 -0.168303 0.979120 0.020444 -0.347908 0.937306 -0.045830 -0.406904 0.912320 -0.103295 -0.114350 0.988056 -0.063203 0.100509 0.992927 -0.326425 0.095853 0.940350 -0.337302 -0.042923 0.940418 -0.668499 -0.012014 0.743616 -0.674042 -0.067284 0.735623 -0.697512 0.012712 0.716461 -0.873992 -0.035110 0.484670 -0.861679 -0.033860 0.506322 -0.691785 -0.114404 0.712984 -0.861483 -0.049827 0.505336 0.245965 0.282395 0.927229 0.536366 0.148906 0.830746 0.403484 0.031185 0.914455 0.120116 0.112606 0.986353 0.898453 -0.052858 0.435876 0.991683 -0.127919 0.014224 0.983098 -0.177100 0.046412 0.834019 -0.128290 0.536614 0.725447 -0.208522 0.655931 0.278580 -0.124411 0.952321 0.971372 -0.229581 0.061066 
						0.575611 -0.273807 0.770520 0.204467 -0.319449 0.925281 0.038905 -0.110773 0.993084 0.053810 -0.347059 0.936298 -0.960977 -0.102349 0.256997 -0.960237 -0.110836 0.256243 -0.962633 -0.135716 0.234349 -0.963556 -0.124298 0.236874 -0.959350 -0.122233 0.254374 -0.961832 -0.146008 0.231433 -0.970641 -0.165887 0.174176 -0.971317 -0.156553 0.178984 -0.972155 -0.145147 0.183974 -0.958546 -0.133043 0.251969 -0.961225 -0.154491 0.228428 -0.957957 -0.141601 0.249533 -0.960918 -0.160333 0.225676 -0.970070 -0.177137 0.166094 -0.970189 -0.172930 0.169792 -0.980075 -0.192834 0.047627 -0.980801 -0.187135 0.054869 -0.979840 -0.195367 0.041781 -0.944910 -0.232526 -0.230385 -0.947195 -0.232769 -0.220544 -0.950789 -0.229510 -0.208149 -0.981866 -0.178702 0.063282 -0.983187 -0.167540 0.072620 -0.955455 -0.223034 -0.193289 -0.961056 -0.212885 -0.176216 -0.959654 -0.080234 0.269493 -0.958653 -0.089673 0.270079 -0.951719 -0.060396 0.300969 -0.950649 -0.066269 0.303107 -0.950557 -0.076803 0.300904 -0.957829 -0.101639 0.268763 -0.929601 -0.049969 0.365164 -0.927985 -0.048284 0.369476 -0.929230 -0.051102 0.365951 -0.934463 -0.064900 0.350094 -0.951322 -0.092338 0.294040 -0.942168 -0.090444 0.322705 -0.952631 -0.108641 0.284063 -0.957175 -0.114619 0.265854 -0.956821 -0.125772 0.262060 -0.961729 -0.095169 0.256944 -0.960742 -0.073051 0.267654 -0.962486 -0.087138 0.256959 -0.961653 -0.068369 0.265611 -0.954850 -0.056368 0.291691 -0.953277 -0.057474 0.296579 -0.962906 -0.080490 0.257551 -0.962236 -0.064908 0.264365 -0.962889 -0.075005 0.259267 -0.962324 -0.062301 0.264673 -0.956836 -0.055276 0.285324 -0.956127 -0.055642 0.287618 -0.939172 -0.054968 0.339019 -0.935984 -0.053905 0.347891 -0.941727 -0.055911 0.331699 -0.932601 -0.052078 0.357132 -0.964295 -0.114232 0.238927 -0.972757 -0.134294 0.188965 -0.973233 -0.123033 0.194117 -0.964889 -0.104467 0.240988 
						-0.984279 -0.156074 0.082684 -0.966946 -0.200925 -0.156983 -0.972678 -0.187986 -0.136231 -0.985218 -0.143710 0.093230 -0.985870 -0.131162 0.104199 -0.973429 -0.112196 0.199618 -0.978034 -0.174088 -0.114642 -0.982813 -0.159625 -0.092725 -0.986173 -0.118812 0.115528 -0.973291 -0.102068 0.205637 -0.965183 -0.095663 0.243454 -0.965105 -0.087884 0.246677 -0.944011 -0.230567 0.235970 -0.948010 -0.200494 0.247144 -0.939683 -0.258874 0.223562 -0.944961 -0.240217 0.222137 -0.948353 -0.215027 0.233217 -0.951847 -0.187190 0.242789 -0.936306 -0.281740 0.209653 -0.942010 -0.262486 0.209090 -0.948656 -0.241908 0.203793 -0.950864 -0.222474 0.215321 -0.953830 -0.200611 0.223527 -0.957653 -0.174499 0.229020 -0.953434 -0.156520 0.257809 -0.956617 -0.145112 0.252638 -0.959917 -0.097691 0.262710 -0.957435 -0.110511 0.266657 -0.962470 -0.134546 0.235686 -0.965362 -0.087844 0.245681 -0.963537 -0.021391 0.266719 -0.960426 -0.039611 0.275703 -0.959773 -0.061716 0.273909 -0.908812 -0.385877 0.158618 -0.922376 -0.351932 0.159270 -0.893731 -0.417669 0.163700 -0.909442 -0.397022 0.123652 -0.927111 -0.355261 0.119392 -0.941852 -0.313693 0.120462 -0.878551 -0.442647 0.179478 -0.889289 -0.435711 0.138997 -0.922555 -0.376937 0.082526 -0.943195 -0.324990 0.069022 -0.994885 -0.100912 0.004607 -0.994594 -0.103832 -0.001062 -0.959004 -0.275660 0.065751 -0.969366 -0.236475 0.066395 -0.994721 -0.102558 -0.003558 -0.995104 -0.098757 -0.003985 0.972570 0.165385 -0.163574 0.958066 0.234972 -0.164002 0.967172 0.198042 -0.159241 0.951648 0.264041 -0.156998 0.937753 0.308946 -0.158657 0.943408 0.286424 -0.167160 0.960951 0.233144 -0.149057 0.946473 0.289455 -0.142845 0.934651 0.325986 -0.141988 0.926021 0.347911 -0.146431 0.927448 0.335625 -0.164913 0.918663 0.362915 -0.156048 0.918636 0.353719 -0.176041 0.931995 0.317826 -0.174273 0.922172 0.339098 -0.186043 
						0.937037 0.257064 -0.236387 0.943365 0.226056 -0.242817 0.942114 0.256303 -0.216172 0.952709 0.221989 -0.207526 0.963011 0.187505 -0.193525 0.949362 0.191478 -0.249095 0.953557 0.244479 -0.175952 0.972897 0.198234 -0.119059 0.992667 0.102135 0.064655 0.911325 -0.113011 0.395872 0.991176 0.131570 -0.016133 0.998973 0.044915 -0.006002 0.971250 0.133659 -0.197000 0.889460 -0.180106 0.420027 0.956039 0.143808 -0.255557 0.929805 0.289453 -0.227332 0.924011 0.315743 -0.215662 0.923800 0.323434 -0.204900 0.932358 0.291147 -0.214340 0.921504 0.331605 -0.202158 0.919015 0.344251 -0.192099 0.920096 0.351926 -0.171962 0.927417 0.325511 -0.184227 0.939257 0.285665 -0.190243 0.964715 -0.044635 -0.259484 0.962116 -0.049647 -0.268084 0.966201 -0.047590 -0.253359 0.968576 -0.043363 -0.244910 0.954565 -0.063924 -0.291064 0.934720 -0.110812 -0.337667 0.943951 -0.103201 -0.313538 0.959868 -0.060384 -0.273875 0.966619 -0.057538 -0.249674 0.971502 -0.046679 -0.232391 0.954556 -0.094717 -0.282581 0.965441 -0.085983 -0.246028 0.974125 -0.055733 -0.219030 0.977449 -0.046836 -0.205914 0.973350 -0.043201 -0.225221 0.978550 -0.043962 -0.201264 -0.962708 -0.070443 0.261213 -0.962235 -0.060234 0.265473 -0.962813 -0.066485 0.261862 -0.962506 -0.058201 0.264942 -0.958247 -0.054073 0.280783 -0.957335 -0.055035 0.283691 -0.963434 -0.062842 0.260473 -0.963389 -0.055804 0.262234 -0.964742 -0.058985 0.256504 -0.965048 -0.052730 0.256713 -0.962260 -0.048870 0.267707 -0.959838 -0.051952 0.275702 -0.949957 -0.052247 0.307981 -0.946669 -0.055210 0.317442 -0.954027 -0.048723 0.295733 -0.944014 -0.056448 0.325042 -0.964858 -0.081105 0.249942 -0.972936 -0.092876 0.211589 -0.972610 -0.084697 0.216465 -0.964797 -0.075194 0.252017 -0.986142 -0.107144 0.126668 -0.986824 -0.145302 -0.071171 -0.990007 -0.131521 -0.050872 -0.985900 -0.096460 0.136735 
						-0.985571 -0.086957 0.145218 -0.972489 -0.077524 0.219668 -0.992412 -0.118690 -0.032124 -0.994045 -0.107926 -0.015060 -0.985227 -0.079438 0.151714 -0.972688 -0.071882 0.220706 -0.965130 -0.069985 0.252244 -0.965987 -0.065809 0.250077 -0.956344 -0.123966 0.264649 -0.955729 -0.128536 0.264689 -0.957406 -0.115238 0.264753 -0.958067 -0.123325 0.258648 -0.957325 -0.128011 0.259117 -0.956795 -0.131035 0.259565 -0.958743 -0.102939 0.264981 -0.958792 -0.119006 0.257985 -0.959197 -0.133716 0.249123 -0.958775 -0.134395 0.250378 -0.960292 -0.144518 0.238652 -0.959836 -0.144834 0.240289 -0.958204 -0.136585 0.251375 -0.957684 -0.138563 0.252273 -0.959228 -0.146481 0.241711 -0.958564 -0.148666 0.243009 -0.955288 -0.128478 0.266305 -0.956425 -0.131278 0.260801 -0.955683 -0.128182 0.265026 -0.953872 -0.123647 0.273569 -0.957317 -0.139160 0.253335 -0.958012 -0.150123 0.244289 -0.957705 -0.149745 0.245719 -0.957043 -0.137663 0.255184 -0.956825 -0.133433 0.258226 -0.954259 -0.120965 0.273419 -0.957673 -0.147108 0.247430 -0.949417 -0.111715 0.293475 -0.982319 -0.074497 0.171752 -0.980626 -0.066311 0.184324 -0.980899 -0.067002 0.182616 -0.983332 -0.074135 0.166022 -0.979336 -0.058958 0.193453 -0.978997 -0.060975 0.194545 -0.981202 -0.061092 0.183057 -0.983130 -0.066186 0.170516 -0.985640 -0.072283 0.152609 -0.977660 -0.054082 0.203114 -0.977012 -0.056971 0.205429 -0.975071 -0.052097 0.215688 -0.974554 -0.055416 0.217196 -0.977706 -0.056946 0.202107 -0.979465 -0.057850 0.193137 -0.986205 -0.058055 0.155014 -0.986901 -0.060503 0.149549 -0.985747 -0.058139 0.157869 -0.996368 -0.074146 0.041872 -0.996067 -0.070754 0.053336 -0.995656 -0.070346 0.060990 -0.987945 -0.064847 0.140565 -0.989568 -0.070208 0.125799 -0.995314 -0.072175 0.064344 -0.995236 -0.075161 0.062093 -0.982736 -0.072679 0.170139 -0.982332 -0.063712 0.175966 -0.985523 -0.071865 0.153560 
						-0.986761 -0.059231 0.150978 -0.986214 -0.047471 0.158517 -0.981632 -0.054603 0.182805 -0.996661 -0.081650 0.000018 -0.996576 -0.082644 -0.002303 -0.993267 -0.067436 0.094193 -0.992224 -0.075511 0.098944 -0.996498 -0.082869 -0.011200 -0.995328 -0.052267 0.081175 -0.996324 -0.074980 -0.041440 -0.996822 -0.034511 0.071803 -0.996854 -0.039450 0.068746 -0.996353 -0.081995 -0.023602 -0.985346 -0.034788 0.166982 -0.988687 -0.036662 0.145447 -0.973016 -0.043925 0.226518 -0.979468 -0.039393 0.197711 -0.972076 -0.046556 0.230001 -0.976250 -0.044529 0.212023 -0.980716 -0.044167 0.190380 -0.979553 -0.049782 0.194930 -0.976546 -0.048149 0.209855 -0.973284 -0.047573 0.224622 -0.972001 -0.051829 0.229189 -0.972468 -0.044551 0.228736 -0.968786 -0.045160 0.243752 -0.970160 -0.048530 0.237561 -0.969151 -0.053118 0.240674 -0.968179 -0.045327 0.246118 -0.963385 -0.045728 0.264194 -0.958632 -0.046576 0.280811 -0.965333 -0.046662 0.256817 -0.967361 -0.050472 0.248325 -0.966696 -0.055429 0.249854 -0.971873 -0.055929 0.228769 -0.969472 -0.057968 0.238251 -0.974524 -0.061325 0.215738 -0.975981 -0.058275 0.209917 -0.967487 -0.061130 0.245423 -0.973422 -0.065665 0.219401 -0.985179 -0.071371 0.155977 -0.985218 -0.065369 0.158341 -0.995231 -0.097543 0.000168 -0.995991 -0.088240 0.014690 -0.985415 -0.060823 0.158930 -0.996356 -0.080352 0.028592 0.964034 -0.016207 -0.265285 0.964208 -0.011307 -0.264905 0.965183 -0.020872 -0.260741 0.964903 -0.024866 -0.261427 0.964323 -0.005353 -0.264676 0.965483 -0.016183 -0.259964 0.967445 -0.029066 -0.251405 0.967050 -0.032789 -0.252467 0.970070 -0.042968 -0.238996 0.969626 -0.046439 -0.240142 0.966713 -0.035820 -0.253343 0.969240 -0.049116 -0.241167 0.962221 -0.070130 -0.263082 0.962847 -0.040148 -0.267047 0.965883 -0.103504 -0.237395 0.966327 -0.101884 -0.236286 0.962059 -0.069348 -0.263881 0.962186 -0.040920 -0.269303 
						0.975569 -0.149098 -0.161351 0.976410 -0.142358 -0.162352 0.978908 -0.115587 -0.168458 0.967444 -0.088169 -0.237232 0.980080 -0.090350 -0.176863 0.968311 -0.072673 -0.238940 0.962414 -0.062414 -0.264317 0.961935 -0.038464 -0.270557 0.962931 -0.053925 -0.264303 0.961974 -0.035073 -0.270879 0.960395 -0.021828 -0.277786 0.959711 -0.022378 -0.280095 0.947844 -0.002110 -0.318727 0.947959 -0.000602 -0.318393 0.959344 -0.021101 -0.281450 0.959359 -0.017671 -0.281634 0.948646 -0.000416 -0.316338 0.948033 -0.002323 -0.318163 0.917818 0.022324 -0.396373 0.915639 0.023510 -0.401312 0.920467 0.023160 -0.390134 0.837905 0.080661 -0.539823 0.828803 0.080842 -0.553669 0.820154 0.082447 -0.566171 0.913777 0.025691 -0.405403 0.811791 0.084521 -0.577799 0.965141 0.012323 -0.261439 0.950635 0.017415 -0.309822 0.951212 0.011749 -0.308314 0.965735 0.008270 -0.259398 0.907578 0.029408 -0.418853 0.772655 0.061511 -0.631839 0.770003 0.051331 -0.635972 0.907575 0.021845 -0.419322 0.907291 0.013478 -0.420287 0.951696 0.005313 -0.306996 0.766645 0.040354 -0.640802 0.966332 0.003449 -0.257276 -0.960955 -0.163314 0.223371 -0.961315 -0.163763 0.221482 -0.970958 -0.177111 0.160846 -0.970335 -0.178411 0.163153 -0.961934 -0.162289 0.219874 -0.962758 -0.159375 0.218397 -0.972977 -0.168972 0.157367 -0.971858 -0.173826 0.158985 -0.982084 -0.185818 0.031360 -0.980938 -0.191342 0.033885 -0.983485 -0.178585 0.029391 -0.946453 -0.203354 -0.250747 -0.945041 -0.213292 -0.247800 -0.944053 -0.222238 -0.243669 -0.980151 -0.194718 0.037267 -0.943923 -0.228833 -0.238002 0.979876 -0.011794 -0.199257 0.979588 -0.002992 -0.200992 0.975098 -0.004562 -0.221726 0.975962 -0.014361 -0.217469 0.977387 0.006972 -0.211345 0.971478 0.005853 -0.237057 0.966218 0.004406 -0.257688 0.971142 -0.006225 -0.238421 0.972511 -0.015715 -0.232327 0.970691 0.020656 -0.239443 
						0.961681 0.021051 -0.273362 0.949679 0.055833 -0.308208 0.932247 0.061223 -0.356605 0.915985 0.064405 -0.396008 0.953457 0.020614 -0.300825 0.946101 0.020133 -0.323246 0.961653 0.003007 -0.274253 0.901020 0.066765 -0.428609 0.887044 0.069338 -0.456448 0.939584 0.020029 -0.341733 0.957786 0.001834 -0.287477 0.967757 -0.007965 -0.251759 0.969538 -0.017439 -0.244319 0.964949 -0.009800 -0.262255 0.967057 -0.019756 -0.253791 0.976390 -0.021666 -0.214926 0.979963 -0.019204 -0.198253 0.973220 -0.022779 -0.228746 0.975668 -0.029652 -0.217239 0.978188 -0.028795 -0.205716 0.981081 -0.028242 -0.191526 0.970482 -0.024679 -0.239905 0.968210 -0.027685 -0.248602 0.971969 -0.035572 -0.232404 0.973591 -0.031732 -0.226082 0.980349 -0.036655 -0.193833 0.981204 -0.034536 -0.189857 0.979929 -0.041267 -0.195027 0.982550 -0.034114 -0.182842 0.984369 -0.034487 -0.172708 0.962667 -0.011777 -0.270434 0.965040 -0.022793 -0.261111 0.954500 0.000925 -0.298210 0.951802 0.000141 -0.306714 0.960930 -0.013974 -0.276438 0.963492 -0.026604 -0.266411 0.933651 0.020503 -0.357596 0.873374 0.072679 -0.481597 0.860200 0.076136 -0.504241 0.928320 0.021267 -0.371174 0.923817 0.021892 -0.382207 0.949799 -0.000737 -0.312861 0.848111 0.078977 -0.523898 0.959794 -0.016458 -0.280222 0.962443 -0.031209 -0.269685 0.966351 -0.031932 -0.255237 0.964873 -0.037423 -0.260036 0.969766 -0.048866 -0.239093 0.970714 -0.041307 -0.236661 0.963776 -0.044213 -0.263024 0.969054 -0.058579 -0.239798 0.980277 -0.070831 -0.184500 0.980020 -0.057974 -0.190263 0.979833 -0.048439 -0.193856 -0.965849 -0.149574 0.211574 -0.965253 -0.150699 0.213485 -0.977025 -0.149961 0.151437 -0.976232 -0.153790 0.152711 -0.975250 -0.158490 0.154167 -0.964500 -0.153020 0.215234 -0.988489 -0.148921 0.026664 -0.987491 -0.155514 0.026030 -0.955463 -0.158720 -0.248795 -0.952542 -0.169871 -0.252600 
						-0.950154 -0.181089 -0.253799 -0.986286 -0.162912 0.026452 -0.984929 -0.170729 0.027670 -0.974147 -0.163653 0.155740 -0.948115 -0.192630 -0.252926 -0.963650 -0.156050 0.216858 -0.966404 -0.148920 0.209491 -0.966863 -0.148330 0.207785 -0.978104 -0.143695 0.150549 -0.977700 -0.146539 0.150432 -0.966902 -0.149167 0.207004 -0.966296 -0.152216 0.207612 -0.977251 -0.142751 0.156849 -0.978003 -0.142256 0.152556 -0.989913 -0.135214 0.042298 -0.989833 -0.138219 0.033570 -0.989513 -0.133518 0.055110 -0.975744 -0.128487 -0.177242 -0.969259 -0.133621 -0.206599 -0.963537 -0.140223 -0.227892 -0.989302 -0.143028 0.028711 -0.959004 -0.148497 -0.241373 0.970142 -0.044005 -0.238513 0.956201 -0.055521 -0.287398 0.957052 -0.059826 -0.283678 0.969954 -0.047306 -0.238644 0.914348 -0.063887 -0.399857 0.777696 -0.065458 -0.625223 0.789659 -0.073031 -0.609184 0.918099 -0.068989 -0.390302 0.921559 -0.074538 -0.381016 0.957748 -0.064185 -0.280357 0.801410 -0.081440 -0.592545 0.812336 -0.089482 -0.576284 0.924551 -0.080241 -0.372513 0.958239 -0.068848 -0.277558 0.969678 -0.051021 -0.239000 0.969350 -0.055070 -0.239434 0.968978 -0.059261 -0.239938 0.958526 -0.073461 -0.275374 0.958652 -0.078175 -0.273634 0.968614 -0.062786 -0.240509 0.927004 -0.086240 -0.365002 0.822189 -0.097690 -0.560769 0.831243 -0.106206 -0.545670 0.929042 -0.092646 -0.358187 0.930832 -0.098892 -0.351812 0.958709 -0.082169 -0.272259 0.839706 -0.116050 -0.530497 0.968271 -0.065352 -0.241207 -0.965068 -0.156443 0.210166 -0.963435 -0.160350 0.214663 -0.974069 -0.145532 0.173235 -0.975867 -0.144201 0.163980 -0.961506 -0.162522 0.221568 -0.972206 -0.145711 0.183256 -0.985816 -0.131029 0.104872 -0.987189 -0.132443 0.088980 -0.989649 -0.120168 -0.078457 -0.986585 -0.122748 -0.107620 -0.988520 -0.133053 0.071596 -0.981906 -0.125195 -0.142079 -0.994566 -0.085296 0.059687 -0.993464 -0.095715 0.062187 
						-0.996089 -0.075634 0.045672 -0.999017 -0.027824 -0.034505 -0.998895 -0.020516 -0.042294 -0.998313 -0.012866 -0.056624 -0.997570 -0.066477 0.020869 -0.998183 -0.058857 -0.012895 -0.998282 -0.043327 -0.039448 -0.998805 -0.035306 -0.033794 0.979455 -0.150095 -0.134679 0.994618 -0.076883 -0.069460 0.995806 -0.051480 -0.075627 0.983874 -0.097784 -0.149769 0.999979 0.004760 0.004334 0.999979 0.000483 0.006421 0.999978 -0.003350 0.005784 0.996955 -0.032563 -0.070857 0.988508 -0.057111 -0.139965 0.935354 -0.261923 -0.237715 0.958612 -0.211767 -0.190310 0.967444 -0.135461 -0.213779 0.949371 -0.163173 -0.268457 0.977206 -0.075344 -0.198474 -0.993276 -0.103553 0.051768 -0.996556 -0.002397 -0.082887 -0.992233 0.018769 -0.122970 -0.993967 -0.106371 0.026722 0.932300 -0.186600 -0.309835 0.910992 -0.305915 -0.276604 0.913424 -0.209228 -0.349113 0.881876 -0.351536 -0.314192 0.894500 -0.228177 -0.384454 0.848766 -0.394336 -0.352272 0.877011 -0.240098 -0.416178 0.812029 -0.430224 -0.394355 -0.994741 -0.101419 -0.014272 -0.982482 0.054545 -0.178198 -0.962174 0.110622 -0.248964 -0.993610 -0.084843 -0.074442 -0.986703 -0.054555 -0.153104 -0.923697 0.188624 -0.333473 -0.851069 0.294397 -0.434754 -0.966668 -0.008135 -0.255903 0.860659 -0.244201 -0.446802 0.770729 -0.455912 -0.445109 0.843123 -0.240914 -0.480733 0.718931 -0.470556 -0.511581 0.818597 -0.232684 -0.525125 0.639531 -0.478595 -0.601620 0.776055 -0.229061 -0.587597 0.486353 -0.489829 -0.723553 -0.917872 0.054109 -0.393170 -0.705447 0.423418 -0.568384 -0.452834 0.513641 -0.728775 -0.829773 0.104802 -0.548173 0.249103 -0.481120 0.840518 0.211222 -0.553722 0.805467 0.679923 -0.449813 0.579114 0.683752 -0.529052 0.502581 -0.191547 0.295997 0.935786 -0.532706 0.307067 0.788628 -0.650301 0.144282 0.745850 -0.431508 0.178819 0.884208 0.963774 -0.195598 0.181330 0.966212 -0.237156 0.100951 
						-0.798310 0.119890 0.590192 -0.827772 0.007080 0.561020 -0.882726 -0.122697 0.453586 -0.812758 -0.044490 0.580900 -0.745241 -0.001305 0.666794 0.259887 -0.498945 0.826748 0.313355 -0.474072 0.822839 0.666906 -0.420290 0.615299 0.666128 -0.447232 0.596873 0.486693 -0.397533 0.777881 0.722729 -0.349676 0.596146 0.972158 -0.051005 0.228709 0.952284 -0.146027 0.268013 0.952464 -0.187473 0.240140 -0.193216 0.276501 -0.941390 -0.260924 0.284062 -0.922620 -0.487121 0.388579 -0.782125 -0.514698 0.331848 -0.790546 -0.611392 0.218103 -0.760678 -0.436110 0.197790 -0.877888 -0.865479 0.157815 -0.475438 -0.840258 0.124576 -0.527681 -0.840408 0.052247 -0.539429 -0.878424 -0.075536 -0.471875 -0.786122 0.052780 -0.615814 -0.714540 0.071357 -0.695946 -0.192574 0.398084 -0.896908 -0.096201 -0.316964 -0.943546 -0.102475 -0.279860 -0.954556 0.230558 -0.412175 -0.881450 0.283787 -0.415858 -0.864018 -0.556198 0.486247 -0.673950 -0.095962 -0.296329 -0.950253 0.127613 -0.398011 -0.908461 0.547102 -0.209790 -0.810350 0.671372 -0.169592 -0.721456 -0.918841 0.174314 -0.354042 0.743190 -0.153493 -0.651237 -0.843377 -0.099679 0.527995 -0.765698 -0.091604 0.636644 -0.360693 -0.475245 0.802523 -0.262220 -0.406566 0.875183 -0.220380 -0.370239 0.902417 -0.722750 -0.062948 0.688237 0.120790 -0.452622 0.883483 0.135259 -0.398974 0.906932 0.134767 -0.361736 0.922488 0.117417 -0.319988 0.940117 -0.204363 -0.342439 0.917045 -0.721106 -0.018010 0.692591 -0.894256 -0.107708 0.434401 0.979057 0.052468 0.196711 0.989486 0.085750 0.116470 0.568773 0.405668 0.715494 0.630518 0.493818 0.598825 -0.413546 -0.501570 0.759873 0.968999 -0.017902 0.246415 0.520200 0.346049 0.780796 0.098888 0.345304 0.933266 0.150910 0.345549 0.926187 0.103611 -0.411598 0.905456 0.174575 0.425952 0.887744 -0.986247 -0.133923 -0.096859 -0.989584 -0.125370 -0.070748 
						-0.981463 -0.143926 -0.126550 -0.835682 -0.424230 -0.348805 -0.872757 -0.388313 -0.295819 -0.907686 -0.346919 -0.236121 -0.974608 -0.156427 -0.160218 -0.965200 -0.171306 -0.197595 -0.749644 -0.484185 -0.451219 -0.794720 -0.456613 -0.399906 0.584921 0.559837 -0.586898 0.517241 0.569362 -0.638974 0.775703 0.211037 -0.594768 0.809030 0.204382 -0.551088 0.453574 0.572025 -0.683416 0.743964 0.216398 -0.632209 0.748944 0.486862 -0.449497 0.661348 0.535226 -0.525502 0.845771 0.193003 -0.497415 0.886096 0.173686 -0.429730 -0.992248 -0.115296 -0.046370 -0.995499 -0.077899 0.053982 -0.940778 -0.291186 -0.173632 -0.970931 -0.217316 -0.100331 -0.994501 -0.102599 -0.020991 -0.995991 -0.079399 0.041192 0.927307 0.143985 -0.345500 0.837880 0.408087 -0.362521 0.967427 0.046803 -0.248785 0.983447 0.033851 -0.178006 0.963689 0.104087 -0.245906 0.918672 0.298661 -0.258539 0.989802 0.053972 -0.131826 0.977265 0.160655 -0.138359 0.995236 0.014931 -0.096342 0.999937 -0.010053 -0.005070 0.999941 -0.007004 -0.008306 0.999950 0.002343 -0.009719 -0.996178 -0.087136 0.005992 -0.996503 -0.079817 0.024714 -0.992137 -0.123637 -0.019451 -0.997584 -0.016280 0.067537 -0.996960 -0.069875 0.034475 -0.996785 -0.079839 0.006684 -0.953897 -0.186721 -0.234980 -0.941613 -0.201667 -0.269619 -0.662562 -0.516859 -0.542096 -0.704485 -0.504041 -0.499644 -0.928646 -0.216374 -0.301329 -0.915116 -0.231145 -0.330355 -0.590607 -0.531305 -0.607370 -0.624685 -0.525087 -0.577972 0.330745 0.569247 -0.752705 0.277349 0.561858 -0.779354 0.650890 0.231283 -0.723083 0.680288 0.227736 -0.696667 0.233101 0.550129 -0.801887 0.625669 0.231997 -0.744792 0.390372 0.572515 -0.720997 0.711839 0.222418 -0.666195 -0.900294 -0.246236 -0.358941 -0.883678 -0.261385 -0.388318 -0.521875 -0.538548 -0.661523 -0.557148 -0.536119 -0.634163 -0.865232 -0.275817 -0.418686 -0.844896 -0.289101 -0.450079 
						-0.445628 -0.534322 -0.718273 -0.484699 -0.538040 -0.689623 0.156961 0.519309 -0.840049 0.119305 0.500266 -0.857613 0.558425 0.227019 -0.797887 0.580600 0.229416 -0.781199 0.082845 0.478151 -0.874362 0.536757 0.223615 -0.813565 0.194983 0.535685 -0.821598 0.603041 0.230961 -0.763544 -0.823069 -0.301125 -0.481540 -0.800509 -0.311512 -0.512002 -0.366948 -0.521101 -0.770586 -0.405807 -0.528375 -0.745748 -0.778165 -0.319841 -0.540520 -0.757266 -0.325543 -0.566189 -0.297466 -0.501753 -0.812255 -0.330344 -0.512306 -0.792727 0.026701 0.425514 -0.904558 0.008386 0.398110 -0.917299 0.491276 0.203324 -0.846940 0.502684 0.211503 -0.838197 -0.005822 0.371738 -0.928319 0.482677 0.194279 -0.853978 0.051081 0.452767 -0.890164 0.517710 0.218466 -0.827193 -0.739048 -0.328210 -0.588291 -0.724046 -0.327759 -0.606903 -0.246768 -0.475252 -0.844536 -0.269578 -0.489345 -0.829379 -0.712419 -0.324189 -0.622383 -0.704206 -0.317563 -0.635017 -0.215512 -0.443360 -0.870050 -0.228829 -0.459848 -0.858008 -0.029932 0.323263 -0.945836 -0.040804 0.300685 -0.952850 0.463009 0.162604 -0.871311 0.468953 0.174098 -0.865894 -0.050937 0.279136 -0.958900 0.457347 0.150101 -0.876529 -0.018269 0.346881 -0.937731 0.475447 0.184594 -0.860160 -0.699081 -0.307779 -0.645413 -0.696611 -0.295120 -0.653940 -0.200188 -0.404334 -0.892434 -0.206190 -0.424981 -0.881406 -0.696187 -0.280192 -0.660921 -0.697145 -0.263809 -0.666629 -0.195857 -0.359148 -0.912498 -0.196945 -0.382119 -0.902883 -0.073961 0.237234 -0.968633 -0.087155 0.216142 -0.972464 0.433726 0.108047 -0.894543 0.442842 0.122740 -0.888159 -0.100580 0.195024 -0.975628 0.423832 0.092837 -0.900971 -0.061671 0.258196 -0.964122 0.450822 0.136773 -0.882073 -0.699007 -0.246648 -0.671234 -0.702039 -0.229343 -0.674198 -0.197845 -0.312103 -0.929220 -0.196266 -0.335700 -0.921295 -0.706650 -0.212405 -0.674930 -0.713217 -0.196223 -0.672918 
						-0.203027 -0.267146 -0.942026 -0.200243 -0.289090 -0.936125 -0.128383 0.151921 -0.980019 -0.142391 0.129891 -0.981251 0.393271 0.045188 -0.918311 0.402591 0.061346 -0.913322 -0.155700 0.107837 -0.981900 0.386812 0.028900 -0.921706 -0.114258 0.173690 -0.978150 0.413245 0.077249 -0.907337 -0.722719 -0.180730 -0.667094 -0.737291 -0.165943 -0.654878 -0.212150 -0.224553 -0.951088 -0.206418 -0.245736 -0.947104 -0.758725 -0.152198 -0.633382 -0.787355 -0.140178 -0.600352 -0.239922 -0.184036 -0.953188 -0.222584 -0.203779 -0.953378 -0.183507 0.064369 -0.980909 -0.202055 0.043270 -0.978418 0.391703 -0.018038 -0.919915 0.386004 -0.002971 -0.922492 -0.226472 0.022474 -0.973758 0.401137 -0.032337 -0.915447 -0.168788 0.085937 -0.981899 0.384304 0.012743 -0.923118 -0.820218 -0.130794 -0.556897 -0.851256 -0.124471 -0.509774 -0.290838 -0.155645 -0.944028 -0.264019 -0.167716 -0.949824 -0.876178 -0.120102 -0.466784 -0.893575 -0.116392 -0.433563 -0.329811 -0.140715 -0.933501 -0.314566 -0.147369 -0.937726 -0.286674 -0.017531 -0.957868 -0.312973 -0.039539 -0.948939 0.448886 -0.072944 -0.890607 0.430341 -0.058856 -0.900746 -0.329659 -0.061025 -0.942126 0.469300 -0.086079 -0.878833 -0.256044 0.002264 -0.966663 0.414181 -0.045846 -0.909039 -0.903632 -0.112721 -0.413212 -0.907899 -0.108089 -0.405014 -0.322940 -0.127836 -0.937746 -0.332791 -0.134708 -0.933330 -0.907775 -0.101109 -0.407088 -0.903944 -0.089803 -0.418115 -0.271655 -0.100571 -0.957125 -0.301930 -0.118180 -0.945977 -0.323318 -0.103767 -0.940584 -0.301760 -0.126401 -0.944967 0.539533 -0.126651 -0.832384 0.514786 -0.111832 -0.849994 -0.270438 -0.153743 -0.950382 0.564808 -0.146871 -0.812047 -0.333221 -0.082291 -0.939251 0.491289 -0.098816 -0.865373 -0.888327 -0.071033 -0.453684 -0.857721 -0.032821 -0.513067 -0.142025 0.167073 -0.975662 -0.210263 -0.026965 -0.977273 -0.822957 0.037099 -0.566890 -0.205281 0.419166 -0.884398 
						-0.022837 -0.366480 -0.930146 0.234916 -0.459574 -0.856508 0.714972 -0.219119 -0.663929 0.650196 -0.205961 -0.731317 -0.195570 -0.231393 -0.953000 0.596631 -0.176703 -0.782820 -0.997214 -0.074402 -0.005338 -0.997279 -0.073589 -0.004319 -0.994082 -0.093847 0.054718 -0.992761 -0.104430 0.059328 -0.997336 -0.072915 -0.001937 -0.994664 -0.087499 0.054650 -0.990269 -0.095541 0.101185 -0.988302 -0.109411 0.106248 -0.985145 -0.132214 0.109581 -0.993475 -0.087553 0.073088 -0.997388 -0.072206 0.001668 -0.987273 -0.103329 0.120892 -0.976631 -0.163600 0.139382 -0.982247 -0.129285 0.135929 -0.996557 -0.082797 -0.004382 -0.996804 -0.079730 -0.005050 -0.987200 -0.144278 0.067970 -0.985080 -0.157344 0.069723 -0.996989 -0.077349 -0.005491 -0.989209 -0.131142 0.065328 -0.976264 -0.182076 0.117287 -0.971464 -0.203192 0.122356 -0.967152 -0.220904 0.125772 -0.997123 -0.075592 -0.005640 -0.991097 -0.117556 0.062513 -0.980957 -0.158118 0.112793 -0.969775 -0.197694 0.143014 -0.962172 -0.228452 0.148442 -0.954625 -0.253358 0.156529 -0.948928 -0.270023 0.163164 -0.996763 -0.080123 -0.006599 -0.996295 -0.079028 0.033933 -0.996803 -0.078990 -0.012030 -0.996090 -0.079504 0.038512 -0.993088 -0.079238 0.086584 -0.994397 -0.077548 0.071845 -0.996844 -0.078084 -0.014326 -0.995926 -0.080108 0.041399 -0.996864 -0.077789 -0.014530 -0.995837 -0.080330 0.043069 -0.991140 -0.082587 0.104022 -0.992027 -0.081177 0.096404 -0.987118 -0.079202 0.139013 -0.989143 -0.076759 0.125313 -0.985612 -0.080925 0.148392 -0.991889 -0.074559 0.102942 -0.996847 -0.078297 -0.012840 -0.995825 -0.080520 0.042994 -0.996809 -0.079304 -0.009131 -0.995458 -0.079668 0.052118 -0.990572 -0.082765 0.109167 -0.990610 -0.082880 0.108735 -0.993277 -0.078640 0.084954 -0.996739 -0.080613 -0.003618 -0.986578 -0.080625 0.142001 -0.984913 -0.080434 0.153218 0.999977 -0.005101 0.004582 0.997522 -0.025592 -0.065536 
						0.999976 -0.005789 0.003777 0.997659 -0.024114 -0.064000 0.991711 -0.037127 -0.123005 0.990939 -0.041265 -0.127815 0.999976 -0.006165 0.003262 0.997602 -0.023827 -0.064984 0.991753 -0.035871 -0.123039 0.984757 -0.042556 -0.168649 0.984332 -0.044761 -0.170547 0.982455 -0.051484 -0.179253 0.999840 -0.017901 -0.000358 0.997289 0.000321 -0.073587 0.999823 -0.018792 -0.000404 0.997167 0.000503 -0.075216 0.990979 0.025001 -0.131664 0.991295 0.022591 -0.129709 0.999805 -0.019722 -0.000459 0.997025 0.000013 -0.077075 0.999788 -0.020557 -0.000520 0.996867 0.001946 -0.079070 0.990144 0.033703 -0.135939 0.990575 0.029661 -0.133718 0.985016 0.069653 -0.157771 0.985681 0.061757 -0.156904 0.984188 0.078423 -0.158820 0.986100 0.056914 -0.156101 0.999772 -0.021352 -0.000799 0.996681 0.008613 -0.080946 0.999759 -0.021902 -0.001624 0.996449 0.013073 -0.083174 0.988392 0.059136 -0.139941 0.989414 0.045308 -0.137866 0.999752 -0.022005 -0.003373 0.995986 0.025710 -0.085731 0.986236 0.085913 -0.141270 0.975102 0.159276 -0.154297 0.979665 0.123033 -0.158493 0.982586 0.095589 -0.159336 -0.998253 -0.059078 0.000328 -0.998172 -0.060434 -0.000232 -0.997340 -0.045329 0.057073 -0.998020 -0.040180 0.048390 -0.998060 -0.062213 -0.002331 -0.995989 -0.052518 0.072446 -0.993202 -0.048514 0.105808 -0.996781 -0.039602 0.069707 -0.998423 -0.025851 0.049838 -0.997937 -0.063840 -0.006804 -0.993476 -0.065160 0.093595 -0.994507 -0.059930 0.085813 -0.997976 -0.063363 -0.005352 -0.986528 -0.061322 0.151667 -0.988978 -0.054538 0.137651 -0.984974 -0.055949 0.163392 -0.983156 -0.058237 0.173243 -0.989262 -0.054566 0.135583 -0.994315 -0.064489 0.084734 -0.996541 -0.053562 0.063539 -0.999817 -0.017526 -0.007659 -0.998755 -0.038007 0.032304 -0.997909 -0.064367 -0.005954 -0.992829 -0.066660 0.099227 -0.997896 -0.064688 -0.004365 -0.992965 -0.067098 0.097561 
						-0.986049 -0.068247 0.151818 -0.985747 -0.066071 0.154715 -0.997874 -0.065170 -0.000712 -0.989621 -0.064250 0.128536 -0.991364 -0.065764 0.113454 -0.997893 -0.064857 -0.001981 -0.983599 -0.061509 0.169557 -0.984430 -0.065275 0.163207 -0.983031 -0.061733 0.172741 -0.982246 -0.059465 0.177926 -0.998018 -0.062932 -0.000293 -0.997406 -0.059750 0.040129 -0.998184 -0.060243 0.000037 -0.998039 -0.046330 0.042082 -0.999354 -0.023907 0.026833 -0.998766 -0.045402 0.020116 -0.998265 -0.058877 0.000220 -0.998212 -0.039529 0.044830 -0.999152 -0.018025 0.037006 -0.999178 -0.001507 -0.040514 -0.997732 0.003875 -0.067206 -0.996389 -0.013960 -0.083754 0.999874 -0.003218 0.015514 0.999878 -0.003854 0.015127 0.997700 0.054936 0.039699 0.996685 0.062694 0.051850 0.999884 -0.005587 0.014201 0.998734 0.042223 0.027332 0.995210 0.086664 0.045229 0.989755 0.122425 0.073464 0.986237 0.136173 0.093776 0.999892 -0.008449 0.012035 0.999615 0.023472 0.014806 0.999902 -0.011722 0.007716 0.999990 -0.000843 -0.004308 0.995198 -0.029074 -0.093468 0.999735 0.021999 -0.006765 0.999654 0.012573 -0.023096 0.990711 0.116258 0.070538 0.988837 -0.048759 -0.140801 0.976661 0.182190 0.113753 0.969032 0.205134 0.137465 -0.996406 -0.051353 -0.067367 -0.994750 -0.047323 0.090733 -0.996461 -0.015873 -0.082539 -0.992182 -0.076151 0.098868 -0.961626 -0.132281 0.240368 -0.974840 -0.064646 0.213324 -0.996517 0.008597 -0.082945 -0.993538 -0.089148 0.070252 0.999873 -0.001643 0.015850 0.994793 0.076494 0.067343 0.979434 0.161243 0.121284 -0.962575 -0.178040 0.204329 -0.918783 -0.241469 0.312300 -0.926997 -0.173048 0.332763 0.955292 0.241636 0.170380 -0.953249 -0.087974 0.289096 -0.995544 -0.094232 -0.003657 -0.975896 -0.207358 0.068035 -0.995953 -0.089799 -0.003592 -0.979986 -0.186682 0.069124 -0.958745 -0.255360 0.124896 -0.952031 -0.280187 0.123016 
						-0.996272 -0.086179 -0.003826 -0.982672 -0.171712 0.069785 -0.963214 -0.237332 0.126067 -0.945192 -0.281939 0.164691 -0.939772 -0.300189 0.163450 -0.932168 -0.323938 0.161636 0.999906 -0.013460 0.002659 0.999460 -0.016868 -0.028210 0.999909 -0.013487 -0.000721 0.997070 -0.020975 -0.073564 0.986026 -0.024080 -0.164840 0.988757 -0.037458 -0.144767 0.999914 -0.012791 -0.002801 0.992137 -0.014261 -0.124344 0.992278 -0.016823 -0.122890 0.999911 -0.013123 -0.002292 0.982012 -0.030914 -0.186271 0.980757 -0.027613 -0.193270 0.979090 -0.049039 -0.197428 0.979987 -0.049496 -0.192811 0.999918 -0.012520 -0.002555 0.993010 -0.019163 -0.116460 0.999925 -0.012107 -0.002038 0.994615 -0.019301 -0.101828 0.986635 -0.029056 -0.160336 0.984755 -0.032380 -0.170907 0.999933 -0.011440 -0.001886 0.996834 -0.009325 -0.078961 0.996078 -0.013695 -0.087416 0.999930 -0.011699 -0.001827 0.990646 -0.010649 -0.136040 0.989238 -0.019658 -0.144988 0.983938 -0.019656 -0.177426 0.984665 -0.010857 -0.174115 0.983661 -0.029569 -0.177588 0.985454 -0.035920 -0.166106 0.984731 -0.036709 -0.170167 0.982321 -0.043012 -0.182195 0.999935 -0.011244 -0.002109 0.997182 -0.005411 -0.074830 0.999935 -0.011076 -0.002530 0.997272 -0.001663 -0.073797 0.991227 0.004377 -0.132094 0.991319 -0.002523 -0.131456 0.999936 -0.010829 -0.003327 0.996901 0.003193 -0.078607 0.989612 0.013127 -0.143165 0.980317 0.018411 -0.196571 0.984119 0.006857 -0.177380 0.985019 -0.002060 -0.172434 -0.997879 -0.065023 0.003081 -0.991648 -0.061748 0.113228 -0.997856 -0.064997 0.007667 -0.994473 -0.060363 0.085900 -0.987580 -0.056755 0.146508 -0.984475 -0.058324 0.165549 -0.994546 -0.059941 0.085353 -0.997834 -0.065137 0.009146 -0.987580 -0.057716 0.146135 -0.982823 -0.058310 0.175098 0.999946 -0.010361 0.000835 0.996720 -0.016272 -0.079270 0.999946 -0.010356 0.000366 0.997259 -0.014431 -0.072566 
						0.991277 -0.015368 -0.130898 0.989876 -0.018731 -0.140696 0.996713 -0.013002 -0.079969 0.999947 -0.010308 -0.000078 0.989799 -0.015785 -0.141597 0.986243 -0.019661 -0.164126 -0.956789 0.099508 -0.273226 -0.957958 0.094904 -0.270756 -0.960357 0.076663 -0.268023 -0.959564 0.080719 -0.269670 -0.959700 0.088794 -0.266628 -0.961318 0.072014 -0.265859 -0.964565 0.050205 -0.259025 -0.964193 0.053715 -0.259703 -0.963655 0.056795 -0.261043 -0.962018 0.081447 -0.260553 -0.962406 0.067397 -0.263119 -0.965263 0.071937 -0.251181 -0.963525 0.061034 -0.260567 -0.964954 0.042075 -0.259024 -0.964748 0.046672 -0.259004 -0.968706 0.021952 -0.247238 -0.969012 0.024220 -0.245822 -0.968325 0.019197 -0.248955 -0.972867 -0.004709 -0.231317 -0.973437 -0.004237 -0.228916 -0.973916 -0.004385 -0.226865 -0.968955 0.027002 -0.245760 -0.968508 0.029635 -0.247213 -0.973985 -0.002679 -0.226596 -0.973598 0.000404 -0.228268 -0.955507 0.085546 -0.282293 -0.952088 0.102740 -0.288051 -0.960563 0.061348 -0.271209 -0.946219 0.060670 -0.317788 -0.935067 0.082905 -0.344640 -0.926778 0.098615 -0.362433 -0.966536 0.034760 -0.254165 -0.972848 0.007261 -0.231331 -0.971020 0.016457 -0.238429 -0.958829 0.038300 -0.281390 -0.933149 0.019500 -0.358961 -0.894089 0.016563 -0.447584 -0.964541 0.024848 -0.262762 -0.944885 0.007705 -0.327312 -0.868500 -0.058761 -0.492193 -0.771785 -0.119562 -0.624543 -0.855413 0.024230 -0.517379 -0.823241 0.035464 -0.566583 -0.667310 -0.149957 -0.729527 -0.568630 -0.157039 -0.807464 -0.949017 0.122218 -0.290569 -0.954792 0.117419 -0.273101 -0.918574 0.120243 -0.376514 -0.909010 0.146724 -0.390094 -0.945706 0.143081 -0.291834 -0.953109 0.134266 -0.271213 -0.792367 0.063850 -0.606694 -0.475590 -0.113672 -0.872292 -0.394267 -0.039780 -0.918135 -0.758157 0.104758 -0.643602 -0.692628 0.146871 -0.706183 -0.894602 0.173515 -0.411802 -0.274538 0.043660 -0.960585 
						-0.084608 0.125265 -0.988509 -0.544740 0.173732 -0.820412 -0.874149 0.179351 -0.451327 -0.942396 0.161107 -0.293144 -0.952126 0.146565 -0.268282 -0.941897 0.159194 -0.295784 -0.953459 0.142381 -0.265790 -0.956691 0.109751 -0.269626 -0.955979 0.122176 -0.266789 -0.959555 0.109586 -0.259318 -0.959326 0.101185 -0.263544 -0.956398 0.126384 -0.263307 -0.958503 0.115272 -0.260739 -0.962704 0.095087 -0.253298 -0.960702 0.108645 -0.255438 -0.964860 0.092154 -0.246075 -0.963556 0.095818 -0.249759 -0.966345 0.080157 -0.244444 -0.969727 0.068048 -0.234519 -0.968762 0.076575 -0.235873 -0.967602 0.081539 -0.238950 -0.962620 0.091019 -0.255105 -0.966407 0.081011 -0.243915 0.964246 -0.028991 0.263418 0.964486 -0.009610 0.263960 0.963265 0.026742 0.267219 0.963214 0.026957 0.267381 0.964794 -0.008018 0.262886 0.963959 0.011105 0.265817 0.962935 0.020658 0.268941 0.961882 0.040408 0.270463 0.961025 0.053595 0.271215 0.965196 -0.009837 0.261342 0.964520 -0.000648 0.264011 0.965640 -0.010536 0.259669 0.965000 -0.007729 0.262136 0.964262 -0.005997 0.264881 0.963696 0.004604 0.266963 0.962981 -0.000997 0.269566 0.962386 0.013450 0.271354 0.963485 -0.010873 0.267540 0.962538 -0.029957 0.269487 0.962289 -0.020457 0.271261 0.962061 -0.010271 0.272640 0.961637 0.029923 0.272689 0.960884 0.043538 0.273507 0.961845 0.000755 0.273594 0.961537 0.014336 0.274302 0.979569 0.004442 0.201062 0.982476 -0.053922 0.178418 0.967962 0.066996 0.241996 1.000000 0.000938 -0.000139 0.582476 -0.382936 -0.716995 0.670730 -0.186077 -0.717981 0.962132 0.072228 0.262842 0.961645 0.036305 0.271883 0.962776 0.060260 0.263499 0.971140 0.116425 0.208163 0.979862 0.193511 0.049230 0.664281 -0.152031 -0.731859 0.962783 0.093582 0.253556 0.963560 0.138295 0.228969 0.971787 0.140117 -0.189732 0.513821 -0.340820 -0.787292 
						-0.093554 -0.438087 -0.894051 -0.013749 -0.208737 -0.977875 -0.012676 -0.379489 -0.925109 0.009892 -0.181558 -0.983330 0.976644 -0.100872 0.189716 0.961555 -0.085130 0.261086 0.941284 -0.107585 -0.320016 0.990164 -0.074423 -0.118476 0.973721 -0.099815 0.204705 0.960350 -0.095912 0.261779 0.434170 -0.025747 -0.900463 0.249960 0.038639 -0.967485 0.477100 0.184644 -0.859233 0.736421 0.060977 -0.673769 0.858820 0.101291 -0.502163 0.998317 -0.049416 -0.030357 0.622018 0.265973 -0.736446 0.714338 0.321626 -0.621513 0.908820 0.131233 -0.396009 0.999378 -0.031375 0.016073 0.972863 -0.082403 0.216210 0.960702 -0.084086 0.264541 0.971878 -0.067644 0.225562 0.960787 -0.070036 0.268296 0.963063 -0.064294 0.261486 0.961869 -0.079927 0.261570 0.963472 -0.062407 0.260437 0.964408 -0.043828 0.260761 0.961582 -0.075644 0.263889 0.961279 -0.066110 0.267529 0.962322 -0.059944 0.265223 0.962846 -0.065022 0.262108 0.964251 -0.051259 0.259987 0.964868 -0.044722 0.258902 0.963623 -0.050512 0.262447 0.964934 -0.038279 0.259685 0.965527 -0.036072 0.257793 0.965931 -0.029147 0.257152 0.965317 -0.029140 0.259448 0.965993 -0.018963 0.257871 0.966982 -0.010758 0.254619 0.966502 -0.008469 0.256520 0.967151 -0.015956 0.253703 0.968800 -0.004487 0.247803 0.968509 -0.003184 0.248957 0.967946 -0.004430 0.251117 0.966963 -0.021003 0.254048 0.966492 -0.023691 0.255601 0.968391 -0.008686 0.249284 0.968755 -0.006907 0.247925 0.970822 0.006192 0.239721 0.970793 0.006136 0.239840 0.970541 0.006041 0.240859 0.972956 0.020215 0.230103 0.973155 0.018679 0.229391 0.973086 0.016601 0.229845 0.970455 0.004700 0.241238 0.969856 0.001215 0.243676 0.972751 0.013238 0.231474 0.972182 0.008123 0.234086 0.965819 -0.009645 0.259036 0.967205 -0.007357 0.253891 0.966382 -0.011116 0.256871 0.965051 -0.010753 0.261841 
						0.969084 -0.002928 0.246712 0.971434 0.002743 0.237295 0.970625 -0.003311 0.240573 0.968260 -0.007989 0.249816 0.967474 -0.013378 0.252618 0.965602 -0.015662 0.259552 0.969830 -0.009645 0.243590 0.969095 -0.015279 0.246215 0.966795 -0.018493 0.254885 0.964965 -0.021546 0.261493 0.964250 -0.015682 0.264530 0.963607 -0.024012 0.266243 0.963921 0.015808 0.265718 0.965983 0.012640 0.258296 0.966113 0.015415 0.257660 0.963640 0.017601 0.266623 0.968810 0.010235 0.247591 0.969248 0.013362 0.245723 0.969979 0.016229 0.242648 0.966523 0.017945 0.255951 0.963624 0.019918 0.266519 0.972329 0.008467 0.233463 0.972897 0.011882 0.230935 0.976528 0.006899 0.215278 0.977063 0.011674 0.212632 0.977759 0.014924 0.209198 0.973695 0.015014 0.227360 0.974559 0.017788 0.223422 0.970901 0.018652 0.238756 0.978462 0.017952 0.205645 0.978944 0.019829 0.203165 0.975134 0.020334 0.220681 0.971513 0.020900 0.236061 0.967350 0.019944 0.252660 0.964100 0.021699 0.264652 0.968029 0.021879 0.249883 0.964969 0.022924 0.261360 0.961980 0.021781 0.272251 0.962816 0.019478 0.269456 0.961376 0.023527 0.274233 0.960239 0.026763 0.277895 0.961588 0.025596 0.273301 0.962986 0.024099 0.268471 0.961520 0.024794 0.273614 0.963323 0.025212 0.267157 0.961692 0.027674 0.272731 0.959880 0.027618 0.279048 0.959842 0.030341 0.278895 0.960809 0.030133 0.275569 0.961115 0.030013 0.274514 0.961872 0.031763 0.271651 0.961446 0.032745 0.273036 0.962961 0.033663 0.267532 0.962722 0.029916 0.268833 0.964491 0.029640 0.262449 0.965185 0.035029 0.259212 0.967056 0.036597 0.251919 0.963432 0.017025 0.267412 0.964162 0.013637 0.264963 0.963948 0.022499 0.265136 0.964474 0.020749 0.263362 0.963765 0.014270 0.266372 0.964267 0.010318 0.264732 0.965652 0.029327 0.258180 
						0.968208 0.038164 0.247218 0.968849 0.039585 0.244468 0.966287 0.028948 0.255836 0.966598 0.028098 0.254754 0.964743 0.018611 0.262536 0.969168 0.040270 0.243089 0.969402 0.040044 0.242189 0.966809 0.026628 0.254109 0.964929 0.015961 0.262026 0.963935 0.011113 0.265905 0.964283 0.006574 0.264794 0.964050 0.007491 0.265617 0.964261 0.001468 0.264949 0.965942 0.009109 0.258599 0.965847 0.005162 0.259060 0.968306 0.002158 0.249756 0.968546 0.006404 0.248751 0.965715 0.000763 0.259604 0.965555 -0.004349 0.260162 0.967858 -0.007841 0.251374 0.968080 -0.002535 0.250629 0.971324 -0.004539 0.237715 0.971610 0.000131 0.236588 0.971069 -0.009530 0.238609 0.975107 -0.009673 0.221523 0.975406 -0.006702 0.220316 0.975743 -0.002210 0.218910 0.971940 0.004496 0.235187 0.976116 0.001837 0.217242 0.985619 0.004734 0.168914 0.985713 0.006988 0.168288 0.983995 -0.004336 0.178145 0.984033 -0.006261 0.177878 0.985505 0.008861 0.169415 0.983757 -0.002040 0.179493 0.981139 -0.013667 0.192820 0.981311 -0.016304 0.191736 0.981445 -0.018487 0.190852 0.985181 0.008420 0.171310 0.983489 -0.000301 0.180966 0.985019 0.006738 0.172314 0.983085 0.000186 0.183147 0.980802 -0.008775 0.194811 0.980995 -0.011099 0.193716 0.977575 -0.023474 0.209277 0.977423 -0.026681 0.209599 0.977796 -0.019888 0.208612 0.973658 -0.027625 0.226333 0.973136 -0.030967 0.228138 0.972688 -0.034475 0.229542 0.977388 -0.029497 0.209384 0.977426 -0.031787 0.208871 0.972370 -0.037092 0.230480 0.972171 -0.039224 0.230964 0.977650 -0.009011 0.210046 0.979093 0.002730 0.203394 0.975366 -0.021617 0.219529 0.918880 -0.083410 0.385620 0.922494 -0.052964 0.382360 0.927235 -0.027990 0.373433 0.972469 -0.035237 0.230351 0.969964 -0.041648 0.239657 0.947489 -0.077709 0.310202 0.926558 -0.099875 0.362650 
						0.804229 -0.280733 0.523837 0.737751 -0.297980 0.605749 0.886307 -0.188656 0.422929 0.867800 -0.239747 0.435253 0.758763 -0.358773 0.543655 0.639486 -0.420273 0.643761 0.705884 -0.258195 0.659593 0.697315 -0.198317 0.688783 0.530392 -0.424721 0.733687 0.437141 -0.388338 0.811234 0.979585 0.018684 0.200158 0.986472 0.019754 0.162737 0.927342 -0.005511 0.374175 0.921064 0.024284 0.388653 0.979013 0.040794 0.199675 0.986653 0.037995 0.158343 0.687069 -0.142551 0.712471 0.355679 -0.317329 0.879087 0.279678 -0.227070 0.932856 0.656307 -0.083487 0.749861 0.580988 -0.019573 0.813677 0.903913 0.057382 0.423850 0.179176 -0.109651 0.977687 0.047098 0.039058 0.998126 0.421081 0.072325 0.904135 0.863129 0.097336 0.495515 0.977293 0.063154 0.202262 0.986474 0.053797 0.154837 0.974663 0.075656 0.210496 0.986822 0.054455 0.152373 0.986658 0.021088 0.161432 0.987000 0.034420 0.156994 0.987328 0.027348 0.156317 0.986632 0.019546 0.161788 0.987099 0.042282 0.154427 0.987511 0.036542 0.153251 0.988148 0.020044 0.152191 0.987753 0.029029 0.153299 0.988389 0.016072 0.151090 0.987758 0.018546 0.154885 0.988733 0.004884 0.149612 0.989401 -0.007129 0.145035 0.989123 0.004862 0.147013 0.988355 0.010304 0.151816 0.986584 0.015057 0.162557 0.986838 0.010343 0.161382 -0.972794 -0.013681 -0.231269 -0.967734 0.004876 -0.251926 -0.969766 0.003849 -0.244006 -0.974718 -0.013479 -0.223032 -0.965029 0.022348 -0.261188 -0.967131 0.020602 -0.253444 -0.971448 0.021473 -0.236279 -0.973624 0.005184 -0.228099 -0.977971 -0.011929 -0.208398 -0.964677 0.036579 -0.260884 -0.966880 0.034391 -0.252903 -0.966751 0.045285 -0.251678 -0.969079 0.043388 -0.242905 -0.974030 0.044208 -0.222061 -0.971557 0.034976 -0.234208 -0.978808 0.036997 -0.201413 -0.977876 0.023918 -0.207812 -0.981929 0.045941 -0.183590 
						-0.993488 0.038913 -0.107087 -0.989757 0.033656 -0.138739 -0.987502 0.022995 -0.155918 -0.979084 0.008029 -0.203299 -0.982304 -0.008978 -0.187077 -0.987007 0.008726 -0.160440 -0.988297 -0.007346 -0.152368 -0.981891 -0.030234 -0.187020 -0.980226 -0.030388 -0.195532 -0.984287 -0.028449 -0.174268 -0.991334 -0.041943 -0.124488 -0.989977 -0.043224 -0.134454 -0.988863 -0.042835 -0.142531 -0.987257 -0.025697 -0.157046 -0.991093 -0.023946 -0.131002 -0.994575 -0.038492 -0.096640 -0.992845 -0.039916 -0.112539 -0.997174 -0.051570 -0.054624 -0.996846 -0.051736 -0.060183 -0.997414 -0.051287 -0.050345 -0.996439 -0.052212 -0.066208 -0.995934 -0.053738 -0.072308 -0.979284 -0.028679 -0.200452 -0.972030 -0.012010 -0.234549 -0.988010 -0.042609 -0.148395 -0.987430 -0.042540 -0.152224 -0.978886 -0.026754 -0.202647 -0.971962 -0.009398 -0.234950 -0.995444 -0.054494 -0.078247 -0.995060 -0.054979 -0.082661 -0.994775 -0.055478 -0.085704 -0.987013 -0.043061 -0.154764 -0.994566 -0.056531 -0.087420 -0.986671 -0.044819 -0.156433 -0.978817 -0.025936 -0.203088 -0.972351 -0.006663 -0.233430 -0.978891 -0.026522 -0.202654 -0.967188 0.007639 -0.253945 -0.967314 0.011339 -0.253329 -0.964613 0.030626 -0.261885 -0.964559 0.025822 -0.262600 -0.967841 0.015348 -0.251093 -0.964912 0.036246 -0.260061 -0.964077 0.052779 -0.260327 -0.964070 0.045809 -0.261668 -0.965809 0.060563 -0.252080 -0.965906 0.053719 -0.253257 -0.964162 0.040371 -0.262226 -0.966111 0.048646 -0.253501 0.943366 -0.220931 0.247489 0.947611 -0.190967 0.256055 0.944910 -0.205342 0.254911 0.941262 -0.230724 0.246561 0.952241 -0.155784 0.262618 0.950118 -0.169643 0.261719 0.947734 -0.183817 0.260791 0.941934 -0.220099 0.253608 0.937893 -0.245617 0.245007 0.956263 -0.120066 0.266732 0.954912 -0.131640 0.266110 0.959449 -0.086885 0.268156 0.958794 -0.094994 0.267751 0.958240 -0.101162 0.267474 0.953443 -0.142889 0.265572 
						0.951995 -0.152937 0.265172 0.945462 -0.196427 0.259843 0.957839 -0.104968 0.267444 0.957725 -0.104878 0.267887 0.950708 -0.161035 0.264995 0.943631 -0.206382 0.258781 0.939286 -0.232740 0.252138 0.934831 -0.258685 0.243256 0.937467 -0.241822 0.250357 0.932420 -0.269010 0.241303 0.936137 -0.261148 0.235477 0.940240 -0.244334 0.237169 0.932352 -0.275856 0.233718 0.929962 -0.293641 0.221239 0.934155 -0.278447 0.223206 0.938591 -0.261459 0.225136 0.928818 -0.289016 0.231876 0.925793 -0.299889 0.230160 0.921549 -0.321491 0.217693 0.925725 -0.308121 0.219304 0.925655 -0.317766 0.205395 0.930524 -0.301871 0.207362 0.920416 -0.333566 0.203881 0.921756 -0.339210 0.187888 0.927841 -0.321240 0.189515 0.933301 -0.303700 0.191612 0.935041 -0.286034 0.209482 0.939631 -0.268895 0.211633 0.938161 -0.286797 0.193911 0.943291 -0.267623 0.196415 0.943449 -0.230245 0.238519 0.945520 -0.210373 0.248466 0.942027 -0.247379 0.226691 0.945470 -0.232262 0.228346 0.946772 -0.214521 0.240008 0.948604 -0.194168 0.249900 0.943101 -0.254974 0.213422 0.947415 -0.250859 0.198683 0.950480 -0.237260 0.200739 0.946477 -0.240485 0.215287 0.949500 -0.226545 0.217088 0.948598 -0.217479 0.229923 0.953049 -0.224974 0.202691 0.955212 -0.213890 0.204503 0.952174 -0.213317 0.218770 0.951401 -0.203252 0.231352 0.949742 -0.199316 0.241378 0.951307 -0.178663 0.251186 0.952339 -0.185006 0.242533 0.953650 -0.164120 0.252222 0.950632 -0.173249 0.257456 0.953048 -0.157295 0.258761 0.956387 -0.123010 0.264937 0.954556 -0.138696 0.263790 0.955112 -0.142083 0.259949 0.956817 -0.128255 0.260869 0.959145 -0.093671 0.266957 0.957936 -0.107590 0.266052 0.960123 -0.074914 0.269354 0.959054 -0.090281 0.268448 0.960984 -0.058912 0.270258 0.961743 -0.049988 0.269354 0.960994 -0.064130 0.269031 0.957836 -0.104553 0.267616 
						0.960251 -0.075826 0.268642 0.954616 -0.171641 0.243407 0.955619 -0.151103 0.252905 0.953902 -0.189699 0.232562 0.956172 -0.176407 0.233701 0.956654 -0.158673 0.244204 0.957290 -0.139113 0.253462 0.954538 -0.200818 0.220295 0.957049 -0.203883 0.206129 0.958672 -0.194700 0.207459 0.956671 -0.188704 0.221748 0.958692 -0.176618 0.222970 0.958226 -0.163127 0.234931 0.960136 -0.186070 0.208605 0.961845 -0.177863 0.207890 0.960607 -0.163359 0.224828 0.960092 -0.149042 0.236664 0.958474 -0.145703 0.245148 0.958711 -0.127627 0.254135 0.960009 -0.132726 0.246510 0.959885 -0.116254 0.255160 0.958157 -0.116678 0.261382 0.959275 -0.106258 0.261725 0.960629 -0.074010 0.267795 0.960019 -0.082529 0.267493 0.960173 -0.096777 0.262112 0.960879 -0.087469 0.262793 0.961485 -0.058543 0.268551 0.961097 -0.066524 0.268080 0.961690 -0.033323 0.272108 0.961523 -0.041360 0.271593 0.961816 -0.024612 0.272588 0.961361 -0.048572 0.270973 0.991211 -0.016169 0.131300 0.990878 -0.001510 0.134754 0.994536 -0.017929 0.102840 0.994262 -0.006241 0.106793 0.993394 -0.003077 0.114714 0.989896 0.002802 0.141765 0.998094 -0.014056 0.060095 0.998057 -0.008833 0.061682 0.997848 -0.007048 0.065189 0.997402 -0.007378 0.071660 0.991971 -0.003230 0.126422 0.996816 -0.008057 0.079327 0.990465 -0.004859 0.137676 0.988241 0.003161 0.152870 0.986697 0.001049 0.162567 0.988603 -0.020671 0.149117 0.989216 -0.023905 0.144501 0.988340 -0.007424 0.152081 0.986936 -0.047364 0.153996 0.987287 -0.051048 0.150527 0.988214 -0.046875 0.145726 0.988097 0.011310 0.153416 0.988158 0.021354 0.151947 0.986238 -0.061629 0.153419 0.986986 -0.040020 0.155749 0.978486 -0.131318 0.159126 0.982441 -0.099551 0.157796 0.967473 -0.199415 0.155656 0.950605 -0.265095 0.161479 0.965871 -0.201438 0.162839 0.975391 -0.149623 0.161941 
						0.984542 -0.083326 0.154061 0.985878 -0.077204 0.148609 0.980543 -0.115469 0.158755 0.983115 -0.099887 0.153324 0.990973 -0.031483 0.130308 0.989913 -0.047361 0.133524 0.992921 -0.044113 0.110283 0.994220 -0.031251 0.102714 0.982666 -0.103313 0.153931 0.986932 -0.075956 0.142112 0.981841 -0.107074 0.156602 0.987311 -0.073077 0.140984 0.980117 -0.113996 0.162407 0.985762 -0.080971 0.147369 0.986573 -0.077292 0.143875 0.980873 -0.111142 0.159796 0.991782 -0.054043 0.115965 0.992268 -0.051079 0.113116 0.997433 -0.030372 0.064846 0.997353 -0.031847 0.065367 0.997603 -0.026770 0.063810 0.997891 -0.020673 0.061538 0.979012 0.021692 0.202647 0.975086 0.022849 0.220647 0.978755 0.024662 0.203542 0.974503 0.025317 0.222942 0.970097 0.025588 0.241365 0.971164 0.023228 0.237278 0.978382 0.027457 0.204977 0.973762 0.027607 0.225886 0.978181 0.029608 0.205635 0.973285 0.029157 0.227740 0.968588 0.029191 0.246954 0.969065 0.027727 0.245244 0.964585 0.028608 0.262217 0.965563 0.026538 0.258813 0.964527 0.030166 0.262255 0.967134 0.024186 0.253115 0.983872 0.014343 0.178296 0.984225 0.017469 0.176056 0.983369 0.011273 0.181271 0.990480 0.007122 0.137472 0.990756 0.009732 0.135309 0.990955 0.012466 0.133615 0.982845 0.008181 0.184250 0.982407 0.005228 0.186679 0.989925 0.001961 0.141577 0.990185 0.004462 0.139690 0.996931 -0.001217 0.078273 0.997016 0.000605 0.077193 0.996851 -0.002741 0.079255 0.997092 0.002473 0.076170 0.997148 0.004412 0.075344 0.984330 0.020511 0.175138 0.991041 0.015287 0.132682 0.991051 0.017878 0.132279 0.984248 0.023491 0.175228 0.997179 0.006336 0.074794 0.997198 0.008012 0.074377 0.997231 0.009496 0.073758 0.991072 0.020234 0.131787 0.997302 0.010612 0.072638 0.991196 0.022040 0.130557 0.984130 0.026235 0.175500 
						0.984166 0.028345 0.174966 0.960800 -0.119782 0.250033 0.960344 -0.104547 0.258475 0.961215 -0.134479 0.240794 0.961217 -0.121221 0.247724 0.960344 -0.107876 0.257105 0.959251 -0.093146 0.266761 0.961855 -0.147438 0.230426 0.963093 -0.155806 0.219493 0.963439 -0.138780 0.229182 0.962159 -0.131887 0.238446 0.962381 -0.120080 0.243730 0.960362 -0.110076 0.256101 0.964522 -0.127156 0.231361 0.967458 -0.126848 0.218939 0.963370 -0.113076 0.243172 0.958524 -0.099516 0.267072 0.958200 -0.096897 0.269190 0.955312 -0.081189 0.284229 0.952807 -0.082407 0.292178 0.945199 -0.059567 0.321014 0.960921 -0.077341 0.265798 0.959138 -0.066936 0.274908 0.959327 -0.039394 0.279534 0.961348 -0.049272 0.270893 0.953387 -0.054782 0.296734 0.938118 -0.029774 0.345032 0.934487 0.003131 0.355984 0.952563 -0.026719 0.303167 0.954416 0.014210 0.298142 0.960376 -0.001948 0.278700 0.938583 0.050342 0.341362 0.961764 -0.013947 0.273525 -0.979090 -0.028682 -0.201395 -0.986070 -0.048558 -0.159088 -0.985447 -0.054949 -0.160854 -0.978866 -0.031974 -0.201985 -0.994269 -0.058429 -0.089527 -0.994133 -0.062708 -0.088136 -0.995246 -0.069147 -0.068581 -0.994725 -0.067301 -0.077411 -0.988285 -0.070873 -0.135163 -0.987905 -0.065477 -0.140559 -0.980963 -0.071683 -0.180478 -0.980082 -0.065377 -0.187521 -0.981443 -0.065546 -0.180203 -0.981955 -0.071200 -0.175199 -0.978914 -0.052315 -0.197461 -0.979932 -0.053149 -0.192117 -0.977830 -0.032018 -0.206939 -0.977172 -0.029199 -0.210432 -0.201034 -0.473809 -0.857374 -0.039777 -0.421020 -0.906179 -0.046365 -0.400661 -0.915052 -0.221379 -0.462568 -0.858500 0.080291 -0.306847 -0.948366 0.077241 -0.278281 -0.957389 0.019551 -0.243991 -0.969580 -0.099457 -0.361167 -0.927182 -0.268249 -0.419086 -0.867415 0.163015 -0.141170 -0.976472 0.163947 -0.100669 -0.981319 0.212509 0.108905 -0.971071 0.209084 0.125043 -0.969870 
						0.170726 0.118111 -0.978214 0.109276 -0.080434 -0.990752 -0.015780 -0.042938 -0.998953 -0.114507 -0.174065 -0.978054 0.085560 0.109035 -0.990349 -0.220277 -0.275594 -0.935695 -0.364972 -0.326513 -0.871886 -0.410687 -0.453672 -0.790897 -0.388184 -0.472159 -0.791441 -0.455999 -0.408205 -0.790844 -0.630051 -0.352378 -0.692002 -0.589517 -0.401599 -0.700848 -0.567082 -0.427495 -0.704035 -0.533538 -0.319875 -0.782954 -0.688342 -0.268449 -0.673884 -0.821792 -0.175800 -0.541989 -0.779744 -0.252683 -0.572845 -0.927041 -0.058005 -0.370447 -0.902097 -0.117753 -0.415158 -0.745163 -0.305483 -0.592801 -0.723897 -0.338369 -0.601232 -0.876334 -0.170712 -0.450440 -0.845268 -0.209812 -0.491428 -0.357252 -0.474358 -0.804584 -0.170435 -0.462563 -0.870050 -0.520916 -0.433462 -0.735362 0.737968 0.484910 -0.469324 0.843199 0.441197 -0.307182 0.827336 0.446666 -0.340594 0.726618 0.479477 -0.492065 0.621812 0.484330 -0.615446 0.614687 0.465317 -0.636899 -0.670841 -0.353263 -0.652057 -0.797685 -0.235832 -0.555052 0.923193 0.356421 -0.143805 0.971683 0.236278 -0.002292 0.963063 0.265390 -0.045573 0.908372 0.374371 -0.186297 0.899120 0.374274 -0.226941 0.822100 0.425453 -0.378341 0.955512 0.283782 -0.080401 0.953307 0.281880 -0.108391 0.907157 0.339238 -0.248967 0.851749 0.360785 -0.379943 0.730851 0.439974 -0.521804 0.630600 0.413591 -0.656724 0.788308 0.355957 -0.501862 -0.016270 -0.403455 -0.914855 0.503896 0.405475 -0.762678 0.509360 0.436614 -0.741566 0.386194 0.298812 -0.872677 0.393805 0.333338 -0.856623 0.096853 -0.286036 -0.953311 0.526878 0.353391 -0.772990 0.400647 0.250937 -0.881199 0.241092 0.082528 -0.966987 0.259196 0.144658 -0.954930 0.089611 -0.151895 -0.984326 0.139696 -0.084498 -0.986582 0.172205 -0.113879 -0.978456 0.282244 0.199377 -0.938396 0.165568 -0.058629 -0.984454 0.194927 0.077555 -0.977747 -0.505215 0.439572 0.742653 
						-0.522366 0.462883 0.716152 -0.654806 0.506991 0.560525 -0.620677 0.483983 0.616863 0.252375 -0.535720 0.805798 0.286605 -0.519680 0.804854 0.439967 -0.522597 0.730288 0.402746 -0.532474 0.744491 0.591321 -0.485738 0.643737 0.557684 -0.497054 0.664776 -0.774519 0.491064 0.398718 -0.740714 0.489915 0.459701 0.333059 -0.476621 0.813575 0.471422 -0.489697 0.733456 0.611885 -0.461291 0.642501 0.745885 -0.384745 0.543716 0.730134 -0.405411 0.550042 0.860484 -0.263216 0.436216 0.846975 -0.286470 0.447848 -0.874707 0.428130 0.227140 -0.847167 0.446850 0.287460 0.700059 -0.420670 0.577022 0.821384 -0.308810 0.479547 -0.945345 0.321731 0.053020 -0.928402 0.355401 0.108444 -0.630541 0.420678 0.652263 -0.520940 0.360414 0.773772 -0.737279 0.442736 0.510298 -0.816332 0.290677 0.499107 -0.743059 0.258616 0.617237 -0.652249 0.206937 0.729211 -0.834022 0.426260 0.350299 -0.914440 0.364150 0.176618 -0.926508 0.298477 0.229116 -0.874782 0.308674 0.373466 -0.956717 0.121238 0.264564 -0.939904 0.088702 0.329716 -0.970285 0.149884 0.189954 -0.999049 0.008228 0.042829 -0.997830 -0.013271 0.064494 -0.995450 -0.035054 0.088601 -0.909716 0.060414 0.410813 -0.857606 0.026177 0.513640 -0.989675 -0.056873 0.131565 -0.977002 -0.080607 0.197405 -0.426143 0.275991 0.861528 -0.403985 0.361379 0.840358 -0.567877 0.150096 0.809313 -0.490095 0.053439 0.870029 -0.338009 0.152235 0.928749 -0.307795 0.237444 0.921348 -0.797294 -0.001180 0.603589 -0.958878 -0.098164 0.266301 -0.939905 -0.119915 0.319685 -0.740807 -0.055819 0.669395 -0.699904 -0.115100 0.704901 -0.425876 -0.069052 0.902143 -0.928340 -0.126866 0.349413 -0.929281 -0.108555 0.353061 -0.687063 -0.158064 0.709197 -0.394096 -0.194893 0.898167 -0.258205 -0.012702 0.966007 -0.221903 0.080581 0.971733 -0.209094 -0.210504 0.954970 -0.156716 -0.138703 0.977856 
						-0.398697 0.364357 0.841597 -0.293818 0.235446 0.926410 0.107991 -0.486477 0.866994 -0.008537 -0.389838 0.920844 0.022072 -0.353889 0.935027 0.138249 -0.458541 0.877854 -0.203588 0.071852 0.976416 -0.132527 -0.186169 0.973539 -0.100395 -0.243797 0.964616 -0.160529 -0.024679 0.986723 -0.141877 0.034422 0.989286 -0.073521 -0.198026 0.977436 0.002489 -0.166960 0.985961 0.099483 -0.311556 0.945006 -0.085880 0.043651 0.995349 0.203523 -0.412241 0.888052 0.965908 0.042053 0.255447 0.967324 0.046083 0.249321 0.963864 0.038649 0.263575 0.960766 0.046734 0.273395 0.962089 0.052048 0.267722 0.962294 0.058783 0.265582 0.962198 0.036280 0.269924 0.962036 0.034378 0.270748 0.959283 0.040502 0.279526 0.959458 0.043102 0.278535 0.949751 0.058947 0.307406 0.950004 0.062611 0.305896 0.950405 0.056306 0.305874 0.925910 0.107093 0.362247 0.921606 0.108981 0.372512 0.917866 0.109828 0.381393 0.949776 0.068268 0.305392 0.947314 0.076843 0.310954 0.912210 0.111113 0.394369 0.900926 0.117027 0.417896 0.967980 0.050171 0.245961 0.961533 0.066134 0.266610 0.960631 0.071922 0.268358 0.968288 0.053660 0.244008 0.943109 0.088039 0.320617 0.885676 0.126469 0.446748 0.870262 0.131178 0.474801 0.938791 0.096890 0.330581 0.935242 0.099781 0.339657 0.959778 0.076097 0.270250 0.857136 0.128016 0.498929 0.848578 0.118799 0.515560 0.933274 0.096213 0.346039 0.959462 0.076092 0.271373 0.968417 0.055765 0.243022 0.968582 0.056630 0.242162 -0.937618 0.183629 -0.295219 -0.924029 0.229506 -0.305773 -0.928333 0.217940 -0.301164 -0.940509 0.173024 -0.292412 -0.926723 0.246681 -0.283430 -0.931324 0.238122 -0.275561 -0.943040 0.211873 -0.256488 -0.939905 0.185830 -0.286437 -0.948356 0.147022 -0.281078 -0.953456 0.222154 -0.203885 -0.958738 0.219158 -0.181082 -0.994082 0.108140 -0.010353 
						-0.991431 0.112115 0.067049 -0.985930 0.127466 0.108137 -0.966575 0.209403 -0.147929 -0.973586 0.203117 -0.104273 -0.960246 0.178558 -0.214582 -0.978812 0.165451 0.120634 -0.973261 0.223668 0.052301 -0.971008 0.223193 -0.085611 -0.969974 0.172518 -0.171427 -0.957089 0.147634 -0.249370 -0.959687 0.119092 -0.254592 -0.968543 0.134745 -0.209206 -0.967655 0.109771 -0.227142 -0.957999 0.116784 -0.261916 -0.956388 0.121580 -0.265593 -0.960826 0.107189 -0.255587 -0.972533 0.065529 -0.223353 -0.973526 0.054669 -0.221944 -0.973143 0.051215 -0.224432 -0.964690 0.098722 -0.244187 -0.967389 0.099776 -0.232815 -0.968227 0.086549 -0.234617 -0.970196 0.077457 -0.229610 -0.976394 0.050958 -0.209899 -0.982850 0.016555 -0.183665 -0.970075 0.069028 -0.232786 -0.972910 0.042185 -0.227304 -0.982848 0.012442 -0.184000 -0.989498 -0.046763 -0.136770 -0.984762 -0.017267 -0.173047 -0.984321 -0.029962 -0.173824 -0.987726 -0.102985 -0.117436 -0.985415 -0.123816 -0.116732 -0.954678 0.124636 -0.270287 -0.936068 0.188656 -0.296960 -0.971738 0.049842 -0.230739 0.963943 -0.122188 0.236399 0.952112 -0.055956 0.300584 0.953805 -0.068570 0.292497 0.965006 -0.119141 0.233601 0.967203 -0.182003 0.177183 0.969561 -0.167447 0.178641 -0.982718 -0.036884 -0.181397 -0.982847 -0.135872 -0.124702 0.929715 0.017752 0.367851 0.895127 0.099071 0.434663 0.906785 0.052323 0.418335 0.934938 -0.012481 0.354593 0.943253 -0.053586 0.327722 0.955693 -0.085673 0.281621 0.925884 -0.012903 0.377587 0.964653 -0.113927 0.237626 0.970327 -0.143402 0.194681 -0.922469 0.233710 -0.307295 0.967251 -0.208939 0.144117 0.963959 -0.227259 0.138334 0.961232 -0.229518 0.152824 0.959065 -0.244684 0.142563 -0.925944 0.247999 -0.284822 0.970063 -0.176082 0.167251 0.967610 -0.148752 0.203971 0.960266 -0.173398 0.218684 0.963345 -0.199903 0.178898 0.940762 -0.190677 0.280373 
						0.948419 -0.209798 0.237667 0.927974 -0.184328 0.323864 0.782485 -0.060997 0.619675 0.826355 -0.071692 0.558567 0.874240 -0.095944 0.475920 -0.952393 0.220036 -0.211027 0.952119 -0.220051 0.212242 0.902445 -0.108143 0.417011 -0.990991 0.105742 -0.082190 0.973874 -0.149888 0.170596 0.973863 -0.148070 0.172241 0.979802 -0.114362 0.164042 0.967270 -0.179810 0.179044 0.967449 -0.176783 0.181082 0.967612 -0.175083 0.181859 0.974047 -0.146001 0.172964 0.979778 -0.113260 0.164945 0.963281 -0.189565 0.190144 0.962817 -0.189292 0.192751 0.962270 -0.191743 0.193056 0.961483 -0.196273 0.192427 0.967473 -0.176038 0.181677 0.960430 -0.202609 0.191113 0.967027 -0.179382 0.180778 0.974122 -0.145432 0.173017 0.979817 -0.112364 0.165328 0.974013 -0.146715 0.172549 0.979832 -0.112265 0.165305 0.985384 -0.081554 0.149558 0.985207 -0.081227 0.150894 0.991286 -0.055081 0.119661 0.991471 -0.054979 0.118164 0.985132 -0.080614 0.151712 0.985086 -0.080248 0.152205 0.991080 -0.054390 0.121665 0.991172 -0.054740 0.120752 0.997175 -0.032919 0.067509 0.997209 -0.032890 0.067022 0.997144 -0.032962 0.067949 0.997263 -0.032639 0.066343 0.974307 -0.150350 0.167694 0.975401 -0.146976 0.164289 0.967831 -0.185399 0.170091 0.967262 -0.183717 0.175078 0.977199 -0.137938 0.161418 0.969857 -0.178787 0.165568 0.960831 -0.220209 0.168262 0.961556 -0.211280 0.175414 0.952607 -0.251430 0.171242 0.958522 -0.219517 0.181788 0.962850 -0.198171 0.183432 0.961460 -0.195423 0.193401 0.973628 -0.150165 0.171750 0.979750 -0.113348 0.165053 0.966165 -0.185223 0.179494 0.964932 -0.192910 0.178025 0.972879 -0.156043 0.170757 0.979540 -0.115621 0.164720 0.959013 -0.210696 0.189477 0.957109 -0.220754 0.187642 0.954585 -0.233022 0.185658 0.963295 -0.202289 0.176469 0.951469 -0.246956 0.183626 0.960964 -0.214430 0.174837 
						0.971848 -0.163439 0.169703 0.979103 -0.119792 0.164341 0.970616 -0.171576 0.168719 0.978325 -0.126495 0.163950 0.985005 -0.080480 0.152607 0.984866 -0.081296 0.153065 0.990795 -0.054639 0.123858 0.990961 -0.054330 0.122653 0.984650 -0.082897 0.153595 0.984219 -0.086887 0.154157 0.990272 -0.057133 0.126879 0.990573 -0.055422 0.125275 0.996946 -0.034166 0.070229 0.997035 -0.033539 0.069261 0.996824 -0.035243 0.071407 0.997100 -0.033137 0.068505 0.962977 -0.046290 0.265579 0.964279 -0.036805 0.262319 0.961704 -0.053305 0.268856 0.961188 -0.047035 0.271854 0.962430 -0.040986 0.268420 0.963699 -0.033192 0.264918 0.960698 -0.057895 0.271492 0.960326 -0.060281 0.272286 0.959806 -0.053616 0.275496 0.960202 -0.051190 0.274577 0.960134 -0.046355 0.275670 0.961078 -0.042083 0.273053 0.959657 -0.049217 0.276831 0.960077 -0.048035 0.275581 0.960590 -0.045005 0.274303 0.961433 -0.040616 0.272022 0.962224 -0.035975 0.269871 0.963380 -0.028657 0.266605 0.962429 -0.034798 0.269295 0.963463 -0.024405 0.266728 0.965855 -0.023695 0.257996 0.965200 -0.021652 0.260615 0.967094 -0.007554 0.254309 0.967792 -0.009023 0.251589 0.964647 -0.018388 0.262905 0.964372 -0.013258 0.264216 0.965937 -0.000330 0.258776 0.966434 -0.004588 0.256873 0.968718 0.010809 0.247927 0.969368 0.008057 0.245480 0.968152 0.014350 0.249951 0.970902 0.029906 0.237603 0.971421 0.026952 0.235828 0.971989 0.024054 0.233792 0.970014 0.006450 0.242964 0.972532 0.021829 0.231743 -0.956612 0.144982 -0.252732 -0.952416 0.186184 -0.241328 -0.949367 0.200006 -0.242282 -0.955573 0.149996 -0.253735 -0.948444 0.220140 -0.228020 -0.943241 0.240782 -0.228735 -0.937352 0.259909 -0.231988 -0.946093 0.211242 -0.245528 -0.954030 0.154162 -0.257022 -0.947346 0.239012 -0.213092 -0.940208 0.265427 -0.213440 -0.952054 0.234554 -0.196411 
						-0.942955 0.269071 -0.196051 -0.933646 0.297896 -0.198907 -0.932226 0.289869 -0.216636 -0.923552 0.310626 -0.224861 -0.930483 0.277066 -0.239656 -0.924201 0.320799 -0.207220 -0.914840 0.332723 -0.228831 -0.913647 0.323606 -0.246022 -0.921910 0.288204 -0.258884 -0.942252 0.219898 -0.252597 -0.951990 0.153206 -0.265035 -0.936721 0.223935 -0.269086 -0.947866 0.144829 -0.283855 -0.959172 0.104011 -0.263004 -0.959715 0.100999 -0.262195 -0.958290 0.100432 -0.267568 -0.959159 0.055856 -0.277298 -0.960765 0.062796 -0.270161 -0.961080 0.062989 -0.268993 -0.955428 0.090007 -0.281169 -0.945506 0.070726 -0.317831 -0.927618 0.017424 -0.373124 -0.952479 0.042617 -0.301608 -0.948387 0.007633 -0.317024 -0.958887 0.023950 -0.282777 -0.911464 -0.025896 -0.410564 -0.910841 -0.057499 -0.408733 -0.949276 -0.013125 -0.314168 -0.959361 0.004190 -0.282152 -0.961185 0.032595 -0.273972 -0.961566 0.033473 -0.272527 -0.961616 0.013855 -0.274049 -0.962026 0.015945 -0.272492 -0.960561 0.091730 -0.262504 -0.957818 0.136906 -0.252670 -0.961491 0.055067 -0.269263 -0.962017 0.042272 -0.269698 -0.961610 0.078667 -0.262901 -0.959609 0.123117 -0.252968 -0.961730 0.027104 -0.272657 -0.962114 0.011787 -0.272393 -0.962172 0.001470 -0.272440 -0.961898 0.014970 -0.272998 -0.961804 -0.004115 -0.273709 -0.962433 0.025578 -0.270311 -0.961937 -0.016365 -0.272779 -0.960847 -0.046122 -0.273215 -0.961057 -0.030510 -0.274660 -0.962572 0.006599 -0.270947 -0.962584 0.063602 -0.263414 -0.961319 0.107666 -0.253523 -0.963315 0.048080 -0.264030 -0.962717 0.091951 -0.254404 -0.955062 0.172153 -0.241288 -0.957857 0.155385 -0.241588 -0.956300 0.182073 -0.228777 -0.952470 0.201784 -0.228219 -0.960310 0.138311 -0.242230 -0.962278 0.121435 -0.243465 -0.961729 0.146851 -0.231326 -0.959370 0.163921 -0.229651 -0.960576 0.175677 -0.215480 -0.957250 0.193918 -0.214636 -0.962783 0.160646 -0.217353 
						-0.967844 0.154953 -0.198161 -0.966475 0.162105 -0.199117 -0.963696 0.178425 -0.198634 -0.952651 0.216318 -0.213689 -0.959241 0.201864 -0.197755 -0.986395 0.049462 -0.156772 -0.982338 0.091585 -0.163167 -0.976083 0.149135 -0.158177 -0.984882 0.089854 -0.148101 -0.977358 0.124145 -0.171347 -0.970502 0.169766 -0.171188 -0.967289 0.194625 -0.162707 -0.969369 0.203669 -0.137266 -0.981905 0.150630 -0.114775 -0.972737 0.142797 -0.182736 -0.967827 0.167609 -0.187665 -0.966084 0.156107 -0.205699 -0.968042 0.139879 -0.208153 -0.968077 0.167373 -0.186584 -0.970388 0.149047 -0.190084 -0.969030 0.190351 -0.157310 -0.969658 0.119976 -0.212999 -0.965967 0.235519 -0.106950 -0.973978 0.221671 -0.047202 -0.990330 0.034031 -0.134492 -0.988824 0.010597 -0.148709 -0.994026 0.062541 -0.089453 -0.998022 -0.006255 -0.062550 -0.993525 -0.014139 -0.112734 -0.991301 -0.027555 -0.128700 -0.975221 0.125548 0.182159 -0.992621 0.121258 -0.000449 -0.964225 0.002829 0.265071 -0.999179 0.024204 0.032487 -0.993960 -0.065434 0.088106 -0.997252 -0.028872 0.068225 -0.943707 -0.071343 0.322996 -0.998559 -0.050412 -0.018379 -0.999192 -0.030476 -0.026207 -0.997668 -0.052016 -0.044201 -0.997566 -0.056832 -0.040400 -0.997228 -0.047086 -0.057604 -0.995302 -0.054953 -0.079715 -0.996017 -0.049705 -0.074022 0.968762 -0.182694 0.167701 0.977235 -0.135095 0.163588 0.957959 -0.228747 0.173174 0.954113 -0.245477 0.171493 0.966063 -0.197375 0.166629 0.975993 -0.144063 0.163350 0.947707 -0.262478 0.181540 0.943224 -0.279517 0.179442 0.937943 -0.297908 0.177523 0.949274 -0.264595 0.169905 0.931829 -0.317372 0.175980 0.943313 -0.285939 0.168520 0.962423 -0.215223 0.165591 0.974014 -0.157137 0.163107 0.957452 -0.237072 0.164570 0.970854 -0.175903 0.162792 0.948908 -0.210950 0.234676 0.932574 -0.294740 0.208411 0.967169 -0.084186 0.239784 0.466904 0.162645 0.869222 
						0.559869 -0.099208 0.822620 0.876031 -0.260469 0.405865 0.974360 0.022971 0.223817 0.761930 0.121241 0.636210 0.113061 0.205642 0.972074 -0.128425 0.398448 0.908155 -0.093145 0.211632 0.972901 -0.022267 0.405349 0.913891 0.199071 0.299076 0.933233 0.779938 -0.140547 0.609872 0.397975 0.285981 0.871683 0.946561 -0.254762 0.197786 0.934093 -0.242286 0.262237 0.955407 -0.189662 0.226331 0.957826 -0.206689 0.199625 0.922756 -0.212125 0.321752 0.955450 -0.173438 0.238817 0.963351 -0.145946 0.225066 0.961775 -0.159576 0.222542 0.962013 -0.177476 0.207446 -0.958566 0.102586 -0.265757 -0.961999 0.081871 -0.260488 -0.963120 0.018090 -0.268462 -0.964299 0.035580 -0.262415 -0.965770 0.046758 -0.255151 -0.964690 0.072165 -0.253308 -0.961800 -0.037534 -0.271169 -0.964158 -0.001473 -0.265326 -0.963465 -0.013764 -0.267479 -0.965451 0.014420 -0.260185 -0.965831 0.026394 -0.257824 -0.967667 0.041179 -0.248845 -0.967783 0.051600 -0.246441 -0.967363 0.032881 -0.251254 -0.969567 0.044424 -0.240761 -0.969966 0.048043 -0.238447 -0.970247 0.052823 -0.236285 -0.967398 0.065161 -0.244736 -0.970256 0.058886 -0.234812 -0.948594 0.101988 -0.299611 -0.853825 0.128977 -0.504330 -0.889599 -0.017600 -0.456404 -0.954244 -0.023500 -0.298103 -0.293048 0.185978 -0.937835 0.081593 0.211068 -0.974060 -0.169603 0.228860 -0.958571 -0.524323 0.087510 -0.847011 -0.851849 -0.164162 -0.497397 -0.925155 -0.135999 -0.354391 -0.717372 -0.121125 -0.686080 -0.892526 -0.212260 -0.397924 -0.919513 -0.191805 -0.343085 -0.940864 -0.147688 -0.304900 -0.953814 -0.087309 -0.287429 -0.954542 -0.099184 -0.281091 0.970830 -0.014989 0.239299 0.974904 -0.012627 0.222266 0.967609 -0.013311 0.252104 0.967234 -0.019080 0.253167 0.970508 -0.020659 0.240183 0.974703 -0.018012 0.222779 0.965360 -0.009529 0.260749 0.964218 -0.004025 0.265079 0.964140 -0.009503 0.265224 
						0.965077 -0.015238 0.261524 0.964599 -0.021184 0.262870 0.966648 -0.024857 0.254901 0.963946 -0.015794 0.265629 0.963951 -0.027638 0.264640 0.965934 -0.030422 0.256992 0.969943 -0.026133 0.241924 0.974255 -0.023713 0.224199 0.969225 -0.031162 0.244195 0.980525 -0.011625 0.196049 0.980845 -0.008650 0.194597 0.979986 -0.013448 0.198610 0.987351 -0.006923 0.158400 0.987969 -0.008467 0.154418 0.988635 -0.007408 0.150152 0.978701 -0.016300 0.204644 0.981993 -0.007322 0.188777 0.985195 0.002331 0.171421 0.984250 -0.001043 0.176779 0.990087 -0.000485 0.140452 0.989863 -0.002675 0.142004 0.996508 -0.004814 0.083356 0.996762 -0.004206 0.080305 0.996066 -0.006748 0.088352 0.996404 -0.007659 0.084385 0.996129 -0.007911 0.087543 0.981275 -0.004683 0.192556 0.989054 -0.005171 0.147464 0.989391 -0.002913 0.145246 0.981665 -0.001376 0.190610 0.996544 -0.006804 0.082785 0.996661 -0.005639 0.081456 0.996762 -0.004244 0.080293 0.989673 -0.000425 0.143339 0.982036 0.002014 0.188685 0.970426 -0.058470 0.234210 0.998643 -0.020005 0.048091 0.997165 -0.011208 0.074409 0.968860 -0.052298 0.242022 0.935682 0.155077 -0.316938 0.953690 0.174703 -0.244857 0.966862 0.189654 -0.170907 0.995333 -0.003409 0.096435 0.978253 0.190752 -0.081457 0.993123 0.004840 0.116975 0.967565 -0.048843 0.247857 0.966785 -0.048178 0.251011 0.966539 -0.025101 0.255289 0.963140 -0.034260 0.266809 0.963257 -0.028539 0.267061 0.966694 -0.017905 0.255307 0.948142 -0.049847 0.313914 0.948391 -0.046408 0.313688 0.948629 -0.041666 0.313634 0.963161 -0.021445 0.268071 0.966514 -0.008305 0.256479 0.906907 -0.072663 0.415018 0.907905 -0.071018 0.413117 0.782871 -0.121564 0.610192 0.786631 -0.123124 0.605023 0.791703 -0.123125 0.598370 0.909268 -0.068010 0.410616 0.910877 -0.064434 0.407617 0.948721 -0.036997 0.313942 
						0.798115 -0.121864 0.590052 0.805751 -0.119553 0.580062 0.912591 -0.060819 0.404325 0.948566 -0.033121 0.314841 0.962731 -0.015068 0.270042 0.965896 0.000667 0.258929 0.961927 -0.010503 0.273105 0.964886 0.007397 0.262563 0.965573 -0.006675 0.260045 0.965294 -0.021708 0.260260 0.965646 0.009490 0.259689 0.966534 0.016035 0.256036 0.964767 -0.008311 0.262975 0.963957 -0.028368 0.264540 0.965350 0.024921 0.259765 0.964648 0.036437 0.261009 0.968541 0.063818 0.240532 0.968163 0.042055 0.246764 0.979627 0.043733 0.196007 0.969929 0.000584 0.243387 0.982458 0.083183 0.166902 0.977876 0.180560 -0.105623 0.993733 0.026217 0.108663 0.973127 -0.063323 0.221390 0.964167 -0.032385 0.263312 0.962068 -0.053690 0.267475 0.960840 -0.095569 0.260101 0.965026 -0.029456 0.260495 0.966344 -0.030478 0.255442 0.963629 -0.038366 0.264477 0.963374 -0.044550 0.264436 0.964851 -0.035243 0.260421 0.966299 -0.034876 0.255050 0.961618 -0.063492 0.266945 0.961441 -0.066443 0.266863 0.961474 -0.065445 0.266992 0.963289 -0.046461 0.264414 0.961664 -0.061925 0.267146 0.963376 -0.045458 0.264273 0.964845 -0.037410 0.260144 0.966452 -0.036204 0.254282 0.965006 -0.037101 0.259588 0.966794 -0.034987 0.253153 0.963017 -0.039903 0.266470 0.963186 -0.041415 0.265628 0.948291 -0.052384 0.313050 0.948026 -0.052898 0.313765 0.963587 -0.040448 0.264319 0.964172 -0.037420 0.262627 0.949586 -0.044587 0.310321 0.948840 -0.049506 0.311852 0.906524 -0.065952 0.416970 0.906224 -0.070854 0.416818 0.907039 -0.058927 0.416903 0.774960 -0.093987 0.624982 0.776307 -0.104189 0.621685 0.777892 -0.112372 0.618269 0.906303 -0.073390 0.416208 0.780008 -0.118359 0.614475 0.962062 -0.054858 0.267259 0.962525 -0.046547 0.267169 0.964004 -0.036024 0.263438 0.963644 -0.041315 0.263974 0.963050 -0.036011 0.266904 
						0.964448 -0.029083 0.262668 0.966220 -0.024684 0.256532 0.965738 -0.029840 0.257798 0.968425 -0.021563 0.248372 0.967819 -0.026995 0.250195 0.965327 -0.034117 0.258803 0.967272 -0.031554 0.251771 0.969384 0.015603 0.245053 0.968841 0.009044 0.247518 0.952951 0.022097 0.302319 0.952748 0.014342 0.303422 0.952626 0.005510 0.304093 0.968244 0.001701 0.250001 0.903652 0.024041 0.427591 0.904072 0.014692 0.427128 0.747694 0.011069 0.663952 0.749974 -0.002521 0.661463 0.753992 -0.016108 0.656686 0.905022 0.004019 0.425345 0.906093 -0.007051 0.423020 0.952463 -0.003532 0.304635 0.758754 -0.029990 0.650686 0.763278 -0.042411 0.644677 0.906939 -0.017403 0.420902 0.952165 -0.012036 0.305349 0.967609 -0.005616 0.252391 0.966948 -0.012583 0.254661 0.969834 0.022044 0.242768 0.970184 0.026855 0.240877 0.953896 0.035964 0.297974 0.953310 0.029866 0.300513 0.970413 0.030498 0.239518 0.970503 0.033475 0.238753 0.955582 0.045096 0.291255 0.954673 0.040914 0.294831 0.907854 0.047867 0.416546 0.905487 0.041338 0.422355 0.911004 0.053437 0.408920 0.766936 0.053408 0.639498 0.757910 0.044896 0.650813 0.751516 0.035245 0.658773 0.904059 0.033590 0.426085 0.748052 0.024368 0.663193 -0.977608 -0.022337 -0.209246 -0.980186 -0.048061 -0.192160 -0.984316 -0.038390 -0.172189 -0.979705 -0.010326 -0.200178 -0.981624 -0.063904 -0.179804 -0.982485 -0.071875 -0.171921 -0.987329 -0.070475 -0.142179 -0.986396 -0.058224 -0.153731 -0.994694 -0.036639 -0.096137 -0.991659 -0.011198 -0.128402 -0.995289 -0.056578 -0.078726 -0.999372 0.035169 0.004232 -0.996040 0.056627 -0.068536 -0.983030 0.014428 -0.182874 -0.981891 0.053631 -0.181697 -0.971422 0.227756 -0.066832 -0.965773 0.259382 -0.001687 -0.970270 0.084350 -0.226850 -0.976877 0.127315 -0.171760 -0.981656 0.153680 -0.112847 -0.967047 0.246712 0.062881 
						-0.926060 -0.063203 -0.372046 -0.944307 -0.018774 -0.328529 -0.958558 0.029050 -0.283411 -0.971804 0.062025 -0.227486 -0.989244 0.133167 -0.060523 -0.983676 0.159413 0.083484 -0.975828 0.186597 -0.113760 0.929106 -0.148981 0.338476 0.910636 -0.179243 0.372309 0.974480 -0.008123 0.224327 0.964537 -0.043388 0.260358 -0.962959 0.043279 -0.266153 0.939346 -0.120474 0.321117 0.947016 -0.093600 0.307246 0.982415 0.051571 0.179446 0.979342 0.023436 0.200850 0.984261 0.162041 0.070522 0.985953 0.132947 0.101107 0.982403 0.182219 0.040985 -0.908193 -0.099284 -0.406605 0.985270 0.097564 0.140443 -0.976575 -0.200699 -0.077602 -0.973259 -0.214838 -0.081316 -0.967734 -0.237528 -0.084087 -0.964872 -0.249297 -0.082898 0.864443 0.164448 0.475073 0.859381 0.200429 0.470418 0.872842 0.150155 0.464329 0.880155 0.109749 0.461825 -0.960682 -0.231845 -0.152767 -0.960927 -0.238169 -0.141052 -0.934871 -0.147904 -0.322710 -0.948298 -0.147180 -0.281191 0.890067 0.208231 0.405488 0.960354 0.151122 0.234272 0.963753 0.150474 0.220311 0.896367 0.174671 0.407451 0.914741 0.115342 0.387227 0.901786 0.070329 0.426422 0.966738 0.153578 0.204525 0.908816 0.029726 0.416137 -0.981020 -0.176855 -0.079513 -0.988612 -0.109191 -0.103555 -0.981449 -0.156412 -0.110877 -0.972242 -0.217166 -0.087089 -0.985773 -0.032921 -0.164824 -0.974372 0.004500 -0.224896 -0.971159 -0.043481 -0.234434 -0.981732 -0.082057 -0.171668 -0.960371 -0.144861 -0.238123 -0.963321 -0.186210 -0.193233 -0.954096 -0.119262 -0.274730 -0.877457 -0.191169 -0.439913 -0.889389 -0.159593 -0.428390 -0.961509 -0.219885 -0.164774 -0.913993 -0.146598 -0.378319 0.952511 -0.261925 -0.155301 0.933517 -0.297124 -0.200656 0.953270 -0.249767 -0.169980 0.965014 -0.226829 -0.131518 0.916520 -0.325153 -0.232952 0.941678 -0.267949 -0.203582 0.984064 -0.131584 -0.119597 0.986700 -0.129844 -0.097796 
						0.988275 -0.133405 -0.074270 0.898433 -0.350408 -0.264635 0.928678 -0.286915 -0.235025 0.875681 -0.379130 -0.299069 0.911460 -0.311941 -0.268206 0.974118 -0.152990 -0.166396 0.980051 -0.139007 -0.142049 0.999742 -0.018122 0.013668 0.999507 -0.013904 0.028132 0.999725 -0.023245 0.003106 0.992356 0.013736 0.122640 0.992323 0.015239 0.122733 0.990973 0.017388 0.132926 0.999057 -0.013409 0.041301 0.998731 -0.021194 0.045688 0.988969 0.022719 0.146368 0.987785 0.026802 0.153503 0.936492 -0.304935 -0.173197 0.913702 -0.347715 -0.210338 -0.817490 0.259313 -0.514263 -0.855468 0.135025 -0.499942 -0.828432 0.147474 -0.540326 -0.779342 0.279709 -0.560703 -0.799860 0.160566 -0.578310 -0.740504 0.299579 -0.601587 0.892117 -0.381113 -0.242653 -0.911897 -0.006498 -0.410368 -0.897365 0.000045 -0.441289 -0.948586 -0.076123 -0.307230 -0.941279 -0.072321 -0.329794 -0.933421 -0.070935 -0.351700 -0.881457 0.005360 -0.472234 -0.863137 0.010017 -0.504871 -0.766783 0.173817 -0.617925 -0.925023 -0.069765 -0.373451 -0.916570 -0.066677 -0.394275 -0.843409 0.016053 -0.537032 -0.729943 0.185922 -0.657736 0.869416 -0.410046 -0.275643 -0.697137 0.319717 -0.641702 -0.647865 0.337086 -0.683113 0.841668 -0.440250 -0.312689 0.846590 -0.410603 -0.338661 0.888563 -0.341190 -0.306666 0.811805 -0.440255 -0.383600 0.860444 -0.369544 -0.350819 0.953091 -0.192520 -0.233567 0.965302 -0.172111 -0.196391 0.771000 -0.465918 -0.434143 0.826483 -0.394822 -0.401299 0.724957 -0.485661 -0.488437 0.787479 -0.416125 -0.454661 0.915950 -0.229663 -0.329074 0.936742 -0.212031 -0.278492 0.997522 -0.045520 -0.053643 0.998869 -0.038373 -0.028079 0.995077 -0.050331 -0.085373 0.994136 0.012460 0.107413 0.993047 0.010481 0.117251 0.992314 0.010818 0.123273 0.999497 -0.030341 -0.009265 0.992069 0.012350 0.125083 0.807238 -0.471633 -0.354863 -0.692850 0.198440 -0.693240 
						-0.598770 0.351780 -0.719531 -0.656878 0.209706 -0.724248 -0.551562 0.362939 -0.751036 0.766472 -0.500627 -0.402360 -0.823330 0.024188 -0.567047 -0.908446 -0.062185 -0.413351 -0.900767 -0.057655 -0.430458 -0.803553 0.033000 -0.594318 -0.783386 0.041274 -0.620163 -0.621341 0.219880 -0.752056 -0.893013 -0.054620 -0.446703 -0.884770 -0.053525 -0.462944 -0.762087 0.047971 -0.645695 -0.585638 0.229834 -0.777306 0.719108 -0.524800 -0.455488 -0.505570 0.371602 -0.778660 -0.457381 0.377058 -0.805376 0.663105 -0.539124 -0.519267 0.961316 -0.048132 0.271211 0.961828 -0.044737 0.269972 0.963652 -0.046056 0.263162 0.964077 -0.043619 0.262016 0.964659 -0.040144 0.260425 0.962546 -0.040283 0.268110 0.967235 -0.042637 0.250278 0.967542 -0.041000 0.249364 0.968014 -0.038619 0.247905 0.968575 -0.035380 0.246192 0.965265 -0.035653 0.258828 0.963254 -0.034467 0.266373 0.966660 -0.047979 0.251530 0.989558 0.009172 0.143841 0.982322 -0.000983 0.187198 0.967147 -0.045201 0.250166 0.988031 0.151098 0.031040 0.985110 0.062258 0.160255 0.954736 -0.060766 0.291181 0.968461 -0.034169 0.246811 0.968157 -0.042603 0.246692 0.979846 -0.196706 -0.034768 0.980657 -0.190215 -0.046157 0.977465 -0.208245 -0.034584 0.976436 -0.214091 -0.027151 0.981367 -0.185796 -0.048976 0.978335 -0.204164 -0.034322 0.967027 -0.254352 -0.012796 0.965776 -0.258944 -0.014964 0.964581 -0.263656 -0.008339 0.982267 -0.182675 -0.042216 0.979261 -0.201023 -0.025246 0.983232 -0.179320 -0.033162 0.980312 -0.197078 -0.012222 0.971186 -0.237554 0.019108 0.968807 -0.247815 -0.000196 0.953081 -0.298921 0.047775 0.948281 -0.315414 0.035744 0.959370 -0.274217 0.066447 0.952594 -0.281671 0.115004 0.941533 -0.320553 0.103739 0.932554 -0.347520 0.097839 0.945175 -0.324951 0.032430 0.942874 -0.331080 0.037060 0.926098 -0.364353 0.097928 0.920835 -0.375899 0.103742 
						0.977293 -0.211892 -0.000756 0.980432 -0.196441 -0.012783 0.966599 -0.255753 0.016650 0.972953 -0.226798 0.043878 0.981342 -0.189944 0.029801 0.983942 -0.177517 0.018617 0.946466 -0.317705 0.057137 0.924249 -0.362468 0.119920 0.934821 -0.329180 0.133231 0.956197 -0.282416 0.076994 0.971040 -0.224862 0.080740 0.983795 -0.170785 0.054595 0.950815 -0.278531 0.135541 0.971641 -0.218296 0.090886 0.990417 -0.137878 0.008006 0.997402 -0.067038 -0.026367 0.989156 -0.138591 0.048611 0.990654 -0.129034 0.044222 0.999362 -0.028759 -0.021173 0.999750 -0.020306 0.009350 0.985736 -0.167869 -0.011997 0.985427 -0.167072 -0.031956 0.988289 -0.151321 0.019666 -0.901643 0.220838 -0.371847 -0.906124 0.198412 -0.373593 -0.905192 0.242758 -0.348849 -0.898430 0.271161 -0.345391 -0.908249 0.223510 -0.353734 -0.904859 0.273842 -0.325947 0.993536 -0.104123 0.045227 0.999137 0.006192 0.041060 -0.919162 0.147186 -0.365346 -0.924710 0.041879 -0.378361 -0.929031 0.079742 -0.361307 -0.920956 0.182903 -0.344073 -0.928366 0.214973 -0.303188 -0.911756 0.280894 -0.299666 -0.939091 0.122390 -0.321136 -0.903196 0.315286 -0.291258 -0.906696 0.321002 -0.273605 0.985941 -0.160618 -0.046074 -0.914287 0.269795 -0.302144 -0.918581 0.218510 -0.329337 -0.909346 0.289844 -0.298463 -0.918466 0.217014 -0.330643 0.985990 -0.159034 -0.050310 -0.922663 0.327810 -0.203062 -0.915453 0.316192 -0.248933 -0.926949 0.336986 -0.164944 -0.913925 0.335948 -0.227772 -0.941446 0.296224 -0.161031 -0.958256 0.267672 -0.100481 -0.934536 0.272384 -0.229019 -0.935266 0.194524 -0.295698 -0.932775 0.232743 -0.275248 -0.911407 0.210228 -0.353753 -0.905729 0.247781 -0.343888 0.984733 -0.167403 -0.047721 0.984009 -0.172951 -0.042590 -0.903827 0.211472 -0.371989 -0.890319 0.194164 -0.411864 -0.970974 0.048483 -0.234219 -0.971808 0.046389 -0.231163 -0.970641 0.052149 -0.234812 
						-0.979075 0.042322 -0.199052 -0.979564 0.039312 -0.197255 -0.980591 0.038346 -0.192276 -0.970458 0.058005 -0.234193 -0.970701 0.063550 -0.231735 -0.979556 0.051197 -0.194548 -0.979028 0.046897 -0.198255 -0.991448 0.034637 -0.125818 -0.991389 0.029109 -0.127676 -0.992070 0.039343 -0.119369 -0.997939 0.030903 0.056238 -0.998703 0.026772 0.043314 -0.999059 0.020946 0.037986 -0.991830 0.024141 -0.125259 -0.992748 0.021970 -0.118192 -0.999116 0.013986 0.039656 -0.998818 0.005378 0.048307 -0.974206 0.045778 -0.220968 -0.982881 0.039340 -0.179990 -0.987086 0.042586 -0.154430 -0.979095 0.047539 -0.197768 -0.994482 0.022176 -0.102532 -0.997539 -0.002090 0.070076 -0.994173 -0.003463 0.107740 -0.997020 0.025946 -0.072649 -0.999218 0.030681 -0.024936 -0.993561 0.044948 -0.103997 -0.988570 -0.003209 0.150726 -0.976191 -0.015699 0.216346 -0.995502 0.007939 0.094403 -0.999626 0.026659 0.006019 -0.986961 0.049302 -0.153223 -0.997457 0.037267 -0.060750 0.983598 -0.170643 -0.058456 0.984380 -0.172399 -0.035693 -0.910507 0.197314 -0.363378 -0.908171 0.184246 -0.375870 -0.916013 0.175118 -0.360907 -0.941388 0.164075 -0.294733 0.985961 -0.156107 -0.059250 0.987454 -0.154257 -0.033743 -0.944691 0.169726 -0.280628 -0.980440 0.116416 -0.158697 0.995205 -0.093755 -0.027875 0.992868 -0.095683 -0.071112 -0.990380 0.094303 0.101268 0.982044 -0.188647 -0.001536 0.986276 -0.165099 0.001166 0.981760 -0.184601 0.045491 0.974757 -0.219925 0.038482 0.995448 -0.095007 -0.007545 0.994326 -0.103931 0.022685 0.993220 -0.104377 0.051179 0.978554 -0.184225 0.092160 0.993499 -0.088377 0.071758 0.979394 -0.160494 0.122596 0.967418 -0.237969 0.086441 0.965495 -0.227374 0.126965 0.323505 -0.452882 -0.830808 0.412472 -0.419365 -0.808702 0.545413 -0.445777 -0.709794 0.460140 -0.492029 -0.739038 0.671715 -0.251825 -0.696694 0.768396 -0.267236 -0.581509 
						0.838909 -0.259150 -0.478615 0.654196 -0.445404 -0.611264 0.577125 -0.505028 -0.641774 0.944106 -0.031278 -0.328156 0.967841 -0.050624 -0.246415 0.998148 0.056406 0.022761 0.998079 0.034786 0.051266 0.996899 0.023642 0.075059 0.982406 -0.054266 -0.178698 0.990703 -0.052492 -0.125504 0.885920 -0.243429 -0.394827 0.995444 0.017125 0.093794 0.732815 -0.431259 -0.526307 0.664056 -0.499303 -0.556531 0.393825 -0.536725 -0.746209 0.235722 -0.462404 -0.854762 0.508796 -0.551394 -0.661129 -0.287329 0.321313 -0.902330 -0.342052 0.354071 -0.870422 -0.503514 0.220344 -0.835417 -0.465194 0.197621 -0.862868 -0.238984 0.272694 -0.931947 -0.429328 0.153118 -0.890074 0.597233 -0.549048 -0.584687 -0.398221 0.369683 -0.839497 -0.544340 0.229379 -0.806895 -0.739161 0.048832 -0.671757 -0.716762 0.044692 -0.695884 -0.876004 -0.054102 -0.479260 -0.867009 -0.056490 -0.495080 -0.696633 0.032742 -0.716680 -0.679337 0.006544 -0.733797 -0.858745 -0.061398 -0.508711 -0.851593 -0.073723 -0.518994 0.086122 -0.342281 -0.935643 0.186122 -0.358939 -0.914616 -0.398676 0.098488 -0.911788 -0.196360 0.215888 -0.956470 -0.356215 0.016038 -0.934267 -0.135665 0.116378 -0.983896 -0.044928 -0.130650 -0.990410 0.058099 -0.170674 -0.983613 -0.666293 -0.026955 -0.745203 -0.847797 -0.089592 -0.522698 -0.850468 -0.101371 -0.516167 -0.652922 -0.073687 -0.753833 -0.655277 -0.121862 -0.745494 -0.314480 -0.098224 -0.944169 -0.867997 -0.095571 -0.487286 -0.697821 -0.138203 -0.702813 -0.327042 -0.219034 -0.919275 -0.110765 0.151834 -0.982180 -0.019702 0.090799 -0.995674 -0.072756 -0.033102 -0.996800 -0.065034 -0.229623 -0.971104 -0.045999 0.403621 -0.913769 0.020511 0.340264 -0.940106 0.263604 -0.316984 -0.911062 0.132580 -0.143429 -0.980740 0.414249 -0.060685 -0.908138 0.549226 -0.182932 -0.815406 0.044070 0.091333 -0.994845 0.054327 0.335928 -0.940320 0.205707 0.305957 -0.929557 
						0.284382 0.104318 -0.953019 0.731425 0.187069 -0.655761 0.841750 0.097570 -0.530978 0.577696 0.257963 -0.774417 0.976588 0.206478 -0.060348 0.988236 0.146550 -0.043733 0.904891 0.017371 -0.425289 0.995548 0.093710 -0.010120 -0.964003 -0.033293 -0.263799 -0.969878 -0.011600 -0.243313 -0.970584 0.001099 -0.240760 -0.964556 -0.023780 -0.262805 -0.982186 0.008329 -0.187724 -0.982897 0.021638 -0.182881 -0.983434 0.033521 -0.178138 -0.971234 0.013122 -0.237766 -0.965325 -0.011170 -0.260813 -0.997150 0.029871 -0.069280 -0.997214 0.043763 -0.060405 -0.977406 0.074400 0.197843 -0.972925 0.088398 0.213549 -0.968852 0.098979 0.227000 -0.997074 0.055646 -0.052405 -0.996837 0.065155 -0.045506 -0.983831 0.043461 -0.173744 -0.965387 0.106709 0.237995 -0.962740 0.111251 0.246483 -0.996612 0.071900 -0.039925 -0.984128 0.051069 -0.169954 -0.971797 0.023567 -0.234639 -0.966059 0.000753 -0.258322 -0.972263 0.031950 -0.231698 -0.966673 0.010891 -0.255782 -0.960001 -0.044276 -0.276473 -0.959449 -0.055769 -0.276310 -0.960978 -0.031172 -0.274862 -0.950039 -0.055793 -0.307104 -0.948168 -0.068053 -0.310397 -0.947855 -0.076363 -0.309419 -0.962197 -0.017585 -0.271787 -0.963436 -0.005520 -0.267880 -0.956999 -0.023185 -0.289164 -0.953263 -0.039735 -0.299517 -0.932780 -0.066384 -0.354281 -0.924261 -0.081806 -0.372892 -0.944634 -0.040750 -0.325587 -0.921005 -0.087619 -0.379570 -0.921525 -0.088353 -0.378133 -0.959355 -0.064372 -0.274762 -0.963639 -0.041728 -0.263930 -0.948623 -0.080896 -0.305891 -0.949894 -0.082950 -0.301363 -0.959502 -0.070459 -0.272748 -0.963183 -0.051341 -0.263901 -0.924040 -0.087468 -0.372155 -0.927447 -0.085559 -0.364035 -0.930914 -0.084048 -0.355437 -0.951128 -0.083997 -0.297152 -0.933954 -0.082607 -0.347715 -0.951970 -0.084362 -0.294341 -0.959594 -0.074786 -0.271267 -0.962612 -0.059229 -0.264330 -0.959381 -0.077862 -0.271156 -0.961789 -0.065586 -0.265821 
						-0.969127 -0.023810 -0.245408 -0.968271 -0.035210 -0.247409 -0.980121 -0.018271 -0.197556 -0.981269 -0.005059 -0.192574 -0.967238 -0.045372 -0.249785 -0.965966 -0.054168 -0.252936 -0.977037 -0.042087 -0.208872 -0.978714 -0.030723 -0.202917 -0.994925 -0.013984 -0.099645 -0.996031 0.000511 -0.089007 -0.993458 -0.027800 -0.110760 -0.992896 0.011512 0.118425 -0.989833 0.027376 0.139577 -0.986129 0.043276 0.160242 -0.996768 0.015278 -0.078872 -0.981923 0.058818 0.179910 -0.963845 0.077166 -0.255047 -0.963849 0.105099 -0.244845 -0.965057 0.064891 -0.253879 -0.965201 0.090914 -0.245199 -0.965486 0.111627 -0.235324 -0.963741 0.129047 -0.233560 -0.967329 0.055109 -0.247463 -0.966823 0.079639 -0.242717 -0.966879 0.097210 -0.235999 -0.967666 0.110796 -0.226598 -0.966270 0.127688 -0.223649 -0.964388 0.145751 -0.220709 -0.963821 0.034090 -0.264363 -0.962286 -0.011555 -0.271793 -0.962066 -0.024802 -0.271688 -0.964616 0.023600 -0.262602 -0.959023 -0.057958 -0.277338 -0.955409 -0.082707 -0.283465 -0.952803 -0.101435 -0.286142 -0.963970 -0.032621 -0.264002 -0.967189 0.016097 -0.253547 -0.962408 0.210947 -0.171094 -0.952745 0.251599 -0.170219 -0.979123 0.155198 -0.131272 -0.970483 0.203154 -0.129963 -0.958695 0.252502 -0.130949 -0.941698 0.288941 -0.172386 -0.995678 0.054031 -0.075544 -0.992986 0.091805 -0.074501 -0.986517 0.146094 -0.073768 -0.974889 0.208639 -0.077857 -0.944071 0.299310 -0.138360 -0.931613 0.315321 -0.180747 0.951250 -0.262768 0.161481 0.966350 -0.200670 0.160929 0.936783 -0.308667 0.164807 0.931150 -0.329877 0.155375 0.944860 -0.289281 0.153480 0.960506 -0.230927 0.155245 0.925630 -0.337099 0.171971 0.915877 -0.356980 0.183668 0.911829 -0.372607 0.172428 0.920859 -0.354842 0.161574 0.919298 -0.367510 0.140809 0.928212 -0.346018 0.136726 0.911539 -0.382969 0.149769 0.940163 -0.311751 0.137496 0.954524 -0.261696 0.142822 
						0.939104 -0.245413 0.240534 0.932553 -0.274838 0.234113 0.945595 -0.211780 0.246982 0.959592 -0.208007 0.189515 0.948758 -0.241905 0.203325 0.937799 -0.274692 0.212313 0.953213 -0.164211 0.253812 0.968947 -0.153109 0.194163 0.998063 -0.062201 0.000935 0.988580 -0.150512 0.007442 0.888681 0.165787 -0.427506 0.906062 0.100127 -0.411127 0.969816 -0.217452 0.110324 0.950002 -0.262798 0.168622 0.989851 -0.116555 -0.081296 0.924694 -0.307162 0.224926 0.927252 -0.309674 0.210491 0.917976 -0.341880 0.201095 0.918434 -0.333190 0.213222 0.934716 -0.304426 0.183386 0.921778 -0.344669 0.177561 0.913589 -0.371446 0.165477 0.912633 -0.362793 0.188369 0.915544 -0.349123 0.199733 0.964063 0.032478 0.263682 0.967832 0.031099 0.249667 0.965206 0.035879 0.259016 0.961221 0.038005 0.273149 0.972598 0.030859 0.230435 0.977861 0.031574 0.206861 0.976534 0.035081 0.212488 0.970503 0.034928 0.238545 0.965172 0.046924 0.257372 0.958412 0.049719 0.281025 0.972803 0.045190 0.227185 0.963301 0.078604 0.256658 0.952214 0.087098 0.292751 0.941547 0.095300 0.323120 0.953219 0.053227 0.297559 0.932416 0.102571 0.346524 -0.959015 -0.080093 -0.271798 -0.960874 -0.070700 -0.267810 -0.952568 -0.084396 -0.292390 -0.953315 -0.084930 -0.289789 -0.958879 -0.082046 -0.271697 -0.960220 -0.074927 -0.269005 -0.936642 -0.081484 -0.340679 -0.939270 -0.081923 -0.333257 -0.942147 -0.084138 -0.324467 -0.954462 -0.086529 -0.285507 -0.945629 -0.087162 -0.313349 -0.956240 -0.089103 -0.278684 -0.959205 -0.084228 -0.269871 -0.960050 -0.078665 -0.268543 -0.960173 -0.086932 -0.265538 -0.960499 -0.082580 -0.265747 -0.964607 -0.061654 -0.256384 -0.963464 -0.068014 -0.259058 -0.973498 -0.060952 -0.220425 -0.975218 -0.052164 -0.215010 -0.962755 -0.073496 -0.260194 -0.962669 -0.078112 -0.259164 -0.971144 -0.074790 -0.226462 -0.972076 -0.068548 -0.224431 
						-0.988000 -0.061906 -0.141507 -0.989838 -0.051908 -0.132390 -0.986378 -0.070107 -0.148809 -0.998293 -0.042328 0.040249 -0.997832 -0.031251 0.057914 -0.996866 -0.018081 0.077013 -0.991710 -0.040509 -0.121943 -0.995247 -0.003730 0.097307 -0.962933 0.009724 -0.269565 -0.963067 0.008214 -0.269136 -0.964314 0.012641 -0.264459 -0.964525 0.013381 -0.263654 -0.964778 0.012350 -0.262775 -0.963214 0.002433 -0.268726 -0.966097 0.021409 -0.257290 -0.966375 0.023535 -0.256057 -0.968136 0.033542 -0.248167 -0.968459 0.036413 -0.246499 -0.968816 0.038595 -0.244758 -0.966686 0.025237 -0.254719 -0.967016 0.027981 -0.253173 -0.965077 0.011474 -0.261716 -0.969173 0.041523 -0.242857 -0.963301 -0.006856 -0.268338 -0.962511 0.006152 -0.271171 -0.960650 -0.002453 -0.277751 -0.962846 0.001663 -0.270047 -0.963964 0.008807 -0.265888 -0.954836 -0.017629 -0.296611 -0.960435 -0.008970 -0.278361 -0.964537 0.004342 -0.263913 -0.965343 0.012030 -0.260707 -0.967147 0.018958 -0.253510 -0.967517 0.025147 -0.251551 -0.965811 0.017672 -0.258644 -0.967837 0.029727 -0.249815 -0.978298 -0.078826 -0.191621 -0.979311 -0.079563 -0.186063 -0.976002 -0.084895 -0.200530 -0.975672 -0.084828 -0.202160 -0.982133 -0.083052 -0.168869 -0.978886 -0.087633 -0.184671 -0.976465 -0.090834 -0.195615 -0.973463 -0.088724 -0.210946 -0.973608 -0.089490 -0.209950 -0.987359 -0.087247 -0.132323 -0.985205 -0.091235 -0.145075 -0.995650 -0.081895 -0.044432 -0.995481 -0.083610 -0.045011 -0.995672 -0.083816 -0.040160 -0.983844 -0.093853 -0.152455 -0.983103 -0.094722 -0.156640 -0.974515 -0.092343 -0.204434 -0.996149 -0.081927 -0.031235 -0.996818 -0.077454 -0.018823 -0.982941 -0.093412 -0.158431 -0.972887 -0.091895 -0.212242 -0.971117 -0.090723 -0.220683 -0.971466 -0.091820 -0.218686 -0.968645 -0.090746 -0.231284 -0.968775 -0.092053 -0.230221 -0.977490 -0.088432 -0.191555 -0.978974 -0.081696 -0.186910 -0.975627 -0.093928 -0.198315 
						-0.978841 -0.103008 -0.176805 -0.981863 -0.096238 -0.163347 -0.982562 -0.085473 -0.165127 -0.969951 -0.094596 -0.224156 -0.973040 -0.095042 -0.210145 -0.968633 -0.096600 -0.228951 -0.972935 -0.099837 -0.208398 -0.957039 -0.086598 -0.276727 -0.969188 -0.101801 -0.224302 -0.963378 -0.094635 -0.250891 -0.969180 -0.103051 -0.223764 -0.977923 -0.111083 -0.176994 -0.987017 -0.117773 -0.109209 -0.983267 -0.110669 -0.144699 -0.988971 -0.107422 -0.101964 -0.990940 -0.086173 -0.103019 -0.990255 -0.094887 -0.101939 -0.965900 -0.090992 -0.242400 -0.966851 -0.093585 -0.237575 -0.963485 -0.088965 -0.252549 -0.964107 -0.091784 -0.249144 -0.961707 -0.093531 -0.257628 -0.965074 -0.095014 -0.244139 -0.961642 -0.086266 -0.260389 -0.961857 -0.089411 -0.258527 -0.958721 -0.091530 -0.269213 -0.949754 -0.089594 -0.299900 -0.954229 -0.090980 -0.284903 -0.958835 -0.092098 -0.268615 -0.966277 -0.089164 -0.241573 -0.971623 -0.089612 -0.218902 -0.970888 -0.085918 -0.223593 -0.964438 -0.086446 -0.249772 -0.983247 -0.089874 -0.158581 -0.997492 -0.070606 -0.004984 -0.998011 -0.062338 0.009408 -0.983940 -0.084730 -0.157110 -0.984981 -0.078296 -0.153893 -0.970705 -0.081133 -0.226163 -0.998307 -0.052789 0.024422 -0.963202 -0.082865 -0.255687 0.964170 0.003301 0.265264 0.965138 0.012699 0.261431 0.965374 0.008745 0.260724 0.964286 -0.001616 0.264859 0.967061 0.024481 0.253365 0.969703 0.038731 0.241198 0.970055 0.036260 0.240163 0.967364 0.021569 0.252472 0.967719 0.017995 0.251389 0.965622 0.004115 0.259919 0.970457 0.033030 0.239001 0.964328 -0.007591 0.264601 0.963923 0.011080 0.265950 0.964058 0.041895 0.262367 0.963319 0.011282 0.268120 0.963938 0.039935 0.263112 0.969023 0.072338 0.236138 0.968481 0.076178 0.237151 0.963030 0.008745 0.269250 0.964131 0.032492 0.263430 0.962999 0.005919 0.269441 0.964408 0.024488 0.263284 0.970184 0.042269 0.238656 
						0.969801 0.057391 0.237050 0.981986 0.083339 0.169579 0.980159 0.112516 0.163183 0.982290 0.058384 0.178039 0.979070 0.123630 0.161668 0.961065 -0.008116 0.276202 0.948375 -0.030338 0.315697 0.948367 -0.028714 0.315872 0.960436 -0.007760 0.278393 0.914453 -0.057559 0.400577 0.814197 -0.116664 0.568747 0.822773 -0.113853 0.556850 0.916482 -0.054976 0.396281 0.918783 -0.053064 0.391179 0.948629 -0.028022 0.315147 0.831546 -0.111223 0.544206 0.840671 -0.109989 0.530259 0.921478 -0.053103 0.384783 0.949252 -0.029289 0.313149 0.960075 -0.008801 0.279604 0.960040 -0.011710 0.279619 0.964848 -0.032797 0.260754 0.965547 -0.026996 0.258823 0.951074 -0.030401 0.307463 0.950365 -0.038074 0.308800 0.966248 -0.020398 0.256803 0.951682 -0.021937 0.306302 0.907422 -0.029715 0.419169 0.907582 -0.040391 0.417927 0.767211 -0.055950 0.638950 0.770536 -0.069503 0.633596 0.907447 -0.050241 0.417153 0.773142 -0.082274 0.628874 -0.972641 0.038244 -0.229142 -0.984372 0.056301 -0.166861 -0.984609 0.059386 -0.164375 -0.972970 0.042686 -0.226952 -0.996484 0.075824 -0.035639 -0.960967 0.112526 0.252745 -0.960023 0.110901 0.257016 -0.996485 0.077218 -0.032489 -0.996615 0.076478 -0.030177 -0.984871 0.060703 -0.162311 -0.959742 0.106787 0.259791 -0.959879 0.101178 0.261525 -0.996862 0.073898 -0.028386 -0.985187 0.060457 -0.160472 -0.973288 0.045601 -0.225013 -0.973632 0.047191 -0.223190 0.980421 -0.009730 0.196672 0.976563 -0.006994 0.215120 0.975614 -0.017454 0.218797 0.980053 -0.018911 0.197836 0.973138 -0.005998 0.230142 0.971699 -0.016223 0.235663 0.966836 -0.027189 0.253945 0.972033 -0.028163 0.233151 0.977863 -0.029063 0.207218 0.970197 -0.005080 0.242262 0.968349 -0.015264 0.249133 0.967759 -0.003934 0.251847 0.965569 -0.014512 0.259742 0.958480 -0.026436 0.283931 0.962319 -0.026564 0.270623 
						0.947145 -0.043657 0.317821 0.954413 -0.043347 0.295326 0.940686 -0.044605 0.336334 0.889529 -0.093014 0.447310 0.903338 -0.089322 0.419526 0.918093 -0.086104 0.386900 0.962523 -0.043261 0.267729 0.971399 -0.042567 0.233608 0.934101 -0.082320 0.347388 0.951242 -0.076568 0.298789 0.980571 -0.001845 0.196154 0.977042 0.000985 0.213046 0.981713 0.008125 0.190194 0.978813 0.009032 0.204559 0.976299 0.009428 0.216219 0.973891 0.001698 0.227008 0.984870 0.015426 0.172607 0.983019 0.015332 0.182864 0.981661 0.015199 0.190026 0.980835 0.016111 0.194174 0.974260 0.010442 0.225185 0.980508 0.018964 0.195562 0.972720 0.012744 0.231631 0.971192 0.002670 0.238283 0.968984 0.004340 0.247087 0.965799 -0.002306 0.259282 0.963310 -0.013818 0.268034 0.964329 0.000012 0.264707 0.961596 -0.012969 0.274162 0.952494 -0.027293 0.303333 0.955202 -0.026764 0.294742 0.963381 0.003223 0.268118 0.960485 -0.011742 0.278084 0.950469 -0.027675 0.309585 0.924901 -0.050390 0.376853 0.929436 -0.048433 0.365791 0.850857 -0.106882 0.514410 0.862894 -0.102569 0.494866 0.934776 -0.046325 0.352203 0.875983 -0.097671 0.472350 0.967224 0.006978 0.253830 0.971609 0.016589 0.236012 0.970876 0.022067 0.238566 0.965886 0.010754 0.258746 0.980592 0.023901 0.194595 0.981067 0.030861 0.191194 0.981769 0.041105 0.185582 0.970467 0.029762 0.239391 0.964975 0.015940 0.261858 -0.974806 0.049980 -0.217382 -0.975194 0.051534 -0.215269 -0.974406 0.049000 -0.219389 -0.985912 0.058005 -0.156888 -0.986246 0.056564 -0.155302 -0.986527 0.055357 -0.153946 -0.974013 0.048144 -0.221317 -0.985553 0.059333 -0.158636 -0.997177 0.070137 -0.026828 -0.997480 0.066084 -0.025801 -0.960290 0.094280 0.262590 -0.961101 0.086393 0.262336 -0.997757 0.061857 -0.025596 -0.997976 0.057813 -0.026476 -0.962418 0.078231 0.260061 
						-0.964374 0.069672 0.255204 -0.975594 0.053121 -0.213061 -0.986744 0.054243 -0.152951 -0.986751 0.053314 -0.153232 -0.975884 0.054656 -0.211337 -0.998114 0.054169 -0.028873 -0.967139 0.061605 0.246671 -0.971185 0.054758 0.231953 -0.998108 0.051064 -0.034257 -0.997833 0.049232 -0.043648 -0.986381 0.053477 -0.155539 -0.976618 0.049061 0.209307 -0.982924 0.044530 0.178542 -0.997197 0.048250 -0.057189 -0.985560 0.054732 -0.160237 -0.975866 0.057487 -0.210666 -0.975419 0.061809 -0.211510 0.970467 0.036288 0.238490 0.970311 0.039370 0.238637 0.957439 0.053049 0.283718 0.956553 0.048976 0.287414 0.970075 0.042766 0.239009 0.969793 0.046472 0.239463 0.958725 0.061299 0.277648 0.958181 0.057036 0.280422 0.921992 0.068354 0.381127 0.918483 0.063225 0.390374 0.925043 0.073600 0.372664 0.812816 0.083443 0.576514 0.801829 0.075943 0.592708 0.790029 0.068012 0.609285 0.914694 0.058491 0.399893 0.778024 0.060988 0.625268 0.969469 0.050351 0.239987 0.969152 0.053564 0.240574 0.959253 0.069867 0.273775 0.959070 0.065505 0.275490 0.968847 0.055845 0.241282 0.959365 0.073525 0.272421 0.931535 0.090973 0.352090 0.929670 0.085132 0.358421 0.840419 0.108536 0.530957 0.831867 0.099129 0.546050 0.927562 0.079138 0.365193 0.822736 0.091124 0.561072 -0.974521 0.066169 -0.214312 -0.984238 0.056177 -0.167688 -0.982572 0.056574 -0.177062 -0.973304 0.068764 -0.218975 -0.996104 0.047624 -0.074217 -0.988971 0.041196 0.142263 -0.993506 0.038111 0.107209 -0.994704 0.046262 -0.091783 -0.993245 0.043623 -0.107528 -0.980831 0.055074 -0.186915 -0.996363 0.034580 0.077879 -0.971775 0.068274 -0.225815 -0.995151 -0.017801 -0.096729 -0.995401 -0.030386 -0.090853 -0.997351 -0.067039 -0.028221 -0.997220 -0.062502 -0.040560 -0.997264 -0.057446 -0.046516 -0.996393 -0.041439 -0.074055 0.930850 0.269874 0.246347 
						0.945869 0.162883 0.280715 0.964557 0.135661 0.226329 0.954902 0.220381 0.198983 0.975428 0.068203 0.209495 0.987213 0.050179 0.151301 0.981782 0.098391 0.162552 0.976770 0.159247 0.143394 0.994694 0.052362 0.088552 0.993186 0.086397 0.078218 0.996266 0.025787 0.082393 -0.997556 -0.051342 -0.047389 -0.997629 -0.051280 -0.045894 -0.995920 -0.006956 -0.089968 -0.997627 -0.000059 -0.068853 -0.995416 -0.089304 0.034235 -0.997286 -0.073518 -0.003877 -0.999481 0.000115 -0.032216 -0.999682 -0.010172 0.023065 -0.973794 -0.165364 0.156141 -0.989157 -0.118058 0.087351 0.876307 0.357654 0.322753 0.842856 0.399186 0.360895 0.890363 0.225616 0.395414 0.909319 0.207628 0.360596 0.805989 0.433507 0.403055 0.873064 0.236411 0.426462 0.905914 0.313048 0.285169 0.928425 0.185752 0.321751 -0.994731 -0.033285 0.096962 -0.977889 -0.072762 0.196057 -0.879294 -0.331135 0.342332 -0.942253 -0.233872 0.239716 -0.934159 -0.130218 0.332249 -0.849171 -0.182988 0.495403 -0.499917 -0.561099 0.659736 -0.746421 -0.458076 0.482723 0.713338 0.469991 0.519862 0.634463 0.475844 0.609122 0.816177 0.225695 0.531900 0.840075 0.234915 0.488967 0.481902 0.484816 0.729879 0.774437 0.221268 0.592695 0.764802 0.457379 0.453742 0.857088 0.239339 0.456198 0.206001 0.543515 -0.813729 0.244992 0.471347 -0.847237 -0.463700 -0.280599 -0.840385 -0.234533 -0.394255 -0.888570 -0.703140 -0.220451 -0.676014 -0.601929 -0.362985 -0.711283 0.670776 0.522022 -0.526833 0.667712 0.440895 -0.599810 -0.764103 -0.114911 -0.634777 -0.845100 -0.059661 -0.531269 -0.917784 0.025677 -0.396249 -0.877842 -0.065157 -0.474497 0.964631 0.238148 -0.113020 0.960391 0.195057 -0.199001 -0.857750 -0.144720 -0.493276 0.255959 0.488548 -0.834149 0.656354 0.439586 -0.613159 0.657703 0.412243 -0.630463 0.309708 0.463284 -0.830331 0.947710 0.186129 -0.259234 
						0.946809 0.142679 -0.288437 0.967411 0.043632 -0.249426 0.714304 0.340563 -0.611382 0.483784 0.385757 -0.785585 -0.272176 -0.382425 0.882990 -0.205364 -0.387989 0.898493 -0.446117 -0.299657 0.843318 -0.667477 -0.299068 0.681933 -0.578582 -0.408310 0.706064 -0.553292 -0.466883 0.689847 -0.721143 -0.181387 0.668619 -0.824755 -0.146639 0.546147 -0.934689 0.010818 0.355303 -0.909760 -0.086713 0.405977 -0.910803 -0.143841 0.386972 -0.928564 -0.171270 0.329294 -0.199265 -0.499426 0.843130 -0.601053 -0.545481 0.584112 -0.106147 0.260008 0.959754 0.280673 0.412953 0.866425 0.225056 0.406842 0.885341 -0.099119 0.299768 0.948849 -0.957160 -0.183514 0.223981 0.742465 0.153363 0.652093 0.667791 0.168937 0.724924 0.537692 0.207853 0.817120 0.118708 0.388873 0.913612 -0.098263 0.280429 0.954832 -0.679870 0.081102 -0.728834 -0.779297 0.096364 -0.619202 -0.633196 0.036004 -0.773153 -0.159085 0.304525 -0.939126 -0.197110 0.346169 -0.917232 -0.299877 0.425016 -0.854070 -0.641268 -0.036195 -0.766463 -0.148838 0.268954 -0.951584 0.120704 0.242483 -0.962618 0.139721 0.284501 -0.948439 0.142570 0.321595 -0.936082 0.130992 0.375427 -0.917549 -0.837470 0.108085 -0.535688 -0.342304 0.445716 -0.827143 0.988601 -0.085236 -0.124109 0.624754 -0.486634 -0.610631 0.566687 -0.403347 -0.718455 0.978750 -0.052225 -0.198293 0.117534 0.316351 -0.941333 0.174614 -0.428927 -0.886302 0.151341 -0.350876 -0.924111 0.099851 -0.351189 -0.930965 0.522248 -0.348168 -0.778483 0.969730 0.016986 -0.243587 -0.990083 -0.014477 0.139733 -0.986007 -0.005257 0.166623 -0.881288 0.292686 0.371033 -0.841427 0.328013 0.429427 -0.799833 0.359614 0.480567 -0.980313 0.006029 0.197360 0.760117 -0.486276 0.430997 0.890431 -0.189139 0.413956 0.850821 -0.209010 0.482097 0.674017 -0.536541 0.507765 0.814690 -0.221280 0.536019 0.598845 -0.563201 0.569376 
						0.781874 -0.229070 0.579828 0.532171 -0.574924 0.621495 0.750585 -0.235799 0.617269 0.469401 -0.579906 0.665861 -0.972490 0.019774 0.232103 -0.754393 0.388106 0.529401 -0.705311 0.410860 0.577695 -0.962194 0.035296 0.270068 -0.996044 -0.080348 -0.037951 -0.993038 -0.024816 0.115151 -0.996477 -0.079550 -0.026562 -0.995266 -0.037271 0.089753 -0.955459 0.177846 0.235520 -0.919212 0.244538 0.308626 -0.996772 -0.079529 -0.011024 -0.996646 -0.052458 0.062804 -0.983964 0.089273 0.154416 0.924992 -0.295180 0.239286 0.980536 -0.156268 0.118866 0.990997 -0.068145 0.115244 0.966044 -0.118517 0.229595 0.995653 -0.035103 0.086268 0.984277 -0.054088 0.168144 0.846833 -0.405911 0.343671 0.930696 -0.158789 0.329532 0.968649 -0.067190 0.239176 -0.950306 0.050495 0.307194 -0.657435 0.424443 0.622598 -0.614100 0.430731 0.661326 -0.937739 0.064809 0.341241 0.718883 -0.243344 0.651146 0.407084 -0.582764 0.703327 0.687728 -0.250298 0.681456 0.348290 -0.581889 0.734914 0.658673 -0.255521 0.707714 0.295604 -0.576884 0.761461 0.633720 -0.257883 0.729311 0.251894 -0.567478 0.783912 -0.924768 0.078802 0.372281 -0.575778 0.432937 0.693574 -0.541745 0.434210 0.719704 -0.911413 0.093050 0.400834 -0.896869 0.107786 0.428963 -0.508679 0.434731 0.743138 -0.474412 0.432740 0.766596 -0.880806 0.122521 0.457350 0.611239 -0.258426 0.748066 0.214090 -0.555322 0.803606 0.588765 -0.258332 0.765912 0.176063 -0.541224 0.822240 0.566355 -0.257179 0.783008 0.138032 -0.524370 0.840228 0.544246 -0.254747 0.799312 0.100787 -0.504259 0.857651 -0.863158 0.136643 0.486094 -0.438896 0.427883 0.790118 -0.402200 0.420166 0.813447 -0.843875 0.149901 0.515175 -0.823286 0.162458 0.543882 -0.365227 0.411153 0.835202 -0.329385 0.402168 0.854264 -0.801969 0.174163 0.571413 0.524593 -0.250219 0.813752 0.067868 -0.480528 0.874350 
						0.508867 -0.243456 0.825702 0.042079 -0.454424 0.889791 0.496722 -0.235038 0.835478 0.022220 -0.427610 0.903690 0.487408 -0.225293 0.843609 0.006428 -0.401218 0.915960 -0.780868 0.184623 0.596791 -0.295930 0.393017 0.870611 -0.266266 0.383330 0.884399 -0.761173 0.193213 0.619099 -0.744063 0.199395 0.637661 -0.241608 0.372786 0.895911 -0.221914 0.361371 0.905630 -0.729962 0.202978 0.652652 0.479520 -0.214448 0.850925 -0.007565 -0.375752 0.926689 0.472443 -0.202339 0.857821 -0.020706 -0.350938 0.936170 0.466002 -0.188813 0.864402 -0.032949 -0.326620 0.944581 0.459935 -0.173924 0.870753 -0.044318 -0.302860 0.952004 -0.718911 0.203879 0.664531 -0.206800 0.349309 0.913902 -0.195874 0.336542 0.921071 -0.710880 0.201962 0.673692 -0.705618 0.196961 0.680668 -0.188640 0.322062 0.927735 -0.184541 0.305242 0.934223 -0.702833 0.188987 0.685792 0.453072 -0.157971 0.877366 -0.056167 -0.279397 0.958531 0.444784 -0.141175 0.884442 -0.069480 -0.255713 0.964253 0.435384 -0.123713 0.891704 -0.083587 -0.231833 0.969158 0.425224 -0.105817 0.898881 -0.097806 -0.207975 0.973232 -0.701928 0.178490 0.689520 -0.182956 0.286624 0.940412 -0.183267 0.267029 0.946102 -0.702278 0.166211 0.692228 -0.703511 0.152733 0.694078 -0.184894 0.246568 0.951325 -0.187594 0.225496 0.956013 -0.706011 0.138572 0.694512 0.414383 -0.087715 0.905866 -0.112172 -0.184047 0.976496 0.403491 -0.069557 0.912336 -0.126878 -0.159920 0.978942 0.393956 -0.051473 0.917687 -0.141348 -0.135858 0.980593 0.387321 -0.033665 0.921330 -0.154999 -0.112185 0.981524 -0.710207 0.124248 0.692942 -0.191023 0.204578 0.960030 -0.194744 0.184198 0.963403 -0.716487 0.110112 0.688856 -0.725889 0.096113 0.681063 -0.199047 0.163808 0.966202 -0.205736 0.142970 0.968108 -0.740616 0.082197 0.666882 0.384685 -0.016427 0.922902 -0.168325 -0.089117 0.981695 
						0.386302 -0.000072 0.922372 -0.183188 -0.066855 0.980802 0.391965 0.015179 0.919855 -0.201803 -0.045561 0.978366 0.401396 0.029288 0.915436 -0.226242 -0.025024 0.973750 -0.762441 0.068739 0.643396 -0.217216 0.121909 0.968481 -0.235720 0.101175 0.966540 -0.791656 0.056491 0.608349 -0.825076 0.046610 0.563096 -0.261000 0.083286 0.961739 -0.288890 0.069469 0.954839 -0.856489 0.039372 0.514661 0.414459 0.042310 0.909084 -0.255827 -0.005398 0.966707 0.430654 0.054605 0.900864 -0.286472 0.013536 0.957993 0.449230 0.068041 0.890821 -0.312818 0.034740 0.949178 0.469679 0.080477 0.879162 -0.329569 0.055352 0.942508 -0.881584 0.033779 0.470817 -0.313526 0.058764 0.947759 -0.329473 0.049983 0.942841 -0.898924 0.028853 0.437153 -0.908762 0.023869 0.416632 -0.332923 0.041970 0.942020 -0.323332 0.033208 0.945703 -0.912650 0.017892 0.408350 0.491705 0.092574 0.865827 -0.333210 0.075823 0.939799 0.515252 0.105005 0.850582 -0.323393 0.096601 0.941321 0.540067 0.119344 0.833117 -0.301920 0.118664 0.945919 0.565448 0.139173 0.812957 -0.270673 0.145608 0.951596 -0.911881 0.009518 0.410344 -0.302369 0.021655 0.952945 -0.271851 0.002004 0.962337 -0.906971 -0.003317 0.421181 -0.891016 -0.023492 0.453363 -0.214211 -0.074026 0.973978 -0.160021 -0.263533 0.951285 -0.862836 -0.062399 0.501618 0.597206 0.168712 0.784144 -0.196356 0.222970 0.954845 0.650310 0.197830 0.733458 -0.024909 0.358374 0.933246 0.714292 0.211064 0.667262 0.231494 0.452697 0.861090 -0.834554 -0.127879 0.535879 -0.242982 -0.493870 0.834896 -0.996620 -0.043978 -0.069385 -0.996596 -0.053096 -0.063065 -0.992922 -0.014378 -0.117891 -0.992903 -0.036801 -0.113092 -0.993164 -0.049939 -0.105509 -0.996568 -0.058324 -0.058735 -0.989894 -0.016059 -0.140898 -0.989069 0.019592 -0.146144 -0.991603 -0.041792 -0.122380 -0.995833 -0.057145 -0.071074 
						-0.996903 -0.004667 -0.078500 -0.996883 -0.013039 -0.077808 -0.988712 0.065562 -0.134724 -0.990013 0.050106 -0.131771 -0.991428 0.031503 -0.126798 -0.996873 -0.022272 -0.075822 -0.977387 0.122067 -0.172665 -0.980491 0.105387 -0.165926 -0.984174 0.081506 -0.157346 -0.987172 0.051955 -0.150971 -0.992492 0.009596 -0.121930 -0.996778 -0.032903 -0.073145 -0.995641 -0.080827 -0.046540 -0.993186 -0.081921 -0.082894 -0.991074 -0.078089 -0.108048 -0.995023 -0.078119 -0.061855 -0.990159 -0.084188 -0.111794 -0.986320 -0.079907 -0.144182 -0.983897 -0.075848 -0.161844 -0.989711 -0.074470 -0.122171 -0.982471 -0.073860 -0.171160 -0.988838 -0.072616 -0.130098 -0.994714 -0.075777 -0.069290 -0.994617 -0.075036 -0.071454 -0.994766 -0.075868 -0.068444 -0.988533 -0.073178 -0.132088 -0.988924 -0.074278 -0.128499 -0.994404 -0.078435 -0.070769 -0.982076 -0.075228 -0.172822 -0.984655 -0.077019 -0.156596 -0.992230 -0.081246 -0.094222 0.997094 0.015357 0.074621 0.990132 0.030940 0.136682 0.991152 0.025463 0.130268 0.997364 0.012508 0.071478 0.981349 0.041041 0.187802 0.983567 0.033033 0.177498 0.984178 0.030152 0.174596 0.991329 0.023476 0.129289 0.997379 0.011460 0.071444 0.996688 -0.036285 0.072774 0.989959 -0.058534 0.128665 0.989457 -0.062790 0.130505 0.996500 -0.038295 0.074304 0.983648 -0.092084 0.154778 0.982906 -0.098649 0.155450 0.981785 -0.108230 0.156153 0.988769 -0.069287 0.132419 0.980455 -0.118539 0.157023 0.988054 -0.075253 0.134486 0.996313 -0.039703 0.076051 0.996014 -0.043425 0.077913 0.995519 -0.051671 0.079190 0.986794 -0.088364 0.135753 0.985338 -0.102978 0.136034 0.995170 -0.057316 0.079697 0.978144 -0.136473 0.156871 0.974447 -0.163218 0.154317 0.969438 -0.196411 0.147010 0.982619 -0.128760 0.133722 0.994446 -0.069978 0.078614 -0.995824 -0.077940 -0.047541 -0.995455 -0.076294 -0.056987 -0.994484 -0.093319 -0.047895 
						-0.994125 -0.084443 -0.067705 -0.991434 -0.079314 -0.103766 -0.994490 -0.072729 -0.075495 -0.995744 -0.088542 -0.025562 -0.994503 -0.103835 0.013472 -0.995656 -0.076591 -0.052935 -0.995403 -0.068162 -0.067286 -0.988707 -0.076726 -0.128729 -0.982278 -0.071498 -0.173256 -0.984029 -0.074236 -0.161790 -0.985495 -0.067347 -0.155768 -0.987389 -0.073644 -0.140139 -0.993345 -0.067032 -0.093660 -0.992618 -0.062712 -0.103812 -0.992195 -0.062239 -0.108056 -0.985360 -0.063095 -0.158383 -0.986021 -0.061173 -0.154988 -0.992648 -0.062413 -0.103708 -0.981635 -0.070250 -0.177365 -0.982561 -0.067599 -0.173218 -0.983107 -0.068243 -0.169835 -0.984300 -0.064397 -0.164334 -0.991210 -0.064280 -0.115636 -0.989360 -0.066256 -0.129528 -0.997152 -0.063527 -0.040654 -0.997068 -0.073846 -0.020047 -0.995498 -0.091214 -0.025780 -0.996529 -0.071944 -0.041881 -0.991345 -0.099582 0.085553 -0.990697 -0.116168 0.070880 -0.992433 -0.114042 0.045503 -0.994626 -0.097301 -0.035387 -0.996048 -0.077032 -0.044218 0.997396 -0.068761 -0.021758 0.998009 -0.062263 -0.010040 0.987773 -0.141276 -0.065915 0.990629 -0.128861 -0.045257 0.995099 -0.097214 -0.018097 0.998591 -0.053065 0.000725 0.971372 -0.209052 -0.112846 0.978275 -0.187656 -0.088113 0.990852 -0.127000 -0.045640 0.998598 -0.031995 0.042179 0.998781 -0.039741 0.029280 0.988429 0.023586 0.149838 0.994320 0.004791 0.106326 0.999149 -0.040253 0.009044 0.999553 -0.022600 0.019575 -0.975722 -0.055881 -0.211763 -0.949273 -0.041221 -0.311738 -0.923474 0.084323 -0.374280 -0.967041 0.039702 -0.251505 -0.927809 -0.020383 -0.372497 -0.884767 0.114721 -0.451693 -0.861831 0.229537 -0.452284 -0.917513 0.179397 -0.354946 0.958705 -0.242938 -0.147871 0.982044 -0.163316 -0.094428 -0.968270 0.101700 -0.228278 0.996153 -0.079418 -0.037030 -0.996661 0.029164 -0.076263 -0.983935 0.119340 -0.132774 -0.986384 0.095436 -0.133938 -0.996937 0.013866 -0.076964 
						-0.968593 0.179101 -0.172480 -0.972881 0.152928 -0.173538 -0.975527 0.134040 -0.174298 -0.987660 0.079691 -0.134821 -0.996960 0.004394 -0.077789 0.999362 -0.009939 0.034295 0.988629 0.010608 0.150003 0.986216 -0.002831 0.165436 0.997306 -0.006149 0.073100 0.980747 0.023745 0.193836 0.979529 0.022331 0.200060 0.982849 0.005326 0.184333 0.981360 0.000998 0.192173 0.992804 -0.009599 0.119367 0.992719 -0.011342 0.119914 0.993659 -0.005654 0.112294 0.985645 0.008165 0.168632 0.987403 0.006258 0.158101 0.995148 -0.004589 0.098284 0.983088 0.019015 0.182142 0.985374 0.014434 0.169793 0.986025 0.015641 0.165859 0.984356 0.008534 0.175982 0.985167 -0.010963 0.171246 0.984557 -0.001835 0.175054 0.991074 -0.011720 0.132794 0.989842 -0.002849 0.142145 0.996419 -0.009566 0.084010 0.997067 -0.013453 0.075344 0.997350 -0.017003 0.070739 0.991621 -0.019717 0.127666 0.991500 -0.026462 0.127387 0.997418 -0.020477 0.068837 0.985417 -0.019964 0.168984 0.984502 -0.028899 0.172975 0.980869 -0.040168 0.190481 0.989985 -0.034821 0.136807 0.997092 -0.024878 0.072033 -0.991542 -0.068610 -0.110164 -0.983863 -0.071644 -0.163950 -0.987524 -0.073151 -0.139449 -0.994875 -0.069575 -0.073363 -0.982308 -0.071916 -0.172914 -0.987832 -0.072675 -0.137498 -0.995107 -0.070228 -0.069502 0.996729 -0.004494 0.080691 0.989953 -0.002033 0.141381 0.991338 -0.005327 0.131227 0.997300 -0.006337 0.073163 0.986417 -0.001083 0.164254 0.989922 -0.004910 0.141529 0.996781 -0.007650 0.079809 
					</float_array>
					<technique_common>
						<accessor count="5876" offset="0" source="#meshId0-tangents-array" stride="3">
							<param name="X" type="float" />
							<param name="Y" type="float" />
							<param name="Z" type="float" />
						</accessor>
					</technique_common>
				</source>
				<source id="meshId0-bitangents" name="meshId0-bitangents">
					<float_array id="meshId0-bitangents-array" count="17628"> 
						-0.200672 0.977870 0.059161 -0.189630 0.980579 0.050051 -0.184599 0.981510 0.050603 -0.195279 0.978971 0.059007 -0.174620 0.983880 0.038579 -0.170038 0.984609 0.040410 -0.164310 0.985491 0.042527 -0.178079 0.982661 0.051625 -0.187497 0.980476 0.059261 -0.155172 0.987526 0.026734 -0.150599 0.988119 0.030664 -0.131121 0.991216 0.017262 -0.125994 0.991763 0.023063 -0.121307 0.992198 0.028776 -0.145142 0.988799 0.034800 -0.140356 0.989397 0.037334 -0.158614 0.986371 0.043755 -0.118626 0.992424 0.031978 -0.116273 0.992711 0.031702 -0.135738 0.990039 0.037387 -0.152444 0.987358 0.043419 -0.171263 0.983847 0.052089 -0.178211 0.982268 0.058226 -0.163711 0.985225 0.050296 -0.166335 0.984589 0.054010 -0.208148 0.977032 0.045627 -0.200217 0.979208 0.032628 -0.233487 0.971980 -0.027178 -0.232270 0.970830 -0.059504 -0.222310 0.970622 -0.092035 -0.186168 0.982379 0.016515 -0.322531 0.921753 -0.215280 -0.338940 0.892714 -0.296954 -0.527785 0.757855 -0.383534 -0.565595 0.656766 -0.498759 -0.556243 0.568173 -0.606443 -0.333972 0.867815 -0.367912 -0.307055 0.861021 -0.405414 -0.205543 0.971783 -0.115717 -0.499578 0.525324 -0.688808 -0.394281 0.559140 -0.729318 -0.262927 0.880991 -0.393350 -0.181577 0.975735 -0.122355 -0.167944 0.985796 0.000756 -0.145387 0.989320 -0.010404 -0.211241 0.975149 0.066802 -0.219025 0.974029 0.057413 -0.219975 0.972763 0.073092 -0.230498 0.970715 0.067703 -0.251211 0.967409 0.031826 -0.240184 0.970719 0.004116 -0.225004 0.971321 0.076864 -0.239433 0.967930 0.076052 -0.217463 0.973155 0.075355 -0.231998 0.969479 0.079291 -0.252752 0.963807 0.084804 -0.262247 0.963250 0.058092 -0.311973 0.949860 0.020939 -0.308760 0.949580 -0.054443 -0.280322 0.952457 0.119354 -0.266676 0.947103 0.178551 -0.376665 0.925940 0.027560 -0.426350 0.897360 -0.113892 -0.310098 0.941655 -0.130864 
						-0.475694 0.844225 -0.246983 -0.202877 0.977035 0.065135 -0.193040 0.979104 0.063961 -0.195079 0.978504 0.066891 -0.207979 0.975637 0.069832 -0.181336 0.981482 0.061729 -0.168595 0.983905 0.059214 -0.165288 0.984415 0.060059 -0.180797 0.981456 0.063685 -0.174477 0.982685 0.062352 -0.190023 0.979525 0.066498 -0.159030 0.985550 0.058320 -0.151603 0.986899 0.055194 -0.163233 0.984861 0.058344 -0.176845 0.982264 0.062316 -0.206503 0.975853 0.071183 -0.194473 0.978555 0.067901 -0.014879 0.999775 0.015100 0.038466 0.999260 -0.000371 0.039253 0.999229 0.000399 0.004653 0.999938 0.010159 0.066042 0.997793 -0.006907 0.053862 0.998545 -0.002539 0.035405 0.999367 0.003400 0.025059 0.999673 0.005016 0.006912 0.999927 0.009889 0.059217 0.998240 -0.003117 0.046316 0.998926 0.001340 0.033439 0.999424 0.005765 0.020391 0.999740 0.010230 0.009744 0.999856 0.013907 0.030581 0.999511 0.006504 0.017001 0.999792 0.011266 0.020449 0.999756 0.008374 0.000057 0.999846 0.017531 -0.008506 0.999731 0.021565 0.007832 0.999860 0.014816 0.010739 0.999870 0.012051 0.014457 0.999857 0.008716 0.005688 0.999926 0.010727 0.008205 0.999901 0.011428 0.005400 0.999919 0.011550 -0.045940 0.998928 -0.005706 0.004532 0.999008 -0.044289 -0.037348 0.978907 -0.200865 0.194006 0.796657 -0.572450 0.007029 0.934356 -0.356272 0.066948 0.996424 -0.051543 0.006467 0.979980 -0.198993 0.396167 0.843455 -0.362817 -0.082696 0.981894 -0.170428 0.265523 0.896099 -0.355674 0.580051 0.544071 -0.606241 0.532862 0.594572 -0.602115 0.152165 0.853348 -0.498640 0.090147 0.978317 -0.186466 0.240297 0.541668 -0.805514 -0.021883 0.778620 -0.627115 0.028549 0.951701 -0.305697 0.047762 0.992297 -0.114307 0.078021 0.996130 -0.040458 0.048302 0.998577 -0.022599 -0.067678 0.997205 0.031657 -0.084759 0.995891 0.031883 
						-0.076378 0.996425 0.036119 -0.077364 0.995955 0.045707 -0.070583 0.990779 0.115654 -0.112809 0.992829 0.039555 -0.062369 0.997490 0.033520 -0.056271 0.997166 0.049943 -0.048222 0.998400 0.029546 -0.040944 0.997771 0.052698 -0.012593 0.984100 0.177166 -0.035498 0.988258 0.148612 -0.091119 0.921105 0.378500 -0.148618 0.949508 0.276309 -0.057741 0.884214 0.463499 -0.204421 0.739745 0.641085 -0.221226 0.830350 0.511446 -0.245925 0.902866 0.352639 -0.184729 0.979951 0.074642 -0.236564 0.965082 0.112493 -0.047282 0.998549 0.025780 -0.027210 0.999427 0.020140 -0.045255 0.998624 0.026495 -0.061765 0.997594 0.031497 -0.012837 0.999785 0.016281 -0.002969 0.999899 0.013922 -0.013426 0.999758 0.017398 -0.028344 0.999366 0.021562 -0.034402 0.999118 0.024084 -0.046804 0.998513 0.027937 -0.020324 0.999596 0.019870 -0.021986 0.999552 0.020309 -0.032670 0.999187 0.023612 -0.040625 0.998834 0.026099 -0.055743 0.997966 0.030939 -0.045413 0.998581 0.027820 0.007448 0.999904 0.011661 0.004764 0.999913 0.012270 0.011109 0.999875 0.011251 0.011689 0.999872 0.010941 0.009768 0.999884 0.011720 -0.000915 0.999899 0.014176 0.016131 0.999813 0.010663 0.018725 0.999777 0.009798 0.022131 0.999705 0.010047 0.026185 0.999619 0.008773 0.028742 0.999554 0.008110 0.019439 0.999763 0.009759 0.019007 0.999769 0.010061 0.006951 0.999894 0.012786 0.030255 0.999512 0.007744 0.031485 0.999478 0.007261 0.018661 0.999775 0.010067 0.005157 0.999899 0.013228 -0.006218 0.999852 0.016014 -0.008669 0.999824 0.016636 0.006708 0.999898 0.012646 0.006577 0.999880 0.014049 0.006421 0.999871 0.014721 0.008955 0.999880 0.012641 0.003377 0.999854 0.016771 -0.002993 0.999787 0.020426 -0.000571 0.999796 0.020207 0.003504 0.999844 0.017285 0.005623 0.999837 0.017165 0.009301 0.999850 0.014579 
						0.002263 0.999804 0.019659 0.005051 0.999804 0.019136 0.008859 0.999821 0.016737 0.013380 0.999810 0.014166 0.012975 0.999840 0.012272 0.017905 0.999770 0.011830 0.027344 0.999567 -0.010873 0.027198 0.999465 -0.018164 0.027279 0.999563 -0.011406 0.025974 0.999647 -0.005619 0.025044 0.999085 -0.034673 0.025654 0.999300 -0.027242 0.024711 0.999342 -0.026560 0.026310 0.999615 -0.008789 0.024708 0.999691 -0.002732 0.020381 0.998075 -0.058566 0.020681 0.998315 -0.054219 0.013467 0.995910 -0.089336 0.011146 0.995043 -0.098822 0.009239 0.993991 -0.109068 0.019166 0.998074 -0.059005 0.017821 0.997659 -0.066020 0.023410 0.999285 -0.029701 0.008198 0.992787 -0.119611 0.008137 0.991659 -0.128630 0.017891 0.997182 -0.072854 0.023180 0.999163 -0.033706 0.025182 0.999642 -0.009077 0.023592 0.999720 -0.001664 0.025017 0.999631 -0.010621 0.022451 0.999747 -0.001470 0.028493 0.999420 -0.018661 0.027533 0.999154 -0.030546 0.029967 0.999135 -0.028820 0.026225 0.998527 -0.047494 0.019051 0.996907 -0.076240 0.023361 0.998393 -0.051631 0.031967 0.998643 -0.041110 0.024706 0.997379 -0.067997 0.035065 0.997818 -0.055940 0.023769 0.995521 -0.091505 0.009590 0.990741 -0.135427 0.014110 0.994396 -0.104769 0.000660 0.988556 -0.150853 0.008406 0.993228 -0.115877 -0.006411 0.982536 -0.185964 -0.021694 0.971207 -0.237247 -0.013271 0.979568 -0.200675 -0.003756 0.986852 -0.161581 0.015819 0.996422 -0.083026 0.005486 0.992294 -0.123781 0.025999 0.999633 -0.007587 0.027784 0.999543 -0.011942 0.023325 0.999716 -0.004834 0.026143 0.999631 -0.007419 0.031559 0.999452 -0.009983 0.031488 0.999357 -0.017146 0.020105 0.999795 -0.002489 0.023728 0.999709 -0.004257 0.015523 0.999880 -0.000121 0.020602 0.999786 -0.001965 0.028243 0.999595 -0.003468 0.030428 0.999521 -0.005736 0.039338 0.999206 -0.006376 
						0.038830 0.999172 -0.012140 0.038273 0.999259 -0.004184 0.051077 0.998685 -0.004507 0.050953 0.998678 -0.006841 0.048470 0.998716 -0.014717 0.036493 0.999071 -0.022919 0.043310 0.998610 -0.030051 0.022892 0.999731 -0.003717 0.021256 0.999773 -0.001276 0.017419 0.999848 0.000401 0.019375 0.999811 -0.001839 0.020145 0.999797 0.000179 0.018211 0.999833 0.001301 0.014861 0.999883 0.003731 0.016324 0.999864 0.002182 0.012224 0.999916 0.004374 0.013182 0.999910 0.002319 0.011069 0.999919 0.006224 0.008720 0.999926 0.008445 0.007861 0.999946 0.006804 0.008410 0.999954 0.004539 0.015410 0.999881 0.000107 0.010791 0.999939 0.002238 0.023286 0.999326 -0.028383 0.007035 0.999203 -0.039297 0.009979 0.999309 -0.035806 0.025719 0.999296 -0.027316 -0.009775 0.998832 -0.047318 -0.005888 0.999165 -0.040431 -0.001037 0.999510 -0.031291 0.013815 0.999478 -0.029207 0.027972 0.999342 -0.023076 -0.025918 0.998440 -0.049465 -0.021340 0.998982 -0.039743 -0.034042 0.998448 -0.044085 -0.029462 0.998977 -0.034292 -0.024266 0.999416 -0.024071 -0.015934 0.999452 -0.028997 -0.010210 0.999770 -0.018837 0.003876 0.999760 -0.021569 -0.018371 0.999722 -0.014780 -0.012928 0.999896 -0.006435 -0.004413 0.999942 -0.009830 0.008314 0.999888 -0.012407 0.017200 0.999634 -0.020868 0.027881 0.999473 -0.016619 0.019060 0.999737 -0.012745 0.026829 0.999597 -0.009224 0.027236 0.999617 0.004819 0.011612 0.999928 0.003062 0.066541 0.981821 0.177764 0.070295 0.964914 0.252983 0.087854 0.926364 0.366239 -0.002894 0.999980 0.005564 0.275061 0.830629 0.484145 0.355058 0.696642 0.623397 0.493433 0.668006 0.557038 0.552111 0.503830 0.664326 0.572308 0.324014 0.753312 0.432253 0.505404 0.746809 0.459467 0.300786 0.835714 0.116716 0.861711 0.493794 0.538818 0.159172 0.827248 0.453338 0.041990 0.890349 
						0.413822 0.153050 0.897400 0.140169 0.800437 0.582798 -0.015591 0.999760 0.015408 -0.019070 0.999382 0.029517 0.041773 0.998967 -0.017887 0.046280 0.998897 0.007920 0.060101 0.998143 -0.009930 0.067933 0.997648 0.009132 0.095347 0.990485 0.099243 0.075046 0.988427 0.131833 0.074553 0.997207 -0.004437 0.087711 0.996111 0.008338 0.074588 0.997214 -0.000225 0.097955 0.995177 0.005314 0.147855 0.988702 0.024630 0.119397 0.990375 0.070018 0.217694 0.963961 0.152932 0.213558 0.942510 0.257036 0.206409 0.978461 -0.002964 0.194470 0.979744 -0.047781 0.304647 0.941914 0.141377 0.365818 0.882179 0.296542 0.225932 0.904626 0.361394 0.426232 0.796437 0.428968 0.042179 0.998956 -0.017567 0.039960 0.999096 -0.014493 0.047682 0.998844 -0.006026 0.055390 0.998426 -0.008794 0.035232 0.999335 -0.009434 0.030607 0.999523 -0.004183 0.030757 0.999526 0.001469 0.038792 0.999244 -0.002402 0.036957 0.999309 0.003885 0.049519 0.998773 0.000868 0.026339 0.999629 0.006906 0.015793 0.999815 0.010937 0.026986 0.999601 0.008359 0.041406 0.999126 0.005623 0.062642 0.998034 -0.001953 0.057238 0.998357 0.002860 -0.138689 0.982793 -0.122001 -0.147779 0.974754 -0.167381 -0.159957 0.977205 -0.139589 -0.152094 0.983440 -0.098556 -0.147665 0.973686 -0.173579 -0.159424 0.976785 -0.143089 -0.166792 0.979560 -0.112437 -0.168140 0.979365 -0.112131 -0.161575 0.983932 -0.075968 -0.138388 0.981543 -0.131994 -0.149124 0.983816 -0.099340 -0.112880 0.993594 0.005474 -0.121528 0.991772 0.040230 -0.127279 0.988823 0.077641 -0.155673 0.985625 -0.065651 -0.157773 0.986974 -0.031459 -0.169316 0.982087 -0.082684 -0.129907 0.984460 0.118159 -0.129670 0.978068 0.162999 -0.155314 0.987860 0.003345 -0.166659 0.984516 -0.054349 -0.171445 0.981394 -0.086440 -0.166404 0.984486 -0.055656 -0.169237 0.983535 -0.063393 
						-0.165424 0.985464 -0.038671 -0.122966 0.981840 -0.144463 -0.131132 0.972138 -0.194300 -0.106039 0.980720 -0.164144 -0.111636 0.969574 -0.217861 -0.111830 0.967176 -0.228177 -0.131561 0.970352 -0.202753 -0.084999 0.980034 -0.179748 -0.089373 0.967666 -0.235869 -0.062419 0.980001 -0.188949 -0.062238 0.967256 -0.246052 -0.062347 0.964224 -0.257653 -0.089088 0.964829 -0.247324 -0.085103 0.974324 -0.208448 -0.106049 0.976241 -0.188965 -0.062192 0.973866 -0.218442 -0.061528 0.994816 -0.080965 -0.075517 0.994557 -0.071792 -0.089460 0.994591 -0.052776 -0.123804 0.978882 -0.162671 -0.101735 0.994464 -0.026303 -0.126755 0.990079 -0.060632 -0.112462 0.990677 -0.076888 -0.119114 0.992793 -0.013165 -0.105005 0.994176 -0.024263 -0.090197 0.995272 -0.036036 -0.097125 0.991019 -0.091918 -0.115697 0.993109 0.018650 -0.100292 0.994902 0.010573 -0.098744 0.994817 0.024270 -0.083973 0.996388 0.012641 -0.085788 0.996313 0.000028 -0.074417 0.997166 -0.011071 -0.076253 0.995983 -0.046944 -0.074017 0.997257 -0.000686 -0.065250 0.997816 -0.010261 -0.064666 0.997719 -0.019345 -0.063820 0.996457 -0.054778 -0.079798 0.991320 -0.104488 -0.063016 0.991632 -0.112671 -0.141341 0.989008 -0.043424 -0.152351 0.987957 -0.027032 -0.147864 0.988958 0.009923 -0.135114 0.990829 -0.001485 -0.158813 0.987225 -0.012831 -0.159186 0.987246 -0.002322 -0.156919 0.987291 0.025164 -0.155784 0.987597 0.019588 -0.157356 0.986695 0.040897 -0.147955 0.988415 0.033853 -0.158627 0.986370 0.043727 -0.133216 0.990740 0.026232 -0.191880 0.978628 0.073951 -0.201152 0.976512 0.077215 -0.175359 0.981859 0.072133 -0.161716 0.984519 0.067599 -0.215042 0.973100 0.082658 -0.188980 0.978945 0.077162 -0.152494 0.985920 0.068608 -0.139523 0.988153 0.063922 -0.126589 0.990178 0.059349 -0.226735 0.969908 0.088713 -0.200231 0.976294 0.082204 -0.235243 0.967233 0.095502 
						-0.207612 0.974309 0.087288 -0.172439 0.982019 0.076831 -0.163821 0.983789 0.072957 -0.120566 0.990760 0.062123 -0.111644 0.992019 0.058600 -0.127782 0.989671 0.064983 -0.072831 0.996019 0.051396 -0.073263 0.996048 0.050214 -0.070312 0.996369 0.048014 -0.101618 0.993322 0.054643 -0.091128 0.994559 0.050474 -0.065281 0.996843 0.045191 -0.058334 0.997422 0.041794 -0.215523 0.973378 0.078004 -0.231693 0.969240 0.083012 -0.232719 0.969255 0.079912 -0.249242 0.964711 0.084917 -0.263551 0.960360 0.090830 -0.245388 0.965358 0.088704 -0.239973 0.967557 0.079030 -0.256833 0.962805 0.083924 -0.238091 0.968284 0.075754 -0.257314 0.962942 0.080817 -0.273921 0.957861 0.086428 -0.272030 0.958091 0.089785 -0.286766 0.953084 0.096937 -0.276581 0.955982 0.097988 -0.290778 0.952240 0.093211 -0.307534 0.946161 0.101004 -0.300807 0.947862 0.105227 -0.287876 0.951755 0.106259 -0.257007 0.961692 0.095370 -0.265767 0.958522 0.102972 -0.181743 0.980790 0.070860 -0.201639 0.976652 0.074107 -0.165984 0.983902 0.066225 -0.186158 0.980045 0.069692 -0.203585 0.976409 0.071957 -0.218681 0.972823 0.076117 -0.150847 0.986633 0.061644 -0.171155 0.983080 0.065259 -0.136663 0.988967 0.057163 -0.157028 0.985716 0.060878 -0.174694 0.982571 0.063532 -0.188853 0.979665 0.067756 -0.197353 0.977988 0.067755 -0.211366 0.974785 0.071549 -0.184048 0.980832 0.063997 -0.183893 0.980978 0.062166 -0.195040 0.978629 0.065144 -0.207437 0.975861 0.068303 -0.225966 0.971214 0.075387 -0.221132 0.972605 0.071689 -0.144849 0.987482 0.062429 -0.110628 0.992392 0.054035 -0.095875 0.994181 0.049108 -0.129531 0.989896 0.057685 -0.077004 0.996001 0.045300 -0.048815 0.998097 0.037688 -0.038616 0.998694 0.033453 -0.063966 0.997130 0.040495 -0.049855 0.998129 0.035410 -0.081318 0.995704 0.044278 -0.026154 0.999251 0.028526 
						-0.035193 0.998930 0.029995 -0.068168 0.996880 0.039800 -0.114897 0.991958 0.053088 -0.101604 0.993629 0.048769 -0.124024 0.990866 0.052937 -0.143902 0.987970 0.056627 -0.112458 0.992453 0.048892 -0.131230 0.989963 0.052468 -0.147957 0.987443 0.055356 -0.161189 0.985135 0.059387 -0.101486 0.993822 0.044929 -0.118635 0.991757 0.048404 -0.090747 0.995028 0.041033 -0.106108 0.993353 0.044609 -0.120835 0.991503 0.048180 -0.134770 0.989534 0.051573 -0.146824 0.987681 0.054112 -0.159138 0.985601 0.057140 -0.133287 0.989732 0.051624 -0.146578 0.987712 0.054215 -0.155315 0.986282 0.055909 -0.164340 0.984723 0.057563 -0.171427 0.983342 0.060428 -0.173780 0.982981 0.059581 -0.090526 0.994881 0.044905 -0.057708 0.997685 0.035965 -0.049700 0.998227 0.032758 -0.080659 0.995890 0.041207 -0.025676 0.999331 0.026046 -0.018804 0.999552 0.023286 -0.011160 0.999732 0.020295 -0.042704 0.998646 0.029711 -0.002940 0.999851 0.016983 -0.035386 0.999024 0.026420 -0.071785 0.996710 0.037617 -0.063212 0.997420 0.034010 0.020442 0.999741 0.010025 0.007546 0.999867 0.014458 0.023749 0.999701 0.005795 0.018196 0.999779 0.010507 0.016076 0.999771 0.014129 0.006276 0.999794 0.019312 0.024053 0.999708 0.002117 0.022016 0.999757 -0.000527 0.016841 0.999831 0.007406 0.018086 0.999803 0.008185 0.013690 0.999820 0.013169 0.013957 0.999793 0.014833 0.013449 0.999821 0.013317 0.010184 0.999815 0.016344 0.010037 0.999827 0.015639 0.010006 0.999805 0.017031 0.013210 0.999748 0.018176 0.009781 0.999660 0.024174 0.010423 0.999737 0.020424 0.011168 0.999575 0.026939 0.000227 0.999894 0.014522 0.002788 0.999911 0.013075 -0.021696 0.999565 0.019959 -0.026439 0.999458 0.019600 -0.023444 0.999537 0.019383 0.015127 0.999827 0.010829 -0.051297 0.998313 0.027215 -0.058068 0.997938 0.027340 
						-0.073663 0.996708 0.033855 -0.089780 0.995281 0.036825 -0.124500 0.991262 0.043589 -0.074936 0.996705 0.031032 -0.107268 0.993491 0.038326 -0.017059 0.999664 0.019540 -0.176713 0.982772 0.054153 -0.240425 0.968321 0.067454 -0.175542 0.983042 0.053050 -0.039316 0.998905 0.025354 0.032906 0.999425 0.008231 0.042228 0.999081 0.007281 -0.006375 0.999802 0.018847 -0.005492 0.999684 0.024513 -0.017777 0.999518 0.025460 -0.021303 0.999499 0.023387 0.011755 0.999438 0.031398 0.004622 0.999571 0.028938 0.012037 0.999566 0.026878 -0.001125 0.999665 0.025853 0.012364 0.999811 0.014980 -0.006176 0.999849 0.016228 -0.004817 0.999797 0.019558 0.012201 0.999748 0.018854 -0.027446 0.999401 0.021094 -0.024674 0.999431 0.022979 -0.086110 0.995624 0.036316 -0.083677 0.995815 0.036756 -0.050297 0.998323 0.028671 -0.053561 0.998168 0.028143 -0.080013 0.996100 0.037173 -0.046291 0.998492 0.029508 -0.049385 0.998332 0.029921 -0.076579 0.996388 0.036702 -0.003920 0.983167 -0.182668 -0.003680 0.981127 -0.193330 -0.003580 0.985569 -0.169238 -0.016475 0.974003 -0.225935 -0.016256 0.969803 -0.243348 -0.014556 0.966461 -0.256399 -0.001330 0.988222 -0.153024 -0.012878 0.979667 -0.200218 -0.023743 0.969594 -0.243563 -0.028121 0.961115 -0.274714 -0.033028 0.958986 -0.281524 -0.038129 0.948136 -0.315569 -0.027714 0.954545 -0.296774 -0.024722 0.949380 -0.313157 -0.037774 0.939239 -0.341179 -0.033650 0.931885 -0.361190 0.008251 0.990763 -0.135352 0.015689 0.996893 -0.077191 0.008565 0.990133 -0.139868 0.014147 0.996716 -0.079733 0.017671 0.999178 -0.036481 0.020279 0.999153 -0.035803 0.008621 0.989793 -0.142252 0.011599 0.996679 -0.080606 0.007506 0.989761 -0.142540 0.007699 0.996741 -0.080296 0.007875 0.999350 -0.035188 0.013438 0.999261 -0.036006 0.014101 0.999864 -0.008540 0.018984 0.999770 -0.010023 
						0.008074 0.999940 -0.007363 0.008228 0.999956 0.004526 0.013914 0.999898 0.003129 0.018409 0.999830 0.001015 0.022008 0.999699 -0.010846 0.021223 0.999774 -0.000803 -0.000903 0.979331 -0.202263 -0.010170 0.963468 -0.267630 -0.005085 0.960914 -0.276802 0.001857 0.977936 -0.208898 -0.018890 0.944708 -0.327368 -0.026585 0.925040 -0.378939 -0.017355 0.918773 -0.394406 -0.011612 0.940515 -0.339554 -0.002474 0.937479 -0.348032 0.001133 0.959131 -0.282960 -0.005627 0.914192 -0.405243 0.007056 0.912552 -0.408899 0.007143 0.936427 -0.350790 0.007240 0.958560 -0.284800 0.004980 0.977043 -0.212985 0.007346 0.976812 -0.213975 -0.083176 0.996230 0.024636 -0.096922 0.994875 0.028820 -0.084461 0.996190 -0.021738 -0.096932 0.995153 -0.016598 -0.108083 0.994048 -0.013659 -0.109664 0.993428 0.032780 -0.101341 0.987734 -0.118795 -0.112642 0.987184 -0.113043 -0.152600 0.932340 -0.327802 -0.161251 0.932483 -0.323223 -0.169435 0.927336 -0.333677 -0.123094 0.985788 -0.114319 -0.132200 0.983313 -0.124977 -0.116982 0.993033 -0.014162 -0.177679 0.914543 -0.363376 -0.188413 0.887711 -0.420083 -0.141098 0.978463 -0.150672 -0.123427 0.992120 -0.021549 -0.120367 0.992061 0.036433 -0.127090 0.991198 0.037071 -0.057642 0.998193 0.016998 -0.031101 0.999484 0.008030 -0.037154 0.998200 -0.047088 -0.061232 0.997607 -0.032103 0.002163 0.999989 -0.004256 -0.004802 0.997452 -0.071172 -0.033119 0.977197 -0.209734 -0.061776 0.984967 -0.161317 -0.107920 0.873681 -0.474378 -0.129867 0.910295 -0.393062 -0.081358 0.987614 -0.134159 -0.140905 0.926652 -0.348514 -0.098760 0.994848 0.022897 -0.098165 0.995018 0.017390 -0.080046 0.996756 -0.008366 -0.082978 0.996528 0.006794 -0.104266 0.994497 0.010183 -0.099907 0.994893 0.014370 -0.081771 0.996635 0.005619 -0.080488 0.996745 0.004560 -0.059702 0.998212 0.002777 -0.062383 0.998025 -0.007344 
						-0.068987 0.997609 -0.004215 -0.067970 0.997683 0.002910 -0.069843 0.995612 -0.062275 -0.074602 0.996019 -0.048790 -0.065950 0.987138 -0.145631 -0.066200 0.990770 -0.118288 -0.072910 0.992909 -0.093890 -0.071671 0.990007 -0.121445 -0.066153 0.995623 -0.066017 -0.074305 0.996132 -0.046912 -0.074543 0.997133 -0.012987 -0.065698 0.997510 -0.025652 -0.698532 0.611169 -0.372191 -0.708909 0.595214 -0.378374 -0.620955 0.747103 -0.237175 -0.609889 0.751706 -0.250947 -0.699816 0.602078 -0.384394 -0.615544 0.749934 -0.242290 -0.509569 0.854627 -0.099763 -0.507835 0.856238 -0.094651 -0.497745 0.859932 -0.112987 -0.655858 0.644041 -0.393779 -0.580124 0.774470 -0.252295 -0.490872 0.864106 -0.111200 -0.393038 0.918521 0.042893 -0.388927 0.919197 0.061751 -0.252244 0.945269 0.206977 -0.232483 0.942989 0.238167 -0.376095 0.924053 0.068403 -0.366910 0.929580 0.035477 -0.209177 0.944109 0.254762 -0.191100 0.950495 0.245030 -0.744454 0.451099 -0.492238 -0.751974 0.431435 -0.498396 -0.736699 0.293469 -0.609221 -0.739405 0.272681 -0.615570 -0.718903 0.286948 -0.633118 -0.737980 0.439727 -0.511884 -0.681862 0.155269 -0.714812 -0.677541 0.136189 -0.722766 -0.592976 0.052058 -0.803535 -0.558650 0.034995 -0.828665 -0.518984 0.087497 -0.850294 -0.648627 0.163202 -0.743403 -0.593286 0.269853 -0.758414 -0.666472 0.363861 -0.650707 -0.462764 0.243520 -0.852377 -0.688236 0.496836 -0.528663 -0.685843 0.639378 -0.347585 -0.734164 0.479121 -0.481089 -0.297522 0.568716 0.766839 -0.292097 0.603226 0.742157 -0.262727 0.452960 0.851940 -0.264777 0.415199 0.870347 -0.197939 0.311508 0.929399 -0.183825 0.272097 0.944548 -0.742603 0.334732 -0.580082 -0.275048 0.658654 0.700374 -0.253337 0.520149 0.815638 -0.185247 0.625561 0.757864 -0.155163 0.497934 0.853221 -0.202615 0.380163 0.902454 -0.124963 0.241639 0.962286 -0.106485 0.185021 0.976948 
						-0.107766 0.351324 0.930031 -0.038267 0.190494 0.980942 -0.032511 0.114812 0.992855 -0.007710 0.082140 0.996591 -0.710663 0.204273 -0.673224 -0.075472 0.153375 0.985282 0.031194 0.067372 0.997240 -0.641468 0.098910 -0.760746 -0.592866 0.773681 -0.223444 -0.476880 0.874664 -0.086877 -0.299983 0.705065 0.642568 -0.297536 0.817199 0.493617 -0.294565 0.842191 0.451604 -0.295977 0.735180 0.609843 -0.342351 0.937598 0.060884 -0.175832 0.959856 0.218538 -0.281216 0.912868 0.295957 -0.221702 0.974993 -0.015400 -0.195368 0.979439 -0.050298 -0.278097 0.932335 0.231113 -0.266341 0.950332 0.161030 -0.282781 0.871164 0.401383 -0.155885 0.979469 -0.127831 -0.277792 0.775095 0.567503 0.291341 0.605376 -0.740702 0.267987 0.454770 -0.849333 0.239715 0.405827 -0.881953 0.288549 0.571103 -0.768492 0.199082 0.297722 -0.933664 0.159942 0.257453 -0.952962 0.619760 0.458263 0.637097 0.607591 0.323006 0.725604 0.595847 0.297791 0.745846 0.610382 0.441585 0.657600 0.588947 0.591423 0.550781 0.583065 0.588761 0.559817 0.095649 0.151368 -0.983839 0.048857 0.127083 -0.990688 -0.036728 0.031242 -0.998837 -0.085873 0.025958 -0.995968 0.559832 0.206447 0.802476 0.481411 0.116978 0.868654 0.458003 0.082243 0.885138 0.543357 0.174122 0.821245 0.541501 0.158535 0.825617 0.591700 0.296400 0.749692 0.451658 0.058137 0.890295 0.598201 0.453345 0.660783 0.562514 0.609199 0.558977 0.272245 0.680346 -0.680449 0.247253 0.546699 -0.799991 0.173865 0.802085 -0.571342 0.132062 0.720934 -0.680304 0.090686 0.618513 -0.780524 0.194134 0.401559 -0.895021 0.040140 0.926858 -0.373260 -0.011473 0.901475 -0.432680 -0.017024 0.987729 -0.155247 -0.052307 0.983171 -0.175038 -0.078533 0.971015 -0.225750 -0.043228 0.856255 -0.514742 -0.065720 0.776616 -0.626537 0.045352 0.484961 -0.873359 -0.100114 0.945768 -0.309030 
						-0.124033 0.902543 -0.412349 -0.095446 0.658296 -0.746683 -0.022912 0.331345 -0.943231 0.113161 0.249911 -0.961634 0.000607 0.109258 -0.994013 0.283806 0.734490 -0.616424 0.271752 0.793194 -0.544972 0.268799 0.846703 -0.459174 0.260122 0.887844 -0.379566 0.204081 0.928081 -0.311474 0.194234 0.867933 -0.457128 0.231013 0.936775 -0.262840 0.226234 0.958892 -0.171300 0.139089 0.990272 -0.004067 0.134692 0.987973 0.075939 0.112100 0.992420 0.050353 0.187785 0.972428 -0.138274 0.119166 0.986444 -0.112815 0.116175 0.968065 -0.222158 0.064836 0.997861 0.008367 -0.003356 0.999977 -0.005913 0.041211 0.997067 -0.064493 0.042713 0.993113 -0.109096 0.082124 0.946055 -0.313426 0.015386 0.989891 -0.140990 0.298132 0.718066 -0.628887 0.525580 0.733084 0.431687 0.530237 0.725682 0.438445 0.441535 0.847057 0.295875 0.444486 0.840049 0.311046 0.286934 0.837642 -0.464784 0.501013 0.750194 0.431504 0.423060 0.855976 0.297195 0.326654 0.934859 0.139057 0.330758 0.932782 0.143233 0.175863 0.981425 -0.076656 0.161534 0.984113 -0.073678 0.251155 0.933260 -0.256803 0.329543 0.927359 0.177221 0.155394 0.987745 -0.014609 0.164166 0.985619 0.040055 0.037373 0.995859 -0.082870 0.021104 0.991575 -0.127806 0.035413 0.990870 -0.130085 0.012362 0.982232 -0.187263 -0.010793 0.969354 -0.245430 0.002936 0.983995 -0.178173 0.022264 0.978323 -0.205885 -0.010373 0.959565 -0.281297 -0.026969 0.938568 -0.344040 -0.074585 0.890229 -0.449366 -0.111693 0.835556 -0.537933 -0.039747 0.935409 -0.351327 -0.065993 0.907039 -0.415844 -0.032781 0.952402 -0.303077 -0.143227 0.777417 -0.612462 -0.167079 0.720566 -0.672955 -0.086958 0.877552 -0.471530 -0.051293 0.933291 -0.355440 -0.015752 0.972600 -0.231951 -0.032511 0.958411 -0.283534 0.050698 0.997603 -0.047088 0.059687 0.997908 -0.024858 0.071468 0.996333 -0.047030 
						0.056586 0.995172 -0.080192 0.064601 0.997828 -0.012921 0.066133 0.997768 -0.009272 0.082361 0.996375 -0.021295 0.080742 0.996336 -0.028196 0.096354 0.993977 -0.052210 0.082656 0.993067 -0.083587 0.096838 0.994522 -0.039351 0.105702 0.991935 -0.069944 0.103029 0.990264 -0.093612 0.077184 0.985822 -0.148988 0.056697 0.989318 -0.134292 0.031082 0.971816 -0.233684 0.171699 0.004066 0.985141 0.147994 0.110988 0.982741 0.154542 0.089520 0.983922 0.182231 0.004850 0.983244 0.071748 0.406415 0.910867 0.074309 0.342275 0.936657 0.050485 0.259616 0.964391 0.127452 0.058972 0.990090 0.158026 -0.002867 0.987431 -0.052687 0.747869 0.661753 -0.060498 0.686147 0.724943 -0.158977 0.918364 0.362401 -0.184267 0.893917 0.408604 -0.223622 0.850208 0.476592 -0.084214 0.589769 0.803169 -0.166199 0.456933 0.873837 -0.048634 0.162536 0.985503 -0.290411 0.778712 0.556119 -0.351037 0.719995 0.598649 -0.331495 0.350812 0.875810 -0.287276 0.095388 0.953086 0.027208 0.015551 0.999509 0.072495 -0.024371 0.997071 -0.231878 -0.016018 0.972613 -0.139022 -0.041724 0.989410 0.142476 0.001523 0.989797 0.123202 0.124551 0.984535 0.103215 0.000094 0.994659 0.093233 0.130721 0.987026 0.048294 0.470228 0.881223 0.058502 0.448575 0.891829 0.055606 0.001434 0.998452 0.057127 0.130783 0.989764 0.003104 0.008941 0.999955 0.016325 0.129144 0.991491 0.031226 0.462436 0.886103 0.039328 0.473853 0.879726 -0.034662 0.807750 0.588505 -0.046869 0.801254 0.596485 -0.013893 0.803686 0.594892 -0.088492 0.946164 0.311355 -0.115619 0.943181 0.311514 -0.134548 0.938056 0.319293 -0.052995 0.782771 0.620050 -0.149154 0.930139 0.335551 0.186866 -0.065985 0.980167 0.157383 -0.082502 0.984085 -0.170216 0.069094 -0.982981 -0.197640 0.271017 -0.942066 -0.240043 0.311669 -0.919370 -0.226450 0.074153 -0.971196 
						-0.280112 0.340455 -0.897568 -0.286411 0.083016 -0.954504 0.113238 -0.091300 0.989364 -0.220367 0.602973 -0.766721 -0.232568 0.664191 -0.710466 -0.241596 0.698810 -0.673272 -0.249217 0.715097 -0.653091 -0.318638 0.360912 -0.876477 -0.256331 0.718485 -0.646587 -0.354942 0.377946 -0.855086 0.058867 -0.090008 0.994200 -0.348049 0.100101 -0.932117 -0.406788 0.129695 -0.904269 -0.001291 -0.076433 0.997074 0.197028 -0.047052 0.979268 0.170537 -0.037229 0.984648 -0.132139 0.062414 -0.989264 -0.133098 0.046764 -0.989999 -0.164854 0.151450 -0.974621 -0.165694 0.217434 -0.961909 0.087383 -0.042237 0.995279 -0.049509 -0.039706 0.997984 -0.196186 0.017668 -0.980408 -0.404668 -0.010345 -0.914405 -0.465548 0.003799 -0.885014 -0.232959 0.072131 -0.969808 -0.293976 0.202165 -0.934188 -0.218435 0.372411 -0.901996 -0.548978 0.049148 -0.834391 -0.605035 0.191586 -0.772805 -0.351131 0.499372 -0.792044 -0.251416 0.720540 -0.646230 -0.211508 0.506787 -0.835722 -0.211149 0.832496 -0.512217 -0.085845 0.995659 0.035957 -0.119051 0.991922 0.043778 -0.121568 0.991575 0.044715 -0.083781 0.995836 0.035930 -0.116112 0.992285 0.043466 -0.144906 0.988148 0.050662 -0.147123 0.987803 0.051000 -0.150660 0.987212 0.052095 -0.081768 0.995988 0.036361 -0.114598 0.992446 0.043800 -0.080405 0.996065 0.037279 -0.114842 0.992374 0.044772 -0.148040 0.987603 0.052191 -0.145315 0.988069 0.051031 -0.165770 0.984546 0.056474 -0.161270 0.985340 0.055653 -0.171936 0.983393 0.058107 -0.158713 0.985759 0.055573 -0.158989 0.985673 0.056320 -0.053393 0.998185 0.027869 -0.027787 0.999401 0.020626 -0.027040 0.999421 0.020656 -0.052134 0.998247 0.028024 -0.006492 0.999860 0.015429 0.012614 0.999822 0.014044 0.012974 0.999821 0.013760 -0.006007 0.999866 0.015227 -0.005064 0.999866 0.015567 -0.025614 0.999448 0.021141 0.013454 0.999811 0.014051 
						0.014035 0.999791 0.014861 -0.003870 0.999858 0.016406 -0.023944 0.999469 0.022083 -0.050352 0.998323 0.028576 -0.048638 0.998379 0.029563 -0.122703 0.991379 0.045944 -0.155294 0.986390 0.054026 -0.158060 0.985913 0.054703 -0.119925 0.991707 0.046204 -0.168288 0.983997 0.058564 -0.164091 0.984759 0.057646 -0.189784 0.979852 0.062228 -0.182990 0.981229 0.060866 -0.193958 0.979141 0.060530 -0.152588 0.986915 0.052117 -0.224597 0.972156 0.066854 -0.111410 0.992793 0.044167 -0.080113 0.996045 0.038419 -0.117223 0.992032 0.046171 -0.080939 0.995936 0.039496 -0.122115 0.991364 0.047812 -0.160348 0.985479 0.055857 -0.153270 0.986712 0.053918 -0.083727 0.995658 0.040685 -0.128495 0.990471 0.049552 -0.088835 0.995157 0.042077 -0.135543 0.989443 0.051284 -0.180811 0.981645 0.060669 -0.169114 0.983887 0.058020 -0.201805 0.977225 0.065622 -0.189659 0.979843 0.062740 -0.215679 0.974035 0.068841 -0.179795 0.981856 0.060266 -0.047341 0.998407 0.030684 -0.022365 0.999481 0.023184 -0.021007 0.999488 0.024150 -0.046543 0.998415 0.031640 -0.002632 0.999844 0.017458 0.014696 0.999765 0.015910 0.015436 0.999738 0.016921 -0.001437 0.999829 0.018437 -0.000356 0.999812 0.019367 -0.020020 0.999487 0.025016 0.016257 0.999707 0.017910 0.017073 0.999676 0.018889 0.000390 0.999794 0.020266 -0.019869 0.999469 0.025844 -0.046425 0.998394 0.032481 -0.048638 0.998255 0.033484 -0.020040 0.999625 0.018667 -0.028177 0.999385 0.020870 -0.016583 0.999743 0.015465 -0.023750 0.999582 0.016513 -0.029700 0.999415 0.016987 -0.034319 0.999162 0.022322 -0.012723 0.999853 0.011464 -0.019982 0.999737 0.011280 -0.009020 0.999932 0.007400 -0.019514 0.999787 0.006741 -0.025840 0.999654 0.004887 -0.026363 0.999593 0.010860 -0.031071 0.999465 0.010204 -0.034064 0.999268 0.017409 -0.030722 0.999524 0.002887 
						-0.033876 0.999424 0.001918 -0.033948 0.999366 0.010688 -0.036618 0.999153 0.018783 -0.038441 0.998986 0.023436 -0.040654 0.998859 0.025070 -0.008271 0.999843 0.015662 0.005026 0.999909 0.012524 0.006620 0.999921 0.010657 -0.006118 0.999892 0.013386 0.019088 0.999775 0.009287 0.033001 0.999435 0.006295 0.035199 0.999369 0.004695 0.020725 0.999757 0.007580 0.023375 0.999713 0.005203 0.009447 0.999924 0.007970 0.038038 0.999273 0.002607 0.040847 0.999165 0.000337 0.026665 0.999641 0.002471 0.013298 0.999900 0.004849 -0.003120 0.999942 0.010295 0.001490 0.999975 0.006901 -0.244556 0.965449 0.090003 -0.249737 0.964552 0.085271 -0.299764 0.949110 0.096603 -0.285674 0.953240 0.098614 -0.260973 0.963557 0.058750 -0.317876 0.945368 0.072351 -0.367486 0.926345 0.082698 -0.342057 0.933883 0.104211 -0.321688 0.941077 0.104362 -0.278649 0.960370 -0.006629 -0.344438 0.938751 0.010489 -0.315251 0.934763 -0.163816 -0.389220 0.910151 -0.141893 -0.451157 0.884168 -0.121260 -0.401751 0.915408 0.025005 -0.436609 0.899085 0.031916 -0.400097 0.912349 0.086841 -0.484286 0.867988 -0.109834 -0.492340 0.863666 -0.108081 -0.448118 0.893453 0.030519 -0.413012 0.906831 0.084141 -0.370517 0.922691 0.106576 -0.345213 0.932561 0.105632 -0.381445 0.918620 0.103139 -0.350249 0.931139 0.101514 -0.202367 0.976055 0.079777 -0.205994 0.975723 0.074369 -0.166307 0.983554 0.070456 -0.167553 0.983734 0.064755 -0.168728 0.984853 0.039950 -0.210532 0.976463 0.046865 -0.138840 0.988298 0.063168 -0.140138 0.988386 0.058769 -0.122932 0.990677 0.058717 -0.123854 0.990710 0.056151 -0.120522 0.991738 0.043924 -0.138798 0.989521 0.039787 -0.137771 0.990464 0.000001 -0.174996 0.984437 -0.016142 -0.111984 0.993436 0.023347 -0.077513 0.996990 0.001550 -0.143520 0.986581 -0.077851 -0.207126 0.967382 -0.145842 
						-0.220318 0.975257 -0.018249 -0.253953 0.951979 -0.171010 -0.239572 0.967067 0.085952 -0.195303 0.977808 0.075819 -0.228795 0.970074 0.081294 -0.184624 0.980202 0.071533 -0.148496 0.986918 0.062778 -0.159537 0.984915 0.067005 -0.216183 0.973306 0.077076 -0.172187 0.982754 0.067429 -0.202626 0.976485 0.073612 -0.158710 0.985265 0.063755 -0.117215 0.991666 0.053479 -0.133991 0.989277 0.058122 -0.103142 0.993430 0.049585 -0.121003 0.991101 0.055475 -0.078440 0.996015 0.042440 -0.057458 0.997748 0.034601 -0.088002 0.995127 0.044476 -0.106398 0.993011 0.051070 -0.132386 0.989385 0.059922 -0.117513 0.991508 0.055699 -0.275649 0.956778 0.092698 -0.308008 0.946392 0.097325 -0.292755 0.951826 0.091221 -0.262887 0.960875 0.087232 -0.327897 0.939614 0.098027 -0.324222 0.941414 0.092842 -0.305110 0.948330 0.087049 -0.310441 0.946144 0.091856 -0.296253 0.951042 0.088048 -0.278411 0.956521 0.086920 -0.291600 0.952855 0.083885 -0.286024 0.954538 0.083950 -0.283662 0.954950 0.087217 -0.263551 0.960933 0.084553 -0.248917 0.964985 0.082725 -0.234118 0.968952 0.079498 -0.185650 0.981005 0.056236 -0.222688 0.971676 0.079093 -0.278938 0.956156 0.089215 -0.225821 0.971918 0.066182 -0.271663 0.951011 0.147571 -0.325896 0.933597 0.148960 -0.320942 0.936665 0.140193 -0.301252 0.948922 0.093780 -0.258724 0.963058 0.074714 -0.335063 0.893587 0.298724 -0.345284 0.895705 0.280165 -0.301164 0.921650 0.244666 -0.256741 0.942468 0.214096 -0.293431 0.947048 0.130379 -0.221302 0.955718 0.193979 -0.261029 0.957383 0.123622 -0.299258 0.949562 0.093686 -0.277180 0.957479 0.080032 -0.284019 0.954171 0.094294 -0.150117 0.987785 0.041772 -0.167934 0.983822 0.062383 -0.115633 0.993233 0.010824 -0.124699 0.991839 0.026569 -0.127749 0.989380 0.069340 -0.185999 0.973899 0.130095 -0.071536 0.995576 -0.060910 
						-0.071015 0.995831 -0.057244 -0.093999 0.995297 -0.023410 -0.091074 0.995280 -0.033518 -0.069600 0.997500 -0.012221 -0.091597 0.995727 0.011716 -0.065405 0.997763 0.013829 -0.072492 0.997229 0.016701 -0.082083 0.996300 0.025470 -0.067383 0.997590 0.016567 -0.076726 0.996944 0.014674 -0.102819 0.993877 0.040464 -0.093352 0.988962 0.115061 -0.104080 0.992545 0.063412 -0.055789 0.998429 0.005250 -0.230278 0.911614 0.340486 -0.164400 0.971880 0.168589 -0.249880 0.930663 0.267258 -0.340286 0.768800 0.541435 -0.095854 0.994429 0.043859 -0.145712 0.987868 0.053712 -0.103242 0.993592 0.045992 -0.159639 0.985518 0.057176 -0.211305 0.975028 0.068339 -0.194783 0.978756 0.063999 -0.114942 0.992157 0.049113 -0.177030 0.982276 0.061602 -0.132806 0.989697 0.053506 -0.198963 0.977704 0.067139 -0.252009 0.964416 0.079963 -0.230422 0.970297 0.073683 -0.266311 0.960232 0.083866 -0.248092 0.965608 0.077797 -0.285454 0.954077 0.090851 -0.231153 0.970192 0.072777 -0.278495 0.959899 0.032165 -0.194055 0.980729 0.022673 -0.357176 0.905212 -0.230256 -0.525227 0.802031 -0.284398 -0.169847 0.941440 -0.291277 -0.063767 0.997769 0.019758 -0.562353 0.546008 -0.620995 -0.861829 0.388652 -0.325884 -0.850651 0.218429 -0.478207 -0.638999 0.702657 -0.312975 -0.560570 0.779874 -0.278493 0.003992 0.974767 -0.223190 0.126184 0.989582 -0.069322 -0.101325 0.970574 -0.218447 0.045125 0.998925 0.010624 -0.233818 0.971737 0.032490 -0.180808 0.982963 0.033053 -0.184664 0.980551 -0.066482 -0.260168 0.957927 -0.121196 -0.149100 0.988173 0.035829 -0.146488 0.988533 -0.036659 -0.166886 0.965776 -0.198557 -0.215015 0.933386 -0.287331 -0.323741 0.834875 -0.445169 -0.166159 0.984312 0.059335 -0.181953 0.981159 0.064966 -0.158409 0.985767 0.056310 -0.138380 0.989082 0.050674 -0.127748 0.990616 0.048583 -0.109597 0.992965 0.044828 
						-0.151795 0.986930 0.054106 -0.145131 0.988035 0.052191 -0.141878 0.988579 0.050814 -0.142053 0.988534 0.051201 -0.133948 0.989731 0.049898 -0.120854 0.991556 0.047017 -0.139211 0.988967 0.050645 -0.136978 0.989232 0.051542 -0.127610 0.990559 0.050077 -0.110969 0.992735 0.046510 -0.094823 0.994659 0.040757 -0.061549 0.997561 0.032918 -0.085017 0.995562 0.040348 -0.177827 0.981568 0.070015 -0.066559 0.996726 0.045911 -0.029749 0.991104 0.129721 -0.183948 0.975927 0.117170 -0.012141 0.999388 0.032813 -0.005648 0.999511 0.030764 0.053850 0.996096 0.069946 0.059652 0.994333 0.087998 0.198908 0.944762 0.260499 0.205666 0.915858 0.344826 0.138684 0.972732 0.185901 0.260695 0.858934 0.440761 0.445765 0.738344 0.506105 0.457716 0.804912 0.377641 -0.073488 0.962914 0.259609 0.034306 0.957534 0.286272 0.006011 0.999940 0.009115 0.002673 0.999963 0.008180 0.000030 0.999979 0.006462 -0.003454 0.999972 0.006686 -0.002597 0.999978 0.006182 0.003248 0.999976 0.006130 -0.007173 0.999974 0.000707 -0.009993 0.999946 0.002835 -0.016455 0.999862 -0.002461 -0.015336 0.999882 0.001350 -0.008839 0.999950 0.004715 -0.005488 0.999970 0.005547 0.000474 0.999986 0.005226 -0.012274 0.999914 0.004641 -0.000699 0.999986 0.005302 0.005334 0.999979 0.003781 0.005969 0.999974 0.004037 0.010469 0.999943 0.002023 0.010374 0.999910 0.008544 0.007384 0.999949 0.006882 0.011750 0.999910 0.006472 0.010253 0.999947 -0.000586 0.009962 0.999810 -0.016778 0.004605 0.999989 0.000538 0.009247 0.999952 0.003240 0.009574 0.999882 -0.012010 0.010452 0.999904 -0.009089 0.011194 0.999930 0.003825 0.009964 0.998693 -0.050137 0.009505 0.999098 -0.041397 0.010388 0.994557 -0.103677 0.009481 0.996048 -0.088307 0.009272 0.996980 -0.077105 0.010276 0.995738 -0.091648 0.013748 0.998764 -0.047754 
						0.011418 0.998908 -0.045299 0.016817 0.999713 -0.017054 0.021018 0.999661 -0.015354 0.010017 0.999879 -0.011892 0.000627 0.999990 -0.004481 0.013667 0.999884 0.006681 0.016256 0.999857 0.004670 0.015104 0.999867 0.006093 0.013422 0.999887 0.006754 0.018869 0.999820 0.002218 0.016887 0.999848 0.004255 0.013142 0.999893 0.006393 0.012344 0.999896 0.007413 0.008398 0.999934 0.007775 0.008656 0.999927 0.008460 0.011664 0.999911 0.006500 0.008940 0.999936 0.006903 -0.032864 0.997977 0.054431 -0.027308 0.998193 0.053532 0.019516 0.970441 0.240550 0.003288 0.978161 0.207821 -0.023093 0.998429 0.051047 -0.021190 0.998565 0.049186 0.060860 0.934855 0.349776 0.038027 0.958250 0.283391 0.007404 0.649438 0.760378 -0.015391 0.758785 0.651160 0.036963 0.481941 0.875424 -0.036919 0.831462 0.554353 0.009641 0.999321 0.035569 0.017991 0.999149 0.037123 0.011502 0.998874 0.046021 0.004256 0.999032 0.043779 0.028584 0.998916 0.036751 0.019885 0.998705 0.046827 0.011480 0.997299 0.072548 0.004681 0.997568 0.069545 -0.001091 0.997844 0.065628 0.038486 0.998630 0.035442 0.027431 0.998519 0.046987 0.046182 0.998355 0.033988 0.033123 0.998338 0.047155 0.023601 0.996672 0.078027 0.018001 0.997004 0.075223 0.022625 0.991410 0.128816 0.015539 0.992378 0.122244 0.029467 0.990315 0.135672 0.076220 0.966067 0.246789 0.066164 0.970272 0.232796 0.056153 0.974075 0.219143 0.008702 0.993245 0.115713 0.002908 0.994049 0.108898 0.046711 0.977452 0.205927 0.038459 0.980408 0.193184 0.011453 0.999364 0.033775 0.027336 0.999070 0.033333 0.003548 0.999404 0.034325 0.024192 0.999151 0.033347 0.048887 0.998294 0.031923 0.044064 0.998532 0.031512 -0.022422 0.998967 0.039516 -0.000368 0.999174 0.040628 -0.061676 0.996309 0.059701 -0.026370 0.996114 0.084037 
						0.033729 0.998375 0.045934 0.075239 0.996119 0.045684 0.074382 0.996903 0.025509 0.056198 0.991565 0.116794 0.189621 0.978537 0.080684 0.109828 0.993820 0.016109 0.095398 0.995330 0.014756 0.059933 0.997809 0.028026 0.072046 0.997113 0.023961 0.002994 0.999442 0.033267 0.002683 0.999472 0.032388 -0.002806 0.999502 0.031440 -0.004247 0.999504 0.031208 -0.014032 0.999343 0.033421 -0.007016 0.999395 0.034074 -0.005705 0.999547 0.029566 -0.007761 0.999527 0.029766 -0.006277 0.999594 0.027782 -0.008785 0.999562 0.028249 -0.017277 0.999385 0.030527 -0.017080 0.999336 0.032167 -0.036027 0.998654 0.037300 -0.035958 0.998591 0.039036 -0.033658 0.998819 0.035046 -0.032308 0.998677 0.040001 -0.003151 0.999142 0.041302 -0.006710 0.998073 0.061696 -0.008949 0.998309 0.057444 -0.006598 0.999240 0.038420 -0.002165 0.994747 0.102337 0.031780 0.982979 0.180950 0.027807 0.985291 0.168609 -0.004182 0.995423 0.095480 -0.003829 0.996034 0.088891 -0.008912 0.998534 0.053390 0.026428 0.987291 0.156711 0.027789 0.988968 0.145499 -0.001195 0.996566 0.082799 -0.006855 0.998740 0.049707 -0.007687 0.999334 0.035662 -0.006808 0.999427 0.033167 -0.028221 0.999088 0.032039 -0.014817 0.999487 0.028384 -0.011228 0.999598 0.026021 -0.021534 0.999354 0.028756 -0.007616 0.999621 0.026466 -0.004951 0.999652 0.025897 -0.002403 0.999714 0.023797 -0.005151 0.999688 0.024429 -0.001883 0.999752 0.022204 -0.006100 0.999711 0.023258 0.000957 0.999767 0.021554 -0.012827 0.999608 0.024867 0.024374 0.999595 0.014714 0.029439 0.999494 0.012070 0.018849 0.999668 0.017587 0.026459 0.999257 0.028022 0.032806 0.999185 0.023531 0.038285 0.999089 0.018848 0.013544 0.999700 0.020399 0.008608 0.999698 0.022999 0.013941 0.999272 0.035514 0.020000 0.999286 0.032066 0.030420 0.998105 0.053487 
						0.037608 0.998197 0.046776 0.023543 0.997970 0.059179 0.048490 0.993585 0.102161 0.054346 0.994289 0.091848 0.060503 0.994969 0.079850 0.044273 0.998245 0.039328 0.049612 0.998272 0.031490 0.065700 0.995585 0.067041 0.070046 0.996120 0.053279 0.034456 0.999360 0.009575 0.043755 0.998946 0.013856 0.047905 0.998810 0.009168 0.038148 0.999244 0.007500 0.054865 0.998230 0.022941 0.073451 0.996538 0.038957 0.074824 0.996868 0.025590 0.058665 0.998169 0.014718 0.061552 0.998081 0.006782 0.051197 0.998677 0.004714 0.075235 0.997086 0.012660 0.075030 0.997181 0.000269 0.063892 0.997957 -0.000840 0.054026 0.998539 0.000429 0.040943 0.999145 0.005672 0.043333 0.999053 0.003875 -0.118288 0.992813 -0.018174 -0.150620 0.981520 -0.118035 -0.117655 0.987163 -0.108012 -0.092704 0.995436 -0.022631 -0.213465 0.912247 -0.349624 -0.300556 0.647785 -0.700029 -0.220890 0.746958 -0.627106 -0.163932 0.940835 -0.296574 -0.123519 0.963153 -0.238914 -0.092062 0.991577 -0.091106 -0.161964 0.835519 -0.525048 -0.095045 0.978939 -0.180680 -0.074390 0.994838 -0.069015 -0.074923 0.996953 -0.021717 -0.063951 0.997825 -0.015960 -0.141823 0.011800 -0.989822 -0.189282 -0.038119 -0.981183 -0.129636 0.195126 -0.972173 -0.264614 0.107790 -0.958311 -0.295377 -0.026841 -0.955004 -0.341544 -0.048993 -0.938588 -0.152397 0.516854 -0.842399 -0.245751 0.385618 -0.889328 -0.364226 0.289595 -0.885141 -0.406916 0.073844 -0.910476 -0.443080 -0.015130 -0.896354 -0.481470 -0.014919 -0.876335 -0.234026 -0.025581 -0.971894 -0.379378 -0.023278 -0.924949 0.382760 0.054641 0.922230 0.274597 0.018613 0.961379 0.239357 -0.001442 0.970931 0.353106 0.024342 0.935266 -0.512424 0.019303 -0.858515 0.158607 0.018373 0.987171 0.119799 0.013834 0.992702 0.091447 0.021349 0.995581 0.216132 -0.013738 0.976268 0.068827 0.055051 0.996109 
						0.195121 -0.014087 0.980678 0.338204 0.001305 0.941072 0.325407 -0.016410 0.945432 -0.042744 -0.055625 0.997536 -0.030056 0.019043 0.999367 -0.377477 0.383435 -0.842905 -0.439048 0.157218 -0.884601 -0.374402 0.363341 -0.853116 -0.431157 0.161789 -0.887653 -0.036014 -0.044930 0.998341 -0.019812 0.018280 0.999637 -0.261108 0.707080 -0.657161 -0.259087 0.671425 -0.694307 -0.230204 0.600657 -0.765648 -0.326929 0.310311 -0.892650 -0.097796 0.462902 -0.880998 -0.170473 0.211435 -0.962411 0.025860 -0.051527 0.998337 0.047935 -0.000667 0.998850 -0.368685 0.135221 -0.919667 -0.207326 0.074703 -0.975415 0.168661 -0.068554 0.983287 0.216087 -0.033621 0.975795 -0.009413 0.125582 0.992039 0.001554 0.109972 0.993933 0.053713 0.391740 0.918507 0.031440 0.437416 0.898710 0.071580 0.074827 0.994624 0.270481 0.020445 0.962508 0.338502 0.213819 0.916350 0.129346 0.318460 0.939070 0.155378 0.680063 0.716499 0.062497 0.750648 0.657740 0.354741 0.552723 0.754093 0.095704 0.918613 0.383394 0.003223 0.939564 0.342358 0.016150 0.787603 0.615971 -0.049343 0.946436 0.319100 0.142038 0.146530 -0.978956 0.104679 0.218463 -0.970214 0.128198 0.244297 -0.961189 0.179116 0.154353 -0.971644 0.027220 0.470617 -0.881918 0.032377 0.546045 -0.837130 0.035690 0.599723 -0.799411 0.145631 0.275630 -0.950168 0.200994 0.173615 -0.964085 -0.018838 0.811248 -0.584399 -0.009479 0.872212 -0.489036 0.016273 0.972421 -0.232663 0.022014 0.985911 -0.165819 0.021216 0.990888 -0.133006 -0.004870 0.901722 -0.432288 -0.004160 0.911429 -0.411437 0.040752 0.628212 -0.776974 0.019213 0.991804 -0.126316 0.016305 0.991610 -0.128236 -0.005439 0.913671 -0.406418 0.046734 0.641620 -0.765597 0.160883 0.304927 -0.938689 0.219634 0.200777 -0.954699 0.177603 0.329362 -0.927350 0.239871 0.229279 -0.943341 0.220108 0.060407 -0.973603 
						0.186660 0.050287 -0.981137 0.244823 0.083033 -0.966006 0.407338 0.173324 0.896680 0.442423 0.204718 0.873128 0.307388 0.515320 0.799973 0.285015 0.495135 0.820736 0.362968 0.127030 0.923102 0.261555 0.463181 0.846790 0.266478 0.114727 -0.956989 0.290586 0.149957 -0.945025 0.477600 0.232568 0.847237 0.510983 0.268491 0.816584 0.357612 0.549226 0.755291 0.333118 0.530521 0.779474 0.148404 0.830335 0.537141 0.135930 0.824280 0.549623 0.158965 0.836440 0.524498 0.041144 0.959765 0.277772 0.040463 0.957088 0.286959 0.037320 0.954089 0.297189 0.126513 0.815324 0.565015 0.119154 0.801670 0.585771 0.034754 0.950278 0.309458 0.034095 0.945625 0.323468 0.198526 0.352764 -0.914410 0.264400 0.258748 -0.929055 0.055447 0.650012 -0.757898 0.070059 0.656089 -0.751425 0.224173 0.378172 -0.898183 0.292462 0.292153 -0.910556 -0.006912 0.913860 -0.405971 0.013882 0.991108 -0.132332 0.012446 0.990249 -0.138751 -0.005659 0.912305 -0.409472 0.000165 0.910318 -0.413910 0.091353 0.663346 -0.742716 0.013461 0.989213 -0.145862 0.018227 0.988196 -0.152106 0.011812 0.909250 -0.416082 0.117155 0.674550 -0.728873 0.254027 0.408721 -0.876594 0.322786 0.332140 -0.886280 0.284037 0.445558 -0.849000 0.352679 0.380225 -0.855013 0.318371 0.188124 -0.929112 0.349074 0.230809 -0.908226 0.534992 0.311484 0.785342 0.549137 0.357473 0.755422 0.384594 0.595095 0.705655 0.374639 0.571280 0.730264 0.381088 0.280813 -0.880861 0.414898 0.342536 -0.842928 0.555203 0.404283 0.726846 0.556979 0.451678 0.696966 0.390096 0.644062 0.658035 0.389037 0.619575 0.681746 0.171666 0.852966 0.492929 0.169041 0.848062 0.502210 0.175841 0.857649 0.483237 0.040563 0.963395 0.265000 0.037137 0.963716 0.264334 0.037288 0.963259 0.265974 0.165439 0.842566 0.512555 0.039410 0.961959 0.270336 
						-0.031765 0.999482 -0.005086 -0.035696 0.999333 -0.007662 -0.026536 0.999646 -0.001778 -0.027755 0.999573 -0.009098 -0.032578 0.999366 -0.014397 -0.036293 0.999153 -0.019414 -0.019855 0.999801 0.001805 -0.021921 0.999752 -0.003813 -0.022492 0.999703 -0.009383 -0.027693 0.999473 -0.016935 -0.032139 0.999173 -0.024912 -0.035793 0.998824 -0.032703 -0.020116 0.998577 0.049385 -0.017734 0.998716 0.047443 0.117464 0.831069 0.543623 0.088405 0.890245 0.446821 -0.016915 0.999006 0.041236 0.139738 0.787486 0.600283 0.300033 0.099546 0.948721 0.183969 0.146412 0.971967 0.090270 0.286825 0.953720 0.008716 -0.056848 0.998345 -0.000036 0.013885 0.999904 -0.008932 0.016021 0.999832 -0.002417 -0.060161 0.998186 -0.045218 0.239643 0.969807 -0.056618 0.257609 0.964589 -0.060633 0.279324 0.958281 -0.011841 0.021573 0.999697 -0.007399 -0.060836 0.998120 -0.144916 0.579535 0.801959 -0.156550 0.607623 0.778644 -0.255968 0.828116 0.498702 -0.258148 0.844548 0.469147 -0.250938 0.860918 0.442550 -0.158938 0.635782 0.755328 -0.149467 0.663917 0.732717 -0.056326 0.306151 0.950315 -0.229673 0.878244 0.419450 -0.190471 0.896638 0.399701 -0.125847 0.690697 0.712110 -0.043957 0.335248 0.941104 -0.008920 0.032637 0.999427 -0.005859 -0.058195 0.998288 -0.003791 0.047679 0.998856 -0.004193 -0.053252 0.998572 0.028725 -0.049959 0.998338 0.025046 0.016278 0.999554 0.055162 -0.041126 0.997630 0.053436 0.019036 0.998390 0.019998 0.212081 0.977048 -0.015718 0.226405 0.973906 0.072883 -0.034948 0.996728 0.069385 0.017228 0.997441 0.026808 -0.030892 0.999163 -0.002444 0.010346 0.999943 -0.015737 0.149678 0.988610 0.044019 0.188665 0.981054 -0.018563 0.488456 0.872391 -0.063998 0.529443 0.845928 -0.029137 0.413901 0.909856 -0.084593 0.745635 0.660963 -0.125275 0.792833 0.596424 -0.182204 0.810056 0.557325 
						-0.110954 0.555829 0.823859 -0.227795 0.818687 0.527126 0.030376 -0.173267 0.984406 0.048068 -0.164874 0.985143 -0.516622 0.064271 -0.853798 -0.548394 0.403310 -0.732534 -0.556994 0.394746 -0.730707 -0.526603 0.058270 -0.848112 -0.540626 0.400273 -0.739936 -0.519129 0.065275 -0.852200 0.072334 -0.154538 0.985335 -0.540018 0.738973 -0.402863 -0.539910 0.736677 -0.407190 -0.512895 0.747207 -0.422634 -0.456735 0.769010 -0.447233 -0.501586 0.419110 -0.756808 -0.388049 0.793050 -0.469564 -0.461839 0.448455 -0.765240 0.083999 -0.146750 0.985601 -0.497074 0.087192 -0.863316 -0.487808 0.126649 -0.863715 0.053018 -0.138962 0.988877 0.016876 -0.179076 0.983690 0.009793 -0.177844 0.984010 -0.495629 0.075041 -0.865287 -0.495688 0.073311 -0.865401 -0.526871 0.434992 -0.730198 -0.528672 0.418642 -0.738407 -0.007522 -0.084710 0.996377 0.001821 -0.137426 0.990510 -0.574078 -0.034536 -0.818072 -0.534841 0.089392 -0.840211 -0.527461 0.229003 -0.818133 -0.535868 0.022664 -0.843997 -0.043571 0.412534 -0.909900 -0.065366 0.555370 -0.829031 -0.502486 0.401166 -0.765880 -0.475315 0.278749 -0.834491 -0.083570 0.736899 -0.670817 -0.491052 0.581141 -0.648956 -0.100029 0.979324 -0.175835 -0.436048 0.888234 -0.144575 -0.476962 0.783513 -0.398264 -0.095641 0.902849 -0.419186 -0.488298 0.863649 -0.125203 -0.526847 0.743430 -0.411999 -0.525446 0.745484 -0.410072 -0.486007 0.866355 -0.115009 -0.157507 0.987175 -0.026010 -0.152233 0.988339 0.003377 -0.141799 0.989725 -0.018384 -0.137750 0.990459 0.004045 -0.136325 0.990440 0.021090 -0.150008 0.988358 0.025435 -0.119296 0.992717 -0.016803 -0.118491 0.992955 -0.000800 -0.096759 0.994989 -0.025176 -0.104305 0.994418 -0.015936 -0.110056 0.993890 -0.008447 -0.120426 0.992650 0.011942 -0.123168 0.992144 0.021917 -0.137016 0.989998 0.033628 -0.114685 0.993398 -0.002598 -0.117840 0.993031 0.001827 
						-0.125444 0.991656 0.029711 -0.137923 0.989526 0.042605 -0.151217 0.987652 0.040943 -0.152945 0.986957 0.050245 -0.160749 0.986010 -0.044097 -0.158530 0.986932 -0.028890 -0.144011 0.989545 -0.007853 -0.144740 0.989026 -0.029636 -0.148721 0.988192 0.036862 -0.128117 0.969437 0.209234 -0.128038 0.959541 0.250775 -0.138380 0.988144 0.066504 -0.125071 0.988046 0.090119 -0.121098 0.992580 0.010995 -0.132618 0.952068 0.275644 -0.149282 0.944347 0.293127 -0.114863 0.983153 0.142187 -0.095440 0.994697 0.038324 -0.119954 0.992564 -0.020662 -0.090415 0.995758 -0.017069 -0.012872 -0.046698 0.998826 -0.036300 -0.068333 0.997002 -0.016552 -0.035038 0.999249 -0.066659 -0.053351 0.996348 -0.501788 -0.035245 -0.864272 -0.126486 0.022076 -0.991723 -0.390604 0.019494 -0.920353 -0.505464 0.043234 -0.861764 0.019195 -0.008600 0.999779 0.025024 -0.050451 0.998413 -0.039699 -0.041479 0.998350 0.006116 -0.017802 0.999823 -0.125476 0.050068 -0.990832 0.034630 0.178966 -0.983246 -0.039380 0.135997 -0.989926 0.208350 0.057360 -0.976371 -0.376186 0.218378 -0.900442 -0.021733 0.317442 -0.948029 0.003713 0.068086 0.997673 -0.022016 0.368580 0.929335 0.002985 0.401887 0.915684 0.016087 0.092891 0.995546 -0.085680 0.719320 0.689375 -0.131239 0.916364 0.378223 -0.066086 0.932267 0.355683 -0.038526 0.745783 0.665074 -0.004566 0.767429 0.641118 0.017563 0.432190 0.901612 -0.015266 0.942029 0.335185 0.022055 0.946040 0.323298 0.021559 0.779429 0.626119 0.021458 0.447860 0.893846 0.020983 0.117083 0.992900 0.020159 0.127527 0.991630 0.467356 0.716708 -0.517598 0.462905 0.612585 -0.640671 0.410564 0.630213 -0.658991 0.429677 0.721969 -0.542345 0.429173 0.517917 -0.739982 0.368963 0.553630 -0.746565 0.196759 0.716127 -0.669663 0.246940 0.751752 -0.611465 0.294734 0.802935 -0.518100 0.388715 0.441160 -0.808875 
						0.324683 0.494033 -0.806543 0.153142 0.691988 -0.705479 0.029149 0.910246 -0.413040 0.052093 0.913646 -0.403159 0.026983 0.987471 -0.155474 0.039565 0.987129 -0.154953 0.083200 0.920380 -0.382071 0.127175 0.931172 -0.341680 0.057915 0.987068 -0.149475 0.086972 0.986626 -0.137857 0.497017 0.726763 -0.474120 0.493278 0.596095 -0.633520 0.443359 0.748232 0.493540 0.307583 0.833782 0.458476 0.347577 0.773729 0.529654 0.500195 0.662723 0.557318 0.375187 0.720101 0.583686 0.536565 0.580415 0.612549 0.473787 0.496484 -0.727344 0.144991 0.928342 0.342283 0.162660 0.902678 0.398389 0.040636 0.978469 0.202353 0.042991 0.971445 0.233339 0.045365 0.966469 0.252743 0.174933 0.881354 0.438878 0.178988 0.866058 0.466806 0.388637 0.676321 0.625740 0.044370 0.963774 0.263003 0.444780 0.412492 -0.794998 0.554955 0.509845 0.657330 0.437285 0.823753 -0.360850 0.450442 0.841737 -0.297626 0.365534 0.919999 -0.141373 0.351733 0.933544 -0.069134 0.376004 0.825081 0.421738 0.304492 0.901611 0.307217 0.209880 0.942736 0.259228 0.259169 0.889882 0.375421 0.230352 0.966374 0.114273 0.189171 0.963837 0.187703 0.008501 0.937528 0.347806 -0.047160 0.913143 0.404902 0.195228 0.971716 0.132869 -0.018160 0.994635 -0.101838 -0.025391 0.993597 -0.110095 0.135775 0.986297 0.093716 0.053436 0.996509 0.064138 0.098801 0.978684 0.180045 -0.046563 0.996925 -0.063020 -0.011382 0.998592 0.051815 0.023849 0.993967 0.107059 0.122589 0.954431 0.272091 0.036239 0.986603 0.159061 0.424649 0.828530 -0.364981 0.336372 0.865042 -0.372231 0.342476 0.921624 -0.182539 0.371756 0.916154 -0.149864 0.188226 0.943248 -0.273596 0.128702 0.984620 -0.118153 0.180549 0.979847 -0.085452 0.253788 0.952795 -0.166655 0.276487 0.961017 -0.000281 0.280135 0.958982 0.043335 0.231676 0.972340 -0.029680 
						0.131517 0.961006 0.243249 0.088580 0.947411 0.307515 0.256136 0.961737 0.097242 0.043799 0.937575 0.345015 -0.087747 0.993840 0.067689 -0.096991 0.993088 0.066093 -0.124160 0.990231 0.063453 -0.112297 0.991640 0.063555 -0.109060 0.991887 0.065317 -0.134936 0.988846 0.063059 -0.161084 0.986070 0.041457 -0.151623 0.987588 0.040985 -0.140132 0.989323 0.040046 -0.120474 0.990603 0.064741 -0.143908 0.987623 0.062383 -0.129552 0.989495 0.064151 -0.150230 0.986745 0.061368 -0.172678 0.984123 0.041034 -0.168285 0.984865 0.041488 -0.193664 0.980976 -0.013432 -0.188206 0.982015 -0.014995 -0.196028 0.980521 -0.012319 -0.203025 0.968419 -0.144724 -0.202809 0.967625 -0.150236 -0.199420 0.967447 -0.155815 -0.180091 0.983504 -0.016924 -0.169327 0.985374 -0.019152 -0.193296 0.967800 -0.161243 -0.184136 0.968763 -0.166109 -0.063985 0.995593 0.068564 -0.074500 0.995039 0.065936 -0.037120 0.995902 0.082467 -0.045611 0.996159 0.074741 -0.059321 0.996000 0.066826 -0.087566 0.994109 0.063875 -0.006667 0.992884 0.118896 -0.012189 0.994972 0.099410 -0.024626 0.996753 0.076657 -0.048661 0.997300 0.054992 -0.077732 0.995106 0.061002 -0.080788 0.995794 0.043222 -0.096173 0.993701 0.057519 -0.101523 0.992866 0.062540 -0.113473 0.991629 0.061610 -0.080039 0.994419 0.068738 -0.056161 0.995948 0.070235 -0.071925 0.995087 0.068040 -0.051501 0.996219 0.069968 -0.031329 0.995466 0.089814 -0.032678 0.995593 0.087899 -0.065404 0.995632 0.066628 -0.048538 0.996504 0.067998 -0.060096 0.996076 0.064973 -0.046674 0.996797 0.064934 -0.032311 0.995893 0.084582 -0.031338 0.995589 0.088428 -0.006972 0.989957 0.141196 -0.005145 0.990196 0.139586 -0.010129 0.990356 0.138178 -0.004696 0.991202 0.132277 -0.101861 0.992767 0.063541 -0.129190 0.990847 0.039132 -0.117837 0.992300 0.038134 -0.091881 0.993780 0.062918 
						-0.158310 0.987163 -0.021168 -0.173911 0.969938 -0.170222 -0.163396 0.971183 -0.173508 -0.146410 0.988962 -0.022763 -0.134311 0.990654 -0.023779 -0.106841 0.993571 0.037438 -0.152464 0.972498 -0.176077 -0.141363 0.973811 -0.178070 -0.122355 0.992195 -0.024052 -0.096414 0.994640 0.037357 -0.082897 0.994617 0.062176 -0.074860 0.995283 0.061706 -0.216334 0.972621 0.084896 -0.186516 0.979272 0.078979 -0.244435 0.965432 0.090509 -0.219126 0.968832 0.115532 -0.193948 0.974812 0.110114 -0.166048 0.980513 0.104986 -0.267462 0.958953 0.094197 -0.241580 0.962884 0.120390 -0.205638 0.961222 0.183753 -0.186372 0.966637 0.175721 -0.164541 0.971629 0.169890 -0.138119 0.976343 0.166363 -0.143344 0.987247 0.069255 -0.124136 0.987497 0.097164 -0.076598 0.993047 0.089390 -0.098395 0.993431 0.058419 -0.097229 0.981757 0.163402 -0.047484 0.985045 0.165626 0.025917 0.984652 0.172595 -0.018041 0.996604 0.080337 -0.051278 0.997665 0.045112 -0.375277 0.922204 0.093317 -0.340997 0.935516 0.092365 -0.410964 0.908599 0.074544 -0.392873 0.917802 0.057358 -0.348183 0.934310 0.076383 -0.306270 0.948879 0.076335 -0.446320 0.894612 0.021633 -0.439231 0.898355 0.005897 -0.379634 0.924936 -0.019283 -0.323485 0.945683 0.032268 -0.101017 0.993850 -0.045373 -0.103838 0.994542 0.010170 -0.272501 0.960687 0.053135 -0.233008 0.970864 0.055943 -0.102620 0.994123 0.034488 -0.098838 0.994294 0.040126 -0.155661 0.985280 0.070666 -0.223512 0.970952 0.085409 -0.180957 0.976675 0.115588 -0.244862 0.960620 0.131345 -0.287151 0.946666 0.146175 -0.272995 0.956914 0.098938 -0.200402 0.957784 0.206130 -0.254102 0.941055 0.223265 -0.286756 0.927175 0.241076 -0.303240 0.916675 0.260291 -0.310511 0.936919 0.160516 -0.310875 0.907876 0.281278 -0.324324 0.929555 0.175332 -0.302137 0.946793 0.110891 -0.320659 0.939239 0.122505 
						-0.234127 0.964653 0.120954 -0.204165 0.972490 0.112162 -0.214727 0.956372 0.198103 -0.180685 0.962887 0.200503 -0.151327 0.970568 0.187347 -0.171615 0.980140 0.099365 -0.167764 0.916217 0.363870 -0.134056 0.903034 0.408116 -0.115842 0.650985 0.750200 -0.245427 0.622897 0.742809 -0.113173 0.903317 0.413776 -0.041424 0.958853 0.280864 -0.106701 0.984148 0.141657 -0.041056 0.883864 0.465939 -0.126831 0.988545 0.081805 -0.266300 0.955442 0.127337 -0.293290 0.947136 0.130057 -0.286338 0.938885 0.191062 -0.251425 0.948178 0.194276 -0.310795 0.941799 0.128147 -0.310607 0.932380 0.184907 -0.291724 0.908661 0.298717 -0.258092 0.913433 0.314687 -0.212024 0.918821 0.332888 -0.044471 0.943744 -0.327672 -0.064175 0.914415 -0.399659 -0.069953 0.897535 -0.435358 -0.050024 0.930600 -0.362604 -0.100975 0.849561 -0.517735 -0.181390 0.668304 -0.721435 -0.183983 0.624139 -0.759343 -0.106486 0.824944 -0.555092 -0.103291 0.804256 -0.585237 -0.068603 0.883086 -0.464169 -0.175086 0.589070 -0.788886 -0.156889 0.562060 -0.812081 -0.092192 0.786840 -0.610232 -0.061166 0.870505 -0.488343 -0.049451 0.919451 -0.390082 -0.044007 0.909807 -0.412692 -0.055183 0.996338 0.065312 -0.044796 0.996955 0.063835 -0.049993 0.996352 0.069155 -0.041873 0.996883 0.066870 -0.031473 0.995936 0.084387 -0.032885 0.996068 0.082259 -0.044544 0.996145 0.075572 -0.037856 0.996613 0.073007 -0.038672 0.995754 0.083531 -0.032832 0.996158 0.081190 -0.023261 0.994913 0.098012 -0.028050 0.995552 0.089943 -0.008621 0.989923 0.141341 -0.011939 0.990544 0.136673 -0.004319 0.988831 0.148981 -0.012616 0.990709 0.135410 -0.067356 0.995732 0.063096 -0.086542 0.995484 0.039025 -0.077158 0.996089 0.043060 -0.060029 0.995923 0.067342 -0.110863 0.993577 -0.022662 -0.130731 0.975239 -0.178374 -0.120719 0.976900 -0.176333 -0.099990 0.994804 -0.019168 
						-0.089947 0.995846 -0.014142 -0.068419 0.996464 0.048772 -0.111472 0.978707 -0.172354 -0.103925 0.980480 -0.166908 -0.081605 0.996632 -0.008096 -0.061043 0.996588 0.055555 -0.052970 0.995878 0.073632 -0.046792 0.995595 0.081247 -0.113619 0.992050 0.054114 -0.117607 0.991434 0.056801 -0.105660 0.993135 0.050189 -0.113794 0.992165 0.051562 -0.117849 0.991538 0.054447 -0.120344 0.991110 0.056732 -0.094297 0.994519 0.045167 -0.110143 0.992727 0.048594 -0.124764 0.990851 0.051458 -0.124923 0.990727 0.053422 -0.135701 0.989328 0.053060 -0.135558 0.989254 0.054786 -0.126584 0.990396 0.055616 -0.128076 0.990090 0.057609 -0.136724 0.988982 0.056752 -0.138433 0.988627 0.058758 -0.117700 0.991462 0.056116 -0.120340 0.991063 0.057547 -0.117313 0.991486 0.056508 -0.114134 0.992182 0.050483 -0.128268 0.989977 0.059098 -0.139433 0.988376 0.060584 -0.138610 0.988398 0.062105 -0.126420 0.990159 0.060029 -0.121755 0.990698 0.060776 -0.109787 0.992383 0.055880 -0.135524 0.988749 0.063310 -0.103537 0.993682 0.043305 -0.050112 0.988572 0.142179 -0.042246 0.990409 0.131547 -0.043183 0.990385 0.131425 -0.050456 0.988499 0.142559 -0.034965 0.991518 0.125175 -0.037150 0.991606 0.123845 -0.043893 0.994357 0.096577 -0.048642 0.993272 0.105090 -0.054711 0.991699 0.116359 -0.029691 0.992175 0.121270 -0.033009 0.992436 0.118241 -0.027353 0.992854 0.116157 -0.031487 0.993195 0.112123 -0.040793 0.995696 0.083213 -0.041073 0.995115 0.089771 -0.055218 0.998220 0.022550 -0.056564 0.997934 0.030456 -0.056362 0.998287 0.015716 -0.079564 0.985852 -0.147530 -0.077595 0.987168 -0.139561 -0.077777 0.988518 -0.129550 -0.059781 0.997411 0.039972 -0.064165 0.996611 0.051470 -0.079432 0.989775 -0.118474 -0.081520 0.990892 -0.107181 -0.052261 0.991208 0.121554 -0.043638 0.992327 0.115682 -0.059173 0.994564 0.085684 
						-0.045739 0.994770 0.091329 -0.026327 0.990778 0.132912 -0.033276 0.992484 0.117767 -0.081650 0.996661 -0.000205 -0.082676 0.996190 0.027764 -0.062392 0.996507 0.055500 -0.072538 0.996809 0.033307 -0.083623 0.987519 0.133467 -0.040890 0.989867 0.135981 -0.085669 0.872007 0.481939 0.001903 0.890729 0.454530 -0.020654 0.966662 0.255220 -0.085324 0.957477 0.275604 0.034028 0.919209 0.392296 -0.003818 0.975506 0.219938 -0.000263 0.981923 0.189282 0.000830 0.979926 0.199361 0.037079 0.937339 0.346441 -0.016014 0.990804 0.134354 -0.017773 0.990248 0.138174 -0.026781 0.992545 0.118901 -0.024262 0.993075 0.114951 -0.023775 0.993922 0.107488 -0.027341 0.993692 0.108758 -0.015820 0.991912 0.125938 -0.016923 0.993021 0.116719 -0.025474 0.994744 0.099179 -0.029513 0.994484 0.100647 -0.000611 0.983885 0.178800 -0.000675 0.985760 0.168159 -0.001614 0.987395 0.158264 -0.019491 0.994031 0.107344 -0.028751 0.995496 0.090334 -0.033261 0.995195 0.092092 -0.032532 0.993961 0.104798 -0.035634 0.994646 0.097005 -0.047353 0.996468 0.069351 -0.043049 0.996148 0.076388 -0.040299 0.995214 0.089023 -0.053190 0.996639 0.062301 -0.072610 0.997358 -0.002256 -0.065613 0.997838 0.003693 -0.096284 0.982107 -0.161851 -0.089453 0.983482 -0.157354 -0.060047 0.998149 0.009688 -0.083796 0.984703 -0.152770 0.016798 0.999859 -0.000040 0.012248 0.999923 0.001900 0.021584 0.999767 -0.000135 0.025240 0.999680 -0.001930 0.006672 0.999969 0.004082 0.017324 0.999848 0.002097 0.030031 0.999549 0.000003 0.033383 0.999441 -0.001934 0.043823 0.999038 -0.001740 0.047014 0.998889 -0.003338 0.036161 0.999340 -0.003315 0.049546 0.998763 -0.004282 0.078532 0.996679 0.021544 0.050991 0.998127 0.033788 0.107920 0.994144 0.005646 0.105216 0.994448 0.001499 0.077933 0.996712 0.022193 0.052471 0.997979 0.035832 
						0.148748 0.988771 -0.014318 0.139316 0.989793 -0.030031 0.110840 0.993136 -0.037344 0.091305 0.995820 0.002245 0.084650 0.995626 -0.039530 0.076232 0.997074 0.005675 0.071701 0.997097 0.025628 0.051120 0.997896 0.039882 0.064277 0.997461 0.030673 0.049130 0.997765 0.045286 0.036751 0.998141 0.048625 0.038487 0.997898 0.052147 0.031572 0.995682 0.087300 0.028132 0.996246 0.081875 0.038781 0.997598 0.057396 0.037238 0.997237 0.064277 0.034452 0.994187 0.102007 0.033990 0.994990 0.094016 0.045259 0.986025 0.160332 0.041027 0.987611 0.151467 0.047239 0.984331 0.169887 0.102294 0.948289 0.300473 0.099128 0.952642 0.287485 0.093173 0.957107 0.274345 0.035710 0.989054 0.143167 0.085459 0.961621 0.260734 -0.004429 0.999517 0.030765 -0.003239 0.998926 0.046211 0.001489 0.999088 0.042667 -0.000971 0.999600 0.028254 0.003218 0.997028 0.076975 0.031264 0.990400 0.134651 0.036077 0.991661 0.123720 0.008845 0.997430 0.071106 0.015418 0.997748 0.065280 0.007053 0.999208 0.039157 0.042004 0.992733 0.112770 0.003274 0.999664 0.025699 -0.153661 0.986297 0.060054 -0.154529 0.986254 0.058516 -0.172993 0.984136 0.039368 -0.174135 0.983898 0.040264 -0.153457 0.986522 0.056788 -0.150939 0.987018 0.054888 -0.165163 0.985569 0.037071 -0.169859 0.984723 0.038319 -0.186179 0.982475 -0.009004 -0.191781 0.981385 -0.010183 -0.178887 0.983837 -0.007981 -0.178846 0.976875 -0.117176 -0.187291 0.974392 -0.124425 -0.194774 0.971946 -0.131848 -0.195256 0.980687 -0.011351 -0.200135 0.969889 -0.138784 0.035748 0.992483 0.117049 0.031823 0.989588 0.140364 0.034061 0.991007 0.129400 0.038453 0.993520 0.106957 0.032176 0.982914 0.181230 0.035481 0.984853 0.169721 0.037935 0.986532 0.159108 0.035626 0.992230 0.119210 0.039377 0.994450 0.097564 0.042224 0.966145 0.254519 
						0.047742 0.968958 0.242571 0.079326 0.909035 0.409100 0.091047 0.914173 0.394965 0.100014 0.919218 0.380835 0.052003 0.971470 0.231391 0.054661 0.973823 0.220638 0.039398 0.988055 0.148981 0.105917 0.924314 0.366641 0.108762 0.929449 0.352555 0.055600 0.976102 0.210078 0.039841 0.989484 0.139051 0.036623 0.993328 0.109352 0.040126 0.995295 0.088191 0.037165 0.994334 0.099588 0.041014 0.996051 0.078744 0.041514 0.995231 0.088272 0.039132 0.994506 0.097094 0.042045 0.995931 0.079706 0.041057 0.997995 0.048174 0.041220 0.997559 0.056373 0.041212 0.997094 0.064076 0.042853 0.996567 0.070838 0.044387 0.997099 0.061830 0.044004 0.998544 0.031199 0.041747 0.998341 0.039650 0.033690 0.999260 -0.018572 0.033131 0.999395 -0.010571 0.036862 0.998978 -0.026164 0.034162 0.999412 -0.002890 0.035652 0.999358 0.003644 0.037418 0.995252 0.089857 0.042308 0.996694 0.069361 0.039381 0.990846 0.129125 0.038311 0.992113 0.119344 0.037617 0.996052 0.080412 0.044225 0.997196 0.060361 0.054950 0.978343 0.199562 0.109139 0.934455 0.338944 0.107756 0.939328 0.325655 0.053146 0.980518 0.189102 0.050768 0.982541 0.178987 0.037021 0.993236 0.110051 0.105319 0.943963 0.312797 0.038002 0.996708 0.071623 0.046942 0.997539 0.052087 0.046973 0.997486 0.053052 0.050774 0.997704 0.044814 0.054357 0.998387 0.016419 0.048186 0.998565 0.023353 0.055979 0.997731 0.037404 0.062955 0.997960 0.010623 0.064686 0.997138 -0.039124 0.051885 0.997973 -0.036837 0.042950 0.998551 -0.032421 -0.142591 0.988618 0.047973 -0.143400 0.988433 0.049364 -0.146533 0.988635 0.033612 -0.150332 0.988051 0.034004 -0.154955 0.987310 0.034760 -0.145364 0.988060 0.051058 -0.148996 0.988837 -0.000834 -0.155653 0.987806 -0.003374 -0.142326 0.986361 -0.082671 -0.151000 0.984201 -0.092451 
						-0.160033 0.981883 -0.101467 -0.163107 0.986594 -0.005398 -0.170979 0.985250 -0.006917 -0.159999 0.986468 0.035805 -0.169693 0.979363 -0.109781 -0.148012 0.987568 0.052934 -0.142127 0.988722 0.047203 -0.141474 0.988799 0.047562 -0.139766 0.989515 0.036414 -0.142996 0.989133 0.034165 -0.141961 0.988643 0.049323 -0.144409 0.988133 0.052346 -0.137274 0.989498 0.045267 -0.137670 0.989659 0.040268 -0.134581 0.990749 0.017472 -0.137980 0.990391 0.009331 -0.132215 0.990862 0.026660 -0.126427 0.991711 -0.022916 -0.127934 0.990947 -0.040708 -0.130535 0.989797 -0.057121 -0.142998 0.989718 0.003095 -0.135104 0.988269 -0.071217 0.045805 0.998948 0.002006 0.056916 0.998373 -0.003505 0.060318 0.998155 -0.007010 0.048711 0.998813 -0.000010 0.066317 0.997768 -0.007770 0.075002 0.997122 -0.011102 0.075834 0.996895 -0.021210 0.069132 0.997513 -0.013701 0.072792 0.997166 -0.019014 0.063913 0.997904 -0.010124 0.078404 0.996442 -0.030912 0.081599 0.995878 -0.039610 0.076937 0.996753 -0.023754 0.067904 0.997607 -0.013023 0.052009 0.998644 -0.002176 0.055621 0.998442 -0.004458 0.059417 0.998212 -0.006590 0.071932 0.997287 -0.015662 0.076143 0.996933 -0.018057 0.062668 0.998001 -0.008146 0.081588 0.996268 -0.028179 0.085687 0.995178 -0.047735 0.090719 0.994338 -0.055337 0.086797 0.995699 -0.032411 0.092036 0.995097 -0.036204 0.079746 0.996615 -0.019973 0.097544 0.993243 -0.062880 0.065086 0.997838 -0.009079 -0.148042 0.987438 0.055230 -0.151605 0.986813 0.056713 -0.138771 0.989032 0.050588 -0.137906 0.989222 0.049205 -0.154000 0.986520 0.055333 -0.139089 0.989089 0.048553 -0.128027 0.991157 0.034892 -0.129671 0.990894 0.036261 -0.120802 0.992671 0.003367 -0.123495 0.992345 0.000278 -0.130925 0.990821 0.033654 -0.125307 0.992084 -0.008189 -0.066663 0.962167 0.264181 -0.073293 0.952592 0.295290 
						-0.062631 0.969048 0.238795 -0.043937 0.724471 0.687903 -0.044389 0.707747 0.705070 -0.050013 0.685998 0.725883 -0.060235 0.973354 0.221257 -0.060253 0.975054 0.213632 -0.058595 0.738163 0.672073 -0.048863 0.734968 0.676339 -0.201576 -0.709298 -0.675472 -0.103609 -0.731787 -0.673611 -0.079053 -0.068128 -0.994540 -0.154923 -0.047395 -0.986789 0.006438 -0.739418 -0.673216 0.006439 -0.075069 -0.997158 0.006684 0.501103 -0.865362 -0.044721 0.505631 -0.861590 -0.090387 0.518856 -0.850070 -0.352479 -0.634157 -0.688189 -0.284295 -0.675634 -0.680217 -0.217912 -0.016279 -0.975833 -0.268574 0.021763 -0.963013 -0.127659 0.538438 -0.832939 -0.080835 0.940442 0.330205 -0.063887 0.659434 0.749043 -0.084463 0.624083 0.776779 -0.089016 0.924751 0.370015 -0.302651 0.066572 -0.950774 -0.409022 -0.584188 -0.701017 -0.328137 0.128902 -0.935794 -0.462552 -0.515998 -0.720966 -0.339727 0.212074 -0.916303 -0.507992 -0.423189 -0.750237 -0.334738 0.316053 -0.887728 -0.540237 -0.298465 -0.786805 -0.098123 0.903800 0.416553 -0.114843 0.575860 0.809442 -0.159584 0.511798 0.844154 -0.110039 0.874948 0.471548 -0.128544 0.838403 0.529676 -0.224629 0.438473 0.870220 -0.317436 0.371054 0.872670 -0.159970 0.799578 0.578865 -0.315014 0.434037 -0.844025 -0.556464 -0.141356 -0.818759 -0.282193 0.562778 -0.776948 -0.555178 0.054111 -0.829970 -0.237135 0.695793 -0.677967 -0.532568 0.288559 -0.795679 -0.167410 0.823463 -0.542110 -0.480554 0.541648 -0.689699 -0.210404 0.773641 0.597670 -0.441557 0.364741 0.819751 -0.512262 0.519122 0.684178 -0.241680 0.817865 0.522195 -0.325975 0.775586 0.540561 -0.368119 0.718318 0.590345 -0.467820 0.342063 0.814946 -0.447400 0.240157 0.861486 -0.378730 0.857307 -0.348695 -0.619603 0.493235 -0.610583 -0.493814 0.665792 -0.559348 -0.304365 0.893826 -0.329299 -0.179298 0.028194 0.983391 -0.123633 -0.082765 0.988871 
						-0.558168 0.220725 -0.799831 -0.481742 0.503601 -0.717155 -0.349745 0.816221 -0.459849 -0.319185 0.868130 -0.380094 -0.200426 0.954193 -0.222139 -0.292455 0.775288 0.559821 -0.265467 0.788204 0.555213 -0.466042 0.409041 0.784532 -0.470569 0.368871 0.801560 -0.198822 0.816682 0.541757 -0.421671 0.460322 0.781215 -0.200098 0.327227 0.923517 -0.245579 0.154828 0.956932 -0.231631 0.066379 0.970536 -0.112982 0.946817 0.301284 -0.119603 0.938851 0.322884 -0.514563 0.595906 0.616540 -0.523792 0.608274 0.596359 -0.484254 0.657142 0.577635 -0.116329 0.954970 0.272946 -0.465532 0.097127 0.879686 -0.513103 0.131766 0.848153 -0.515845 0.228097 0.825758 -0.453544 0.442880 0.773405 -0.362896 0.767112 0.529005 -0.098881 0.974497 0.201441 -0.069406 0.906202 0.417111 -0.161052 0.940409 -0.299490 -0.177202 0.949395 -0.259323 -0.639484 0.618584 -0.456524 -0.635156 0.593517 -0.494282 -0.417855 0.537368 0.732552 -0.138588 0.949338 -0.282048 -0.646329 0.661389 -0.380556 -0.797453 0.163658 -0.580763 -0.710526 0.129525 -0.691648 -0.345196 0.079730 0.935138 -0.641169 0.114814 -0.758762 0.528426 0.024204 0.848634 0.631913 0.077486 0.771156 0.629125 0.511248 0.585515 0.650526 0.595400 0.471502 0.621506 0.659744 0.422455 0.664625 0.209738 0.717136 0.125248 0.889836 0.438753 0.093777 0.916389 0.389148 0.066280 0.932187 0.355857 0.045495 0.947405 0.316787 0.555134 0.731063 0.396703 0.614274 0.445718 0.651155 0.437849 -0.009498 0.898998 0.187086 0.149192 -0.970948 0.111015 0.065866 -0.991634 0.483858 0.538427 -0.689912 0.380418 0.475878 -0.792983 0.609304 0.467700 0.640317 0.240421 0.298047 -0.923778 0.548840 0.565005 -0.616072 0.151003 0.921795 -0.357060 0.075595 0.930139 -0.359341 0.141027 0.907238 0.396270 0.012146 0.900588 -0.434503 -0.075459 0.886245 -0.457028 -0.080602 0.889749 -0.449277 
						-0.068857 0.881044 -0.467996 0.174678 0.396816 -0.901124 0.144001 0.374229 -0.916087 0.111862 0.342283 -0.932914 -0.061719 0.875468 -0.479319 -0.055053 0.871751 -0.486847 0.233627 0.444286 -0.864887 0.205617 0.417369 -0.885169 0.621887 0.154973 0.767620 0.637432 0.241909 0.731547 0.264232 0.747249 0.609755 0.251977 0.726465 0.639341 0.640951 0.323438 0.696111 0.270477 0.767619 0.581036 0.524871 -0.021815 0.850902 0.587418 0.066089 0.806581 0.231900 0.706641 0.668492 0.202619 0.688706 0.696154 -0.082749 0.891378 -0.445643 -0.082862 0.991849 -0.096799 0.081566 0.302703 -0.949588 0.040530 0.263848 -0.963712 -0.082662 0.892124 -0.444164 -0.082797 0.992616 -0.088649 0.164022 0.673393 0.720860 0.435514 -0.099415 0.894676 0.065034 0.903828 0.422925 0.047950 0.898751 0.435829 0.118053 0.659942 0.741984 0.316846 -0.166263 0.933791 0.065495 0.649382 0.757636 0.171471 -0.215059 0.961430 0.029719 0.894708 0.445661 0.011259 0.892835 0.450243 0.010865 0.644615 0.764430 0.009997 -0.234331 0.972106 -0.080767 0.892911 -0.442930 -0.081627 0.993126 -0.083893 -0.010653 0.238274 -0.971140 -0.069472 0.233776 -0.969805 -0.077917 0.894064 -0.441110 -0.080118 0.993311 -0.083155 -0.050426 0.871493 -0.487809 -0.047816 0.872757 -0.485806 0.262423 0.517690 -0.814328 0.252394 0.480052 -0.840147 -0.046996 0.874353 -0.483010 -0.047224 0.875160 -0.481523 0.267251 0.581406 -0.768468 0.266250 0.552581 -0.789788 0.631239 0.459460 0.624847 0.619837 0.515149 0.591966 0.271408 0.818625 0.506153 0.273352 0.803094 0.529452 0.604900 0.563628 0.562512 0.267684 0.832933 0.484323 0.638445 0.395897 0.660041 0.273175 0.786167 0.554363 -0.047929 0.875680 -0.480507 -0.050163 0.877674 -0.476626 0.263279 0.635952 -0.725431 0.266838 0.607589 -0.748086 -0.053648 0.881220 -0.469653 -0.058439 0.886227 -0.459551 
						0.246720 0.697968 -0.672287 0.256613 0.666263 -0.700174 0.563056 0.651757 0.508115 0.535303 0.695073 0.479920 0.239194 0.876911 0.416910 0.252009 0.861727 0.440362 0.502585 0.737585 0.450973 0.223160 0.892277 0.392481 0.586173 0.607971 0.535511 0.261572 0.846997 0.462791 -0.064177 0.891752 -0.447951 -0.069854 0.896977 -0.436523 0.223172 0.754866 -0.616743 0.234997 0.728200 -0.643818 -0.075645 0.902082 -0.424884 -0.081594 0.907281 -0.412532 0.198874 0.799540 -0.566731 0.211163 0.778474 -0.591090 0.428653 0.812592 0.394905 0.391978 0.842608 0.369277 0.167885 0.932034 0.321135 0.186137 0.920383 0.343871 0.357775 0.867659 0.345203 0.151224 0.941951 0.299766 0.466147 0.777469 0.422196 0.204901 0.907051 0.367797 -0.087555 0.912677 -0.399193 -0.092840 0.918189 -0.385109 0.173007 0.835882 -0.520932 0.185990 0.818589 -0.543433 -0.096520 0.923734 -0.370675 -0.097834 0.929266 -0.356220 0.151006 0.865138 -0.478261 0.161037 0.851369 -0.499238 0.299883 0.905573 0.300012 0.276822 0.919716 0.278375 0.116117 0.963429 0.241499 0.124922 0.957450 0.260162 0.258174 0.931190 0.257355 0.110767 0.968361 0.223622 0.327003 0.888381 0.322255 0.136803 0.950332 0.279562 -0.097013 0.935101 -0.340844 -0.094861 0.941364 -0.323782 0.133284 0.891166 -0.433657 0.142102 0.878208 -0.456682 -0.091206 0.947745 -0.305715 -0.086124 0.953921 -0.287433 0.117784 0.915168 -0.385480 0.125048 0.903608 -0.409703 0.228844 0.949412 0.215053 0.216399 0.956977 0.193305 0.106862 0.979610 0.170134 0.106798 0.976312 0.188172 0.205224 0.963579 0.171458 0.108013 0.982454 0.152044 0.242701 0.940847 0.236438 0.108034 0.972566 0.206021 -0.080457 0.959802 -0.268899 -0.075412 0.965342 -0.249857 0.103419 0.936021 -0.336407 0.110849 0.925950 -0.361011 -0.071394 0.970415 -0.230646 -0.068644 0.974955 -0.211543 
						0.087541 0.953258 -0.289198 0.095608 0.945151 -0.312328 0.182636 0.974917 0.127205 0.170185 0.979802 0.105004 0.108795 0.989487 0.095282 0.109627 0.987339 0.114641 0.156974 0.984093 0.083186 0.106648 0.991400 0.075842 0.194301 0.969489 0.149456 0.109281 0.984987 0.133632 -0.068032 0.979120 -0.191559 -0.070553 0.982976 -0.169650 0.067906 0.967502 -0.243576 0.078602 0.960657 -0.266383 -0.076154 0.986379 -0.145796 -0.084316 0.989141 -0.120378 0.039944 0.979164 -0.199106 0.055090 0.973719 -0.220989 0.126270 0.991131 0.041417 0.108408 0.993873 0.021566 0.092107 0.995554 0.019698 0.098108 0.994456 0.037849 0.088706 0.996055 0.002358 0.085352 0.996348 0.002206 0.142469 0.987858 0.061968 0.103053 0.993064 0.056611 -0.092204 0.991009 -0.096949 -0.097710 0.992069 -0.079069 0.009813 0.986142 -0.165612 0.024153 0.983307 -0.180343 -0.100458 0.992693 -0.066852 -0.100259 0.993152 -0.059981 -0.011332 0.989348 -0.145129 -0.002371 0.987994 -0.154474 0.050009 0.998196 -0.033236 0.031699 0.998142 -0.052044 0.070777 0.996434 -0.045939 0.073845 0.996823 -0.029853 0.015120 0.997440 -0.069898 0.068820 0.995776 -0.060784 0.068782 0.997505 -0.015882 0.078936 0.996777 -0.014305 -0.097941 0.993567 -0.056855 -0.093690 0.994066 -0.055274 -0.019489 0.991524 -0.128456 -0.016930 0.990438 -0.136914 -0.086481 0.994776 -0.054228 -0.074676 0.995828 -0.052438 -0.015428 0.994852 -0.100156 -0.019170 0.992839 -0.117916 -0.011656 0.994331 -0.105689 -0.021670 0.991825 -0.125748 0.074503 0.991925 -0.102635 0.069947 0.993629 -0.088367 -0.029965 0.988033 -0.151307 0.084240 0.989156 -0.120312 0.000643 0.996164 -0.087506 0.068355 0.994853 -0.074795 -0.070514 0.997347 -0.018083 -0.094565 0.991005 0.094694 -0.185416 0.963717 0.192018 -0.049757 0.998619 -0.016848 -0.159973 0.942353 0.293904 -0.398234 0.789679 0.466708 
						-0.232441 0.906839 -0.351590 -0.381503 0.766867 -0.516111 -0.074513 0.920329 -0.383981 0.016262 0.966108 -0.257626 -0.091862 0.971815 -0.217110 0.073087 0.983368 -0.166269 -0.074593 0.994657 0.071367 -0.073716 0.995566 0.058427 -0.090491 0.994034 0.060894 -0.100072 0.992356 0.072214 -0.072941 0.996984 0.026487 -0.085836 0.995793 0.032070 -0.092206 0.995047 0.037152 -0.104063 0.993068 0.054658 -0.125657 0.989958 0.064760 -0.088416 0.996046 -0.008652 -0.072225 0.997123 -0.023026 -0.101765 0.994626 0.019060 -0.157034 0.985950 0.056940 -0.124366 0.991255 0.044110 -0.082913 0.995164 0.052669 -0.079890 0.994810 0.063009 -0.139702 0.987864 0.067875 -0.153315 0.986365 0.059823 -0.077543 0.994486 0.070604 -0.126302 0.989272 0.073409 -0.174524 0.982030 0.071819 -0.195691 0.978120 0.070610 -0.213872 0.974556 0.067075 -0.075802 0.994359 0.074191 -0.112761 0.990758 0.075386 -0.150913 0.986077 0.069835 -0.190144 0.979615 0.064799 -0.220036 0.972900 0.071060 -0.244390 0.966817 0.074424 -0.260885 0.962415 0.075468 -0.080394 0.993400 0.081817 -0.076047 0.993759 0.081607 -0.079901 0.985441 0.150075 -0.072897 0.985990 0.150035 -0.066374 0.987568 0.142495 -0.072135 0.994563 0.075102 -0.079387 0.980479 0.179882 -0.071433 0.981076 0.179962 -0.079135 0.979916 0.183038 -0.071140 0.980405 0.183696 -0.063574 0.982621 0.174396 -0.063788 0.983126 0.171445 -0.056995 0.985949 0.157020 -0.060351 0.989695 0.129851 -0.057218 0.985845 0.157591 -0.068190 0.995614 0.064060 -0.079342 0.983709 0.161313 -0.072436 0.983707 0.164541 -0.079828 0.990265 0.114031 -0.072851 0.989891 0.121693 -0.068173 0.989007 0.131216 -0.065209 0.985436 0.157049 -0.073243 0.995201 0.064881 -0.080694 0.995735 0.044723 -0.066169 0.992401 0.103736 -0.059375 0.988738 0.137375 0.006857 0.743931 -0.668222 -0.024449 0.747357 -0.663972 
						0.006912 0.837519 -0.546365 -0.014459 0.840266 -0.541981 -0.033875 0.847923 -0.529036 -0.052477 0.757037 -0.651261 0.006975 0.883926 -0.467575 -0.009019 0.886126 -0.463356 -0.023675 0.892234 -0.450952 -0.035262 0.900628 -0.433157 -0.049365 0.858602 -0.510260 -0.075014 0.770882 -0.632546 0.017905 0.999639 0.020037 0.001249 0.999773 0.021289 0.018796 0.999592 0.021528 0.001206 0.999742 0.022684 -0.021477 0.999374 0.028124 -0.019286 0.999458 0.026679 0.019728 0.999534 0.023311 0.001864 0.999704 0.024275 0.020564 0.999468 0.025329 0.000130 0.999656 0.026247 -0.029601 0.999047 0.032086 -0.025861 0.999213 0.030066 -0.064312 0.997178 0.038717 -0.056721 0.997727 0.036378 -0.072728 0.996494 0.041366 -0.052107 0.998038 0.034721 0.021366 0.999074 0.037354 -0.005467 0.999224 0.039012 0.021962 0.997022 0.073919 -0.006693 0.997046 0.076518 -0.047439 0.995209 0.085495 -0.039302 0.998169 0.045979 0.022262 0.988203 0.151521 -0.011999 0.987562 0.156773 -0.061349 0.983558 0.169851 -0.129377 0.973705 0.187512 -0.108159 0.989161 0.099313 -0.087578 0.994550 0.056577 -0.059079 0.998238 -0.005537 -0.060434 0.998165 0.003840 -0.045245 0.998972 0.002767 -0.040436 0.999173 -0.004337 -0.062257 0.997360 0.037367 -0.050535 0.998303 0.028937 -0.049764 0.998719 -0.009213 -0.040521 0.999109 -0.011822 -0.026547 0.999559 -0.013339 -0.064201 0.992320 0.105735 -0.057152 0.994669 0.085832 -0.054230 0.996259 0.067283 -0.063588 0.994435 0.083994 -0.055595 0.997581 0.041722 -0.051114 0.998292 0.028290 -0.056988 0.998374 -0.001675 -0.057135 0.998302 0.011350 -0.060941 0.997201 -0.043317 -0.074819 0.989330 -0.125013 -0.058418 0.995302 -0.077213 -0.017136 0.998683 -0.048352 -0.039631 0.997900 -0.051235 -0.064641 0.993678 0.091796 -0.059349 0.995424 0.074891 -0.064835 0.995646 0.066971 -0.062059 0.996621 0.053799 
						-0.063732 0.997374 0.034413 -0.060810 0.997407 0.038499 -0.065174 0.997815 0.010877 -0.062706 0.997903 0.016026 -0.063414 0.997694 0.024203 -0.064888 0.997428 0.030461 -0.060146 0.998103 0.013170 -0.062961 0.997829 0.019317 -0.060064 0.998084 0.014877 -0.059127 0.998224 0.007208 -0.062933 0.998007 0.004645 -0.059526 0.998204 0.006740 -0.060243 0.998184 -0.000602 -0.046338 0.998926 0.000788 -0.024119 0.999680 -0.007607 -0.045399 0.998969 0.000614 -0.058877 0.998258 -0.003726 -0.039687 0.999209 -0.002640 -0.018477 0.999758 -0.011910 0.000338 0.998965 -0.045491 0.006338 0.999314 -0.036476 -0.012273 0.999712 -0.020619 0.015844 0.202980 -0.979055 0.015610 0.246789 -0.968943 0.025356 0.240664 -0.970277 0.038456 0.198577 -0.979331 0.015260 0.366012 -0.930485 0.010254 0.361086 -0.932476 0.010655 0.363741 -0.931439 0.044530 0.224182 -0.973529 0.068159 0.181896 -0.980953 0.014705 0.574536 -0.818347 -0.001408 0.575713 -0.817651 0.014033 0.835216 -0.549742 -0.001645 0.837940 -0.545760 -0.018240 0.883065 -0.468896 -0.018934 0.618999 -0.785164 -0.025157 0.712990 -0.700722 0.018635 0.397758 -0.917301 -0.001998 0.940520 -0.339731 0.074259 0.210529 -0.974763 0.105565 0.159114 -0.981600 -0.084708 0.604054 0.792429 0.039234 0.642526 0.765259 -0.084051 0.188188 0.978530 0.079599 0.223997 0.971334 0.188770 0.316768 0.929529 0.102905 0.718412 0.687964 -0.083390 -0.102721 0.991209 0.077917 -0.085623 0.993276 0.015935 0.103067 -0.994547 0.059788 0.097095 -0.993478 0.109718 0.078829 -0.990832 0.211607 -0.022692 0.977091 0.306921 0.060588 0.949805 0.239882 0.408487 0.880679 0.160559 0.059920 -0.985206 0.116903 0.774836 0.621259 -0.094303 0.994795 0.038604 -0.204077 0.977565 0.052143 -0.089871 0.995157 0.039812 -0.183390 0.981701 0.051303 -0.248778 0.966310 0.065995 -0.273340 0.959386 0.069743 
						-0.086264 0.995292 0.044188 -0.168184 0.984294 0.053666 -0.230696 0.970847 0.065073 -0.272799 0.959050 0.076179 -0.290786 0.953498 0.079275 -0.313929 0.945656 0.084756 0.013720 0.980944 -0.193804 0.010196 0.975043 -0.221780 0.013506 0.998484 0.053353 0.022214 0.999624 0.016060 0.020334 0.999496 -0.024380 0.008866 0.981100 -0.193298 0.013094 0.976763 0.213922 0.035320 0.985009 0.168845 0.032959 0.990903 0.130477 0.013322 0.984998 0.172053 0.045232 0.996297 0.073111 0.035714 0.998618 0.038560 0.029494 0.994475 -0.100748 0.042102 0.998219 -0.042263 0.012778 0.979727 0.199931 0.038266 0.985704 0.164086 0.012277 0.986047 0.166016 0.034090 0.988762 0.145561 0.044833 0.994403 0.095674 0.048578 0.994623 0.091466 0.011594 0.986613 0.162668 0.021589 0.987532 0.155930 0.026225 0.989252 0.143852 0.011840 0.987961 0.154252 0.030150 0.989392 0.142107 0.037823 0.991609 0.123619 0.039272 0.993404 0.107734 0.033641 0.991146 0.128445 0.043338 0.996304 0.074159 0.038190 0.999215 0.010492 0.039814 0.999097 0.014866 0.043753 0.999042 0.000047 0.011441 0.982794 0.184352 0.018746 0.983730 0.178670 0.011361 0.974828 0.222666 0.017742 0.975839 0.217768 0.023267 0.978064 0.207001 0.024589 0.985733 0.166509 0.011329 0.955852 0.293629 0.019743 0.957049 0.289252 0.027720 0.959713 0.279610 0.035503 0.962974 0.267248 0.028127 0.980607 0.193955 0.028821 0.987832 0.152834 -0.065096 0.996761 -0.047229 -0.063975 0.997821 -0.016141 -0.065448 0.990987 -0.116881 -0.068135 0.993552 -0.090624 -0.063944 0.996946 -0.044828 -0.059400 0.998233 -0.001546 -0.069634 0.990860 -0.115534 -0.065776 0.988142 -0.138741 -0.066602 0.996170 -0.056654 -0.060178 0.998173 -0.005371 0.010395 0.996713 -0.080338 0.010789 0.997550 -0.069113 0.010363 0.999319 -0.035414 0.012301 0.999483 -0.029706 
						0.013238 0.999766 -0.017128 0.014014 0.999308 -0.034445 0.013601 0.999883 0.006949 0.010309 0.999919 0.007441 0.016219 0.999867 0.001909 0.018649 0.999796 -0.007702 0.095189 0.995035 0.029051 0.090321 0.995480 0.029365 0.074080 0.997057 0.019752 0.078559 0.996732 0.018814 0.083692 0.996026 0.030464 0.068794 0.997401 0.021417 0.048890 0.998738 0.011520 0.053230 0.998543 0.008907 0.057035 0.998350 0.006660 0.076084 0.996631 0.030623 0.063662 0.997713 0.022704 0.066987 0.997355 0.028215 0.057389 0.998119 0.021581 0.040007 0.999111 0.013255 0.044780 0.998910 0.013202 0.020905 0.999758 0.006858 0.023962 0.999705 0.004043 0.017988 0.999813 0.007132 -0.005501 0.999981 0.002781 -0.005041 0.999983 0.002928 -0.004386 0.999990 -0.000498 0.027982 0.999608 -0.000496 0.031822 0.999482 -0.004858 -0.001219 0.999978 -0.006585 0.003415 0.999912 -0.012798 0.089270 0.996007 -0.000332 0.103163 0.994569 0.013757 0.068503 0.997506 -0.016984 0.107470 0.985425 -0.131863 0.124464 0.987149 -0.100228 0.131712 0.988973 -0.067712 0.044352 0.998500 -0.032106 0.017268 0.998999 -0.041267 0.054764 0.986404 -0.154947 0.084169 0.984670 -0.152779 0.192640 0.870183 -0.453510 0.228720 0.876078 -0.424470 0.140281 0.891559 -0.430632 0.274204 0.564891 -0.778274 0.393507 0.522080 -0.756693 0.468096 0.557939 -0.685266 0.242456 0.901435 -0.358651 0.232704 0.931424 -0.279818 0.493917 0.644036 -0.584178 0.468365 0.745149 -0.474750 0.119573 0.992461 0.026909 0.111194 0.993064 0.038221 0.144120 0.988913 -0.035788 0.162171 0.986740 -0.006759 0.137689 0.989706 0.039046 0.126356 0.990894 0.046503 0.227240 0.953828 -0.196402 0.427363 0.836872 -0.342062 0.389150 0.897843 -0.206010 0.234434 0.964806 -0.119121 0.249738 0.967324 -0.043762 0.181247 0.983223 0.020543 0.353523 0.933588 -0.058605 
						0.260717 0.960287 0.099374 0.234791 0.970776 0.049676 0.177927 0.982968 0.046000 0.153388 0.986936 0.049293 0.137530 0.989117 0.052274 0.150031 0.987229 0.053576 0.133311 0.989711 0.051955 0.103544 0.993930 0.037183 0.114604 0.992444 0.043831 0.102195 0.993883 0.041857 0.094758 0.994812 0.037019 0.118156 0.991886 0.046922 0.107403 0.993229 0.044279 0.088045 0.995352 0.039020 0.101000 0.993961 0.042898 0.084989 0.995594 0.039607 0.088635 0.995266 0.039874 0.073627 0.996645 0.035752 0.061879 0.997519 0.033575 0.069863 0.996882 0.036694 0.074648 0.996495 0.037761 0.084571 0.995761 0.036156 0.074565 0.996582 0.035562 0.025159 0.999523 0.017909 0.006357 0.999893 0.013173 -0.028675 0.999583 0.003333 -0.028630 0.999587 0.002359 0.004749 0.999903 0.013068 -0.013761 0.999872 0.008132 -0.023338 0.999705 0.006772 -0.042182 0.999110 0.000745 -0.054643 0.998499 -0.003690 0.006399 0.999882 0.014001 -0.002603 0.999925 0.011963 0.006913 0.999866 0.014862 0.004003 0.999883 0.014745 0.001950 0.999877 0.015538 -0.008049 0.999898 0.011811 -0.003200 0.999880 0.015130 -0.016896 0.999804 0.010365 0.006095 0.999807 0.018685 0.023862 0.999381 0.025867 0.015104 0.999648 0.021806 0.005508 0.999819 0.018231 -0.032584 0.999455 0.005234 -0.045489 0.998965 0.000792 -0.004944 0.999881 0.014624 -0.017823 0.999789 0.010222 0.004192 0.999088 -0.042498 0.055519 0.998450 -0.003966 -0.056769 0.997184 -0.049000 -0.000926 0.934378 -0.356282 -0.189553 0.793769 -0.577928 0.045996 0.976591 -0.210131 -0.064796 0.997218 -0.036846 -0.032594 0.999304 -0.018156 -0.032065 0.993411 -0.110025 -0.078053 0.979844 -0.183887 -0.143826 0.855029 -0.498237 -0.530408 0.594014 -0.604827 -0.013208 0.953313 -0.301696 0.036173 0.780753 -0.623791 -0.235646 0.542336 -0.806438 -0.576882 0.541977 -0.611121 
						-0.396930 0.839950 -0.370042 -0.006602 0.977965 -0.208663 -0.265630 0.893219 -0.362768 0.082798 0.980150 -0.180138 0.096123 0.994785 0.034092 0.078790 0.996288 0.034675 0.125327 0.991487 0.035307 0.087974 0.989625 0.113593 0.091711 0.994593 0.048728 0.088643 0.995281 0.039465 0.190058 0.979709 0.063626 0.239685 0.965636 0.100490 0.255019 0.906529 0.336410 0.162510 0.950824 0.263672 0.107037 0.923139 0.369265 0.053385 0.987532 0.148092 0.232581 0.835328 0.498129 0.214794 0.744489 0.632139 0.071410 0.886292 0.457589 0.028030 0.983733 0.177434 0.072457 0.995933 0.053546 0.076874 0.996335 0.037517 0.056321 0.996826 0.056273 0.063281 0.997425 0.033753 0.058770 0.997853 0.028900 0.073396 0.996700 0.034661 0.056646 0.997956 0.029575 0.039084 0.998963 0.023352 0.068947 0.997021 0.034562 0.059762 0.997706 0.031813 0.053966 0.998099 0.029777 0.058881 0.997777 0.031224 0.045765 0.998583 0.027148 0.039697 0.998909 0.024609 0.045001 0.998623 0.026972 0.033349 0.999171 0.023367 0.031248 0.999252 0.022788 0.024727 0.999486 0.020408 0.024922 0.999499 0.019530 0.015048 0.999740 0.017148 0.007072 0.999857 0.015388 0.004803 0.999877 0.014914 0.012012 0.999782 0.017088 0.000933 0.999895 0.014458 -0.000279 0.999904 0.013875 0.000852 0.999897 0.014355 0.016777 0.999683 0.018789 0.019356 0.999623 0.019463 0.004896 0.999863 0.015817 0.003193 0.999877 0.015383 -0.009445 0.999878 0.012423 -0.009347 0.999881 0.012253 -0.009298 0.999880 0.012391 -0.022964 0.999693 0.009276 -0.021501 0.999721 0.009808 -0.019488 0.999757 0.010297 -0.007944 0.999891 0.012479 -0.004656 0.999897 0.013547 -0.016256 0.999806 0.011136 -0.011396 0.999855 0.012632 0.005700 0.999856 0.015976 0.003433 0.999868 0.015895 0.006663 0.999812 0.018200 0.006375 0.999825 0.017564 
						-0.000888 0.999882 0.015351 -0.006399 0.999872 0.014642 -0.000869 0.999850 0.017268 0.003627 0.999833 0.017916 0.008386 0.999748 0.020825 0.010553 0.999722 0.021065 0.004872 0.999784 0.020189 0.009932 0.999687 0.022945 0.012885 0.999637 0.023655 0.015729 0.999581 0.024317 0.010606 0.999731 0.020608 0.018109 0.999533 0.024604 -0.014385 0.999870 -0.007301 -0.012542 0.999919 -0.002027 -0.013866 0.999873 -0.007828 -0.014229 0.999793 -0.014575 -0.010775 0.999942 0.000829 -0.012448 0.999909 -0.005275 -0.010942 0.999673 -0.023118 -0.012283 0.999644 -0.023703 -0.012061 0.999444 -0.031085 -0.009142 0.999957 0.001807 -0.010864 0.999925 -0.005679 -0.007469 0.999970 0.001834 -0.010331 0.999919 -0.007426 -0.008706 0.999493 -0.030612 -0.009250 0.999609 -0.026397 -0.003815 0.998018 -0.062814 -0.005496 0.998435 -0.055647 -0.003619 0.997550 -0.069861 0.005994 0.992049 -0.125711 0.005652 0.993176 -0.116489 0.004313 0.994380 -0.105786 -0.007338 0.998685 -0.050738 -0.007374 0.998459 -0.055003 0.002129 0.995436 -0.095405 -0.000427 0.996311 -0.085812 -0.014990 0.999523 -0.026998 -0.015982 0.999757 -0.015161 -0.010741 0.998788 -0.048035 -0.006760 0.997332 -0.072689 -0.014072 0.998931 -0.044043 -0.017915 0.999515 -0.025463 -0.003105 0.996837 -0.079417 0.007361 0.992719 -0.120228 0.016400 0.987302 -0.158008 0.004047 0.993670 -0.112266 0.011543 0.989022 -0.147320 -0.002135 0.994849 -0.101343 0.025704 0.980038 -0.197140 0.033944 0.971691 -0.233806 0.018371 0.983019 -0.182582 0.002076 0.991221 -0.132196 -0.012936 0.997820 -0.064716 -0.020374 0.999071 -0.037960 -0.012391 0.996003 -0.088456 -0.023960 0.998304 -0.053050 -0.015314 0.999847 -0.008481 -0.013036 0.999907 -0.004024 -0.019523 0.999713 -0.013856 -0.019669 0.999784 -0.006735 -0.013705 0.999898 -0.003980 -0.010351 0.999946 -0.001273 -0.025044 0.999489 -0.019860 
						-0.032418 0.999102 -0.027271 -0.037791 0.999213 -0.012023 -0.027524 0.999579 -0.009146 -0.028154 0.999598 -0.003428 -0.018603 0.999824 -0.002517 -0.040461 0.999172 -0.004209 -0.040789 0.999166 -0.001937 -0.027198 0.999629 -0.001273 -0.016465 0.999864 -0.000270 -0.011300 0.999936 -0.000828 -0.007114 0.999974 0.001079 -0.008172 0.999965 0.001460 -0.002475 0.999991 0.003465 -0.009401 0.999956 -0.000105 -0.005826 0.999981 0.001794 -0.003273 0.999986 0.004050 -0.007211 0.999971 0.002331 -0.001802 0.999991 0.003766 0.002906 0.999978 0.005931 0.005953 0.999948 0.008271 0.001063 0.999981 0.006008 0.002708 0.999964 0.008029 -0.001543 0.999982 0.005782 0.007229 0.999919 0.010513 0.007180 0.999902 0.012059 0.004662 0.999941 0.009778 0.000647 0.999974 0.007211 -0.005525 0.999978 0.003717 -0.002929 0.999985 0.004703 -0.000603 0.999700 -0.024502 -0.003082 0.999720 -0.023457 0.010225 0.999431 -0.032155 0.012814 0.999280 -0.035717 -0.005680 0.999799 -0.019248 0.006720 0.999653 -0.025466 0.019364 0.999429 -0.027691 0.023815 0.999034 -0.036935 0.027350 0.998661 -0.043911 -0.006308 0.999897 -0.012872 0.003447 0.999848 -0.017073 -0.005867 0.999967 -0.005559 0.001473 0.999959 -0.008921 0.010662 0.999906 -0.008641 0.014841 0.999730 -0.017877 0.027253 0.999513 -0.015192 0.032720 0.999142 -0.025400 0.021648 0.999747 -0.006157 0.028989 0.999576 -0.002704 0.034387 0.999348 -0.011028 0.040201 0.998985 -0.020316 0.037893 0.998626 -0.036204 0.042283 0.998047 -0.045977 0.045328 0.998505 -0.030537 0.049846 0.997942 -0.040332 0.007668 0.999945 0.007204 -0.004759 0.999944 0.009490 0.020037 0.999755 0.009422 -0.072458 0.925095 0.372757 -0.052572 0.964074 0.260379 -0.045414 0.981438 0.186326 0.031658 0.999314 0.019214 0.034644 0.998843 0.033363 -0.126712 0.799397 0.587290 -0.102710 0.860291 0.499349 
						-0.446512 0.296285 0.844300 -0.419671 0.500402 0.757281 -0.399597 0.150023 0.904332 -0.439558 0.038161 0.897403 -0.526594 0.153375 0.836167 -0.561397 0.316817 0.764500 -0.341488 0.691787 0.636251 -0.259054 0.826271 0.500166 -0.541919 0.495673 0.678699 -0.483413 0.659164 0.576034 -0.021712 0.999680 0.012945 -0.017723 0.999746 -0.013923 -0.051219 0.988612 0.141502 -0.072163 0.991411 0.109071 -0.044463 0.998914 0.013926 -0.037471 0.999278 -0.006298 -0.207663 0.901139 0.380558 -0.416700 0.788087 0.453077 -0.358668 0.876573 0.320901 -0.196492 0.940651 0.276707 -0.205592 0.963762 0.169981 -0.100060 0.991831 0.079114 -0.301185 0.939942 0.160615 -0.193629 0.980639 -0.029237 -0.198517 0.979997 0.014062 -0.131327 0.990751 0.034139 -0.067081 0.997668 0.012613 -0.054258 0.998526 -0.001251 -0.079389 0.996800 0.009328 -0.055517 0.998454 0.002722 -0.019111 0.999722 -0.013795 -0.033996 0.999407 -0.005391 -0.027247 0.999625 -0.002791 -0.018020 0.999778 -0.010897 -0.042971 0.999076 0.001126 -0.037887 0.999265 0.005865 -0.021615 0.999729 0.008674 -0.029981 0.999543 0.003902 -0.017311 0.999826 0.006890 -0.018886 0.999821 0.000720 -0.006669 0.999912 0.011436 0.005151 0.999889 0.014009 -0.006383 0.999931 0.009873 -0.011114 0.999928 0.004488 -0.014274 0.999880 -0.005983 -0.010339 0.999946 -0.000870 0.021970 0.988308 -0.150880 0.038593 0.990885 -0.129068 0.046526 0.984452 -0.169380 0.031184 0.980204 -0.195521 0.051810 0.992966 -0.106463 0.058250 0.988158 -0.141953 0.055998 0.988510 -0.140397 0.045321 0.984214 -0.171081 0.030672 0.979316 -0.199998 0.060662 0.994544 -0.084867 0.065336 0.991215 -0.114998 0.063726 0.995809 -0.065606 0.066957 0.993722 -0.089628 0.063053 0.994918 -0.078500 0.062064 0.992069 -0.109303 0.048864 0.997330 -0.054272 0.043495 0.994978 -0.090150 0.049813 0.998622 -0.016530 
						0.022284 0.988082 0.152305 0.019338 0.994463 0.103291 0.013752 0.998098 0.060101 0.033917 0.991680 -0.124178 0.020604 0.987608 -0.155580 0.005346 0.999755 0.021488 -0.005451 0.999903 -0.012856 0.011614 0.975721 -0.218709 0.003282 0.985506 -0.169612 0.011796 0.974137 -0.225652 -0.010204 0.969379 -0.245356 -0.010342 0.971646 -0.236214 -0.016182 0.982953 -0.183144 0.003549 0.983075 -0.183169 -0.018518 0.998925 -0.042493 -0.032277 0.997359 -0.065069 -0.016186 0.978762 -0.204358 -0.038566 0.975438 -0.216872 -0.034626 0.965856 -0.256753 -0.047237 0.995789 -0.078564 -0.034413 0.968666 -0.245973 -0.039121 0.980963 -0.190212 -0.008181 0.994715 -0.102348 0.009325 0.995930 -0.089641 -0.026132 0.993447 -0.111266 -0.034411 0.997857 -0.055647 -0.016968 0.998611 -0.049874 0.000528 0.999111 -0.042146 -0.045267 0.992311 -0.115198 -0.050280 0.997056 -0.057889 -0.053757 0.998306 -0.022260 -0.040467 0.998983 -0.019879 -0.055679 0.998375 -0.012148 -0.044162 0.998995 -0.007680 -0.023341 0.999613 -0.015161 -0.004391 0.999938 -0.010250 -0.026737 0.999641 -0.001676 0.027287 0.996889 -0.073938 0.020063 0.999290 -0.031880 0.037235 0.999100 -0.020314 0.042339 0.997451 -0.057435 0.016895 0.999849 -0.004006 0.036520 0.999326 0.003780 0.051357 0.998605 0.012265 0.049971 0.998708 -0.009270 0.058029 0.998162 0.017483 0.055899 0.998435 -0.001412 0.053172 0.997706 -0.041903 0.057894 0.997897 -0.029146 0.207847 0.975035 0.078143 0.178286 0.981335 0.072080 0.191954 0.978409 0.076614 0.217119 0.972745 0.081401 0.143872 0.987517 0.064119 0.156975 0.985208 0.068734 0.170354 0.982636 0.073527 0.205863 0.975163 0.081712 0.231088 0.969049 0.086853 0.109132 0.992477 0.055501 0.119959 0.990979 0.059758 0.077044 0.995918 0.047029 0.084477 0.995142 0.050557 0.090048 0.994498 0.053529 0.130490 0.989391 0.063855 
						0.139894 0.987862 0.067513 0.182196 0.980163 0.078012 0.093350 0.994067 0.055830 0.092906 0.994041 0.057017 0.147463 0.986554 0.070475 0.191416 0.978074 0.082042 0.217571 0.972172 0.086864 0.243002 0.965562 0.092950 0.225583 0.969861 0.092094 0.251885 0.962596 0.099814 0.247334 0.965021 0.086950 0.231244 0.969436 0.081973 0.261070 0.960865 0.092638 0.279226 0.955558 0.094563 0.265007 0.960159 0.088688 0.248712 0.964950 0.083752 0.272946 0.956885 0.099356 0.282202 0.953362 0.107063 0.304103 0.946256 0.110098 0.292389 0.950872 0.101740 0.303011 0.947668 0.100548 0.288332 0.952962 0.093423 0.317290 0.942057 0.108885 0.324640 0.940047 0.104498 0.307936 0.946478 0.096722 0.291416 0.952351 0.090025 0.273393 0.957902 0.087638 0.256890 0.962883 0.082845 0.275279 0.957641 0.084535 0.256692 0.963207 0.079633 0.217668 0.972888 0.078163 0.197735 0.977377 0.075066 0.235106 0.968666 0.080073 0.220514 0.972415 0.076049 0.202533 0.976487 0.073847 0.182174 0.980736 0.070493 0.243394 0.966677 0.079336 0.240356 0.967726 0.075728 0.227120 0.971167 0.072465 0.229356 0.970399 0.075645 0.215875 0.973763 0.071993 0.206278 0.975842 0.071983 0.215178 0.974104 0.069430 0.204431 0.976615 0.066569 0.203114 0.976764 0.068382 0.192621 0.978922 0.067895 0.187937 0.979717 0.069528 0.167319 0.983691 0.065998 0.174250 0.982536 0.065268 0.153436 0.986237 0.061602 0.161328 0.984631 0.066895 0.146069 0.987318 0.062178 0.112715 0.992171 0.053776 0.127627 0.990082 0.058736 0.131536 0.989635 0.057621 0.118366 0.991536 0.053342 0.084842 0.995403 0.044444 0.098048 0.993978 0.048929 0.066541 0.996978 0.040096 0.081054 0.995681 0.045282 0.051462 0.998076 0.034574 0.042619 0.998542 0.033142 0.055862 0.997704 0.038285 0.094505 0.994258 0.050194 
						0.066767 0.996854 0.042712 0.161515 0.984976 0.061122 0.141072 0.988331 0.057450 0.179642 0.981655 0.063890 0.166906 0.984146 0.059991 0.149170 0.987164 0.057051 0.129725 0.990107 0.053468 0.191061 0.979426 0.064964 0.194704 0.978766 0.064095 0.185702 0.980636 0.062192 0.179339 0.981843 0.061827 0.167588 0.984093 0.058945 0.154122 0.986445 0.056321 0.177185 0.982306 0.060665 0.169152 0.983816 0.059100 0.154495 0.986371 0.056592 0.140412 0.988673 0.053009 0.136801 0.989177 0.053053 0.118882 0.991672 0.049543 0.124354 0.991013 0.049297 0.108138 0.993087 0.045659 0.107412 0.992981 0.049513 0.097618 0.994168 0.045837 0.066390 0.997092 0.037413 0.074344 0.996406 0.040602 0.088768 0.995156 0.042256 0.080104 0.996038 0.038633 0.052092 0.998158 0.031088 0.059462 0.997638 0.034388 0.027570 0.999309 0.024940 0.035094 0.998995 0.027890 0.019439 0.999576 0.021661 0.041831 0.998656 0.030601 0.014015 0.999752 0.017317 -0.000214 0.999918 0.012777 0.015787 0.999642 0.021600 0.004520 0.999856 0.016344 0.001619 0.999917 0.012797 -0.004064 0.999955 0.008615 0.012540 0.999596 0.025525 0.007645 0.999781 0.019469 0.006008 0.999852 0.016141 0.006346 0.999873 0.014611 0.001888 0.999941 0.010732 0.006893 0.999865 0.014938 0.003483 0.999942 0.010233 -0.004005 0.999978 0.005219 -0.001532 0.999995 0.002848 0.018447 0.999697 0.016282 0.021569 0.999610 0.017710 0.005359 0.999888 0.013984 0.044396 0.998757 0.022656 0.048138 0.998578 0.022912 0.043948 0.998763 0.023244 -0.013198 0.999849 0.011294 -0.023174 0.999679 0.010214 0.057963 0.997919 0.028260 0.036931 0.999060 0.022679 0.126279 0.991130 0.041419 0.095299 0.994857 0.034307 0.192933 0.979621 0.055849 0.256866 0.963890 0.070250 0.194583 0.979219 0.057167 0.143861 0.988490 0.046808 
						0.079522 0.996360 0.030702 0.073455 0.996830 0.030560 0.110440 0.993070 0.040176 0.095264 0.994756 0.037229 0.028881 0.999345 0.021813 0.044208 0.998671 0.026482 0.041254 0.998754 0.028074 0.028628 0.999228 0.026912 0.098259 0.994352 0.040105 0.071943 0.996857 0.033175 0.101909 0.993962 0.040672 0.069120 0.997070 0.032774 0.108879 0.993246 0.040095 0.077120 0.996519 0.031670 0.073419 0.996786 0.032049 0.105997 0.993546 0.040398 0.051606 0.998381 0.023924 0.048470 0.998494 0.025698 0.029057 0.999354 0.021139 0.030742 0.999368 0.017843 0.025064 0.999310 0.027392 0.018829 0.999361 0.030393 0.017675 0.981537 -0.190454 0.017591 0.983584 -0.179594 0.028365 0.966905 -0.253553 0.029764 0.970247 -0.240281 0.029698 0.974442 -0.222668 0.016971 0.985982 -0.165986 0.038360 0.949855 -0.310329 0.041057 0.955014 -0.293707 0.047120 0.932381 -0.358393 0.050967 0.939721 -0.338123 0.051037 0.948610 -0.312306 0.041179 0.961576 -0.271433 0.036503 0.970058 -0.240115 0.025805 0.980110 -0.196771 0.045615 0.959461 -0.278126 0.014432 0.988640 -0.149611 -0.001029 0.997217 -0.074542 0.006162 0.991125 -0.132789 -0.005364 0.999439 -0.033056 -0.002416 0.999406 -0.034367 0.000819 0.996977 -0.077698 0.006135 0.990427 -0.137903 -0.006824 0.999945 -0.008001 -0.005729 0.999981 0.002142 -0.002452 0.999992 0.003298 -0.003402 0.999964 -0.007826 0.001793 0.999972 -0.007293 0.002088 0.999392 -0.034808 0.002397 0.999987 0.004427 0.003598 0.996832 -0.079455 0.006284 0.989969 -0.141142 0.015127 0.979729 -0.199755 0.012621 0.978263 -0.206982 0.019354 0.961271 -0.274926 0.024202 0.963900 -0.265161 0.009685 0.977242 -0.211907 0.013319 0.959348 -0.281911 0.016736 0.937711 -0.347012 0.025698 0.940897 -0.337716 0.019714 0.914432 -0.404258 0.031275 0.919173 -0.392611 0.032748 0.945171 -0.324929 
						0.040285 0.925524 -0.376539 0.115043 0.992794 0.033536 0.100390 0.994518 0.029269 0.129195 0.990903 0.037674 0.127325 0.991823 -0.008708 0.114749 0.993324 -0.011836 0.101332 0.994706 -0.017056 0.141656 0.989044 0.041535 0.150149 0.987757 0.042328 0.146312 0.989107 -0.016119 0.137980 0.990394 -0.008968 0.152743 0.980977 -0.119809 0.141920 0.983822 -0.109326 0.163504 0.975777 -0.145347 0.210034 0.885103 -0.415304 0.197571 0.912406 -0.358442 0.187675 0.925612 -0.328665 0.130056 0.985588 -0.108174 0.117738 0.986487 -0.113938 0.178086 0.931175 -0.318117 0.168245 0.931484 -0.322539 0.074271 0.997004 0.021598 0.077425 0.996620 -0.027471 0.053319 0.997678 -0.042385 0.047617 0.998785 0.012684 0.096956 0.986851 -0.129325 0.155608 0.926300 -0.343154 0.144570 0.910456 -0.387517 0.077387 0.984662 -0.156372 0.049385 0.977581 -0.204685 0.021292 0.997566 -0.066397 0.123575 0.874639 -0.468761 0.014372 0.999897 0.000448 -0.028607 0.999585 -0.003280 -0.046892 0.998799 -0.014216 -0.050782 0.998262 -0.029911 -0.030742 0.999485 -0.009235 -0.056408 0.998096 -0.024950 -0.057625 0.996589 -0.059082 -0.059680 0.989504 -0.131603 -0.058991 0.992717 -0.105034 -0.060312 0.994912 -0.080701 -0.056352 0.996096 -0.067947 -0.069025 0.997394 -0.020977 -0.062330 0.997811 -0.022110 -0.061434 0.997710 -0.028312 -0.066859 0.997294 -0.030564 -0.049152 0.998573 -0.020888 -0.050016 0.998525 -0.021126 -0.029939 0.999465 -0.013169 -0.025994 0.999500 -0.017979 0.680436 0.562089 -0.470173 0.609307 0.708553 -0.355947 0.619641 0.706966 -0.340946 0.689115 0.548696 -0.473343 0.510611 0.829783 -0.225250 0.519273 0.830963 -0.199639 0.514233 0.834117 -0.199533 0.608379 0.715276 -0.343883 0.675063 0.560592 -0.479611 0.386378 0.919796 -0.068473 0.394158 0.918604 -0.028384 0.211973 0.964968 0.154608 0.227841 0.958267 0.172665 
						0.247299 0.955875 0.158574 0.400770 0.915683 -0.030136 0.393185 0.918324 -0.045684 0.481979 0.851158 -0.207909 0.259959 0.957120 0.127836 0.560063 0.749648 -0.352644 0.620566 0.612800 -0.489258 0.710987 0.383707 -0.589293 0.705292 0.400568 -0.584900 0.691567 0.396791 -0.603565 0.650248 0.247747 -0.718192 0.676621 0.228396 -0.700014 0.676305 0.246221 -0.694253 0.632362 0.463875 -0.620434 0.589402 0.334540 -0.735315 0.495255 0.249966 -0.832009 0.558279 0.133564 -0.818832 0.347524 0.238054 -0.906950 0.409033 0.073279 -0.909572 0.593742 0.100840 -0.798312 0.601710 0.116690 -0.790145 0.454909 0.014237 -0.890424 0.497286 0.027645 -0.867146 0.701247 0.432785 -0.566525 0.671148 0.591996 -0.446208 0.691572 0.290677 -0.661237 0.273457 0.420928 0.864894 0.196575 0.278796 0.940016 0.209247 0.317635 0.924837 0.270824 0.458324 0.846518 0.304691 0.574325 0.759812 0.299765 0.609063 0.734291 0.640804 0.166452 -0.749442 0.555059 0.072783 -0.828620 0.091502 0.159579 0.982935 -0.014990 0.071321 0.997341 0.023308 0.086450 0.995983 0.121039 0.191046 0.974090 0.138999 0.247490 0.958868 0.213429 0.385771 0.897568 0.047975 0.119427 0.991683 0.053669 0.195071 0.979320 0.121036 0.356297 0.926500 0.165717 0.502425 0.848591 0.261839 0.525280 0.809643 0.283963 0.664549 0.691187 0.194435 0.629746 0.752073 0.595071 0.731381 -0.333125 0.305032 0.742547 0.596305 0.308101 0.712083 0.630881 0.305768 0.851115 0.426743 0.310810 0.828748 0.465375 0.492244 0.846239 -0.203900 0.287532 0.781732 0.553372 0.291582 0.876842 0.382267 0.269516 0.951493 0.148402 0.281685 0.934412 0.218007 0.156695 0.978144 -0.136676 0.196190 0.978962 -0.056066 0.362942 0.930751 -0.044450 0.285866 0.916250 0.280653 0.222583 0.974696 -0.020613 0.197381 0.973373 0.116559 -0.363866 0.671822 -0.645180 
						-0.362544 0.639599 -0.677845 -0.328777 0.476713 -0.815261 -0.356708 0.526313 -0.771851 -0.583619 0.579959 0.568364 -0.576760 0.577212 0.578077 -0.602095 0.431693 0.671657 -0.612096 0.448070 0.651592 -0.585961 0.289647 0.756805 -0.598179 0.314586 0.737032 -0.262583 0.323856 -0.908938 -0.302538 0.367708 -0.879353 -0.555019 0.598425 0.577791 -0.589187 0.443954 0.675103 -0.581324 0.288549 0.760790 -0.529646 0.152391 0.834418 -0.532033 0.167824 0.829925 -0.438301 0.054035 0.897202 -0.445292 0.077928 0.891988 -0.162046 0.183338 -0.969602 -0.211198 0.213243 -0.953899 -0.548898 0.199861 0.811644 -0.469155 0.112360 0.875939 -0.033156 0.066914 -0.997208 -0.085930 0.078584 -0.993197 -0.336073 0.609533 -0.718000 -0.348312 0.737831 -0.578173 -0.297015 0.466008 -0.833438 -0.203386 0.664116 -0.719433 -0.234786 0.762950 -0.602315 -0.265898 0.838420 -0.475763 -0.228669 0.310754 -0.922574 -0.125411 0.159962 -0.979124 -0.106377 0.376287 -0.920376 -0.166591 0.532190 -0.830073 -0.063515 0.800191 -0.596372 -0.083853 0.876124 -0.474736 -0.036635 0.684992 -0.727629 -0.010080 0.911890 -0.410311 -0.032261 0.952393 -0.303162 -0.053550 0.974940 -0.215928 -0.111179 0.917797 -0.381167 -0.155614 0.938684 -0.307663 -0.077721 0.984182 -0.159204 -0.107827 0.985467 -0.131258 -0.332221 0.838043 -0.432797 -0.342806 0.791906 -0.505340 -0.269977 0.894876 -0.355401 -0.265530 0.941529 -0.207406 -0.306451 0.915248 -0.261551 -0.314736 0.888434 -0.334106 -0.183075 0.953363 -0.239963 -0.131367 0.985230 -0.109839 -0.150672 0.985871 -0.073186 -0.204009 0.968165 -0.145040 -0.197104 0.979731 -0.035731 -0.236936 0.970800 -0.037544 -0.144936 0.989101 -0.025948 -0.103027 0.994081 0.034475 -0.139324 0.986599 0.084915 -0.153926 0.977451 0.144557 -0.258870 0.964257 -0.056514 -0.261739 0.955081 -0.138970 -0.158037 0.970993 0.179433 -0.158961 0.980724 0.113634 
						-0.361472 0.780962 -0.509349 -0.334467 0.882595 -0.330389 -0.527218 0.711335 0.464805 -0.445112 0.826097 0.345601 -0.441049 0.835879 0.326775 -0.521687 0.719715 0.458097 -0.280618 0.951178 -0.128505 -0.181806 0.970104 0.160763 -0.331836 0.922207 0.198542 -0.157631 0.987498 -0.000946 -0.163838 0.984795 -0.057763 -0.332326 0.928937 0.163203 -0.326668 0.931737 0.158602 -0.420446 0.847608 0.323706 -0.177468 0.982393 -0.058395 -0.495501 0.738930 0.456576 -0.010157 0.992115 -0.124920 -0.026811 0.996422 -0.080152 0.008401 0.984518 -0.175084 0.021774 0.969952 -0.242322 -0.001871 0.982858 -0.184355 -0.025426 0.991534 -0.127335 0.027460 0.973114 -0.228683 0.044579 0.958918 -0.280159 0.063146 0.933861 -0.352017 0.044216 0.952983 -0.299779 0.077100 0.907789 -0.412280 0.050336 0.936165 -0.347940 0.098534 0.878302 -0.467842 0.178116 0.721895 -0.668687 0.153769 0.778712 -0.608246 0.121683 0.836800 -0.533815 0.020391 0.960338 -0.278091 -0.012853 0.979134 -0.202807 0.083952 0.891416 -0.445342 0.035654 0.939739 -0.340027 -0.040435 0.998192 -0.044482 -0.046997 0.995881 -0.077537 -0.062233 0.997071 -0.044451 -0.049705 0.998514 -0.022343 -0.047806 0.990193 -0.131275 -0.023093 0.972997 -0.229662 -0.069709 0.986986 -0.144914 -0.074200 0.993980 -0.080612 -0.088251 0.994879 -0.049268 -0.071822 0.997087 -0.025685 -0.095964 0.991353 -0.089500 -0.098988 0.992906 -0.065865 -0.089088 0.995356 -0.036478 -0.073743 0.997099 -0.018858 -0.054864 0.998439 -0.010477 -0.056646 0.998370 -0.006900 -0.295212 0.028014 0.955021 -0.306059 0.035260 0.951359 -0.280838 0.119656 0.952267 -0.271560 0.134433 0.952986 -0.284901 0.030496 0.958072 -0.260490 0.093247 0.960963 -0.188970 0.293374 0.937135 -0.202903 0.370721 0.906309 -0.194966 0.428806 0.882108 -0.207611 0.006704 0.978188 -0.174472 0.049315 0.983426 -0.013182 -0.025481 0.999588 
						0.067776 0.002680 0.997697 0.123382 0.118492 0.985260 -0.106164 0.198292 0.974376 0.010449 0.495859 0.868340 -0.058453 0.623030 0.780011 0.176419 0.382388 0.907004 0.208060 0.761929 0.613332 0.140851 0.823545 0.549487 0.077147 0.886713 0.455839 -0.071668 0.713193 0.697294 -0.072665 0.769878 0.634041 0.045752 0.922804 0.382545 0.028273 0.941887 0.334739 -0.245163 0.140295 0.959277 -0.265528 0.017033 0.963953 -0.178676 0.465402 0.866877 -0.165241 0.481457 0.860753 -0.212746 0.138361 0.967262 -0.224401 0.006429 0.974476 -0.068376 0.801447 0.594145 0.023977 0.951092 0.307974 0.014604 0.956167 0.292458 -0.070423 0.816516 0.573011 -0.079341 0.819224 0.567959 -0.153450 0.478941 0.864331 -0.000375 0.958310 0.285729 -0.025468 0.957670 0.286739 -0.097911 0.810295 0.577785 -0.142867 0.460093 0.876301 -0.173817 0.129640 0.976207 -0.173839 -0.002141 0.984772 -0.129380 0.118203 0.984525 -0.116978 -0.005306 0.993120 -0.279922 -0.067337 0.957658 -0.309817 -0.042073 0.949865 -0.234339 -0.085839 0.968358 0.246132 0.071684 -0.966582 0.304420 0.081985 -0.949003 0.298009 0.339236 -0.892250 0.259643 0.309323 -0.914825 0.191647 0.065087 -0.979303 0.219072 0.267394 -0.938354 -0.177246 -0.095079 0.979563 -0.112704 -0.092704 0.989295 0.364390 0.100426 -0.925816 0.421234 0.131302 -0.897397 0.369571 0.378841 -0.848467 0.334947 0.360756 -0.870440 0.265554 0.714276 -0.647527 0.259403 0.697336 -0.668157 0.271255 0.718371 -0.640597 0.252054 0.662029 -0.705823 0.241680 0.599980 -0.762636 -0.319825 -0.016772 0.947328 0.188759 0.212527 -0.958750 0.154986 0.057052 -0.986268 0.189180 0.145710 -0.971071 0.157055 0.040671 -0.986752 -0.295125 -0.004584 0.955448 0.234697 0.502739 -0.831968 0.234442 0.829164 -0.507468 0.275348 0.716451 -0.641000 0.242967 0.367460 -0.897741 0.316558 0.197660 -0.927751 
						0.256446 0.066979 -0.964235 0.372313 0.495312 -0.784888 0.618540 0.190567 -0.762294 0.562218 0.048009 -0.825595 0.478327 0.002398 -0.878178 -0.219042 -0.012400 0.975637 0.220228 0.012126 -0.975373 0.418258 -0.011974 -0.908249 -0.085342 -0.025633 0.996022 0.143619 0.988440 0.048583 0.141872 0.988729 0.047821 0.109251 0.993214 0.039882 0.172423 0.983423 0.056129 0.169475 0.983988 0.055189 0.167770 0.984293 0.054967 0.139781 0.989034 0.047676 0.108089 0.993335 0.040029 0.181182 0.981574 0.060705 0.180976 0.981653 0.060035 0.183452 0.981189 0.060111 0.187922 0.980293 0.060915 0.168658 0.984115 0.055422 0.194084 0.978991 0.062521 0.171847 0.983494 0.056649 0.139115 0.989104 0.048162 0.107067 0.993421 0.040637 0.140226 0.988892 0.049277 0.106779 0.993406 0.041738 0.077682 0.996478 0.031562 0.077275 0.996500 0.031881 0.052606 0.998333 0.023748 0.052549 0.998340 0.023583 0.076525 0.996534 0.032614 0.075960 0.996538 0.033794 0.051659 0.998339 0.025493 0.052165 0.998341 0.024382 0.031813 0.999343 0.017383 0.031820 0.999350 0.016967 0.031786 0.999327 0.018315 0.031570 0.999355 0.017102 0.143976 0.988337 0.049611 0.140627 0.988815 0.049697 0.177946 0.982318 0.058204 0.176177 0.982659 0.057813 0.131906 0.990121 0.047558 0.171854 0.983563 0.055411 0.212319 0.975119 0.063750 0.202921 0.977068 0.064508 0.242767 0.967547 0.070125 0.210798 0.975284 0.066219 0.189730 0.979835 0.062656 0.186765 0.980433 0.062214 0.143472 0.988349 0.050810 0.107655 0.993255 0.043069 0.177480 0.982389 0.058424 0.184955 0.980889 0.060405 0.149149 0.987417 0.052564 0.109749 0.992970 0.044349 0.201933 0.977264 0.064645 0.211736 0.975022 0.067075 0.223715 0.972145 0.069892 0.194113 0.978979 0.062610 0.237330 0.968681 0.073026 0.205995 0.976374 0.065261 
						0.156349 0.986201 0.054427 0.113749 0.992456 0.045735 0.164298 0.984803 0.056295 0.120276 0.991610 0.047359 0.075976 0.996491 0.035130 0.076603 0.996400 0.036322 0.051554 0.998278 0.027979 0.051418 0.998318 0.026789 0.078036 0.996248 0.037424 0.081856 0.995892 0.038702 0.053716 0.998100 0.030194 0.052171 0.998214 0.029094 0.032718 0.999230 0.021657 0.032184 0.999270 0.020582 0.033698 0.999174 0.022719 0.031873 0.999302 0.019474 0.041262 0.998848 0.024482 0.032164 0.999241 0.021966 0.048032 0.998503 0.026157 0.043009 0.998859 0.020751 0.036918 0.999114 0.020186 0.029215 0.999394 0.018939 0.052419 0.998250 0.027387 0.054435 0.998097 0.028979 0.049340 0.998530 0.022435 0.047189 0.998662 0.021162 0.044214 0.998924 0.013977 0.039595 0.999109 0.014619 0.047050 0.998788 0.014468 0.048240 0.998817 0.006040 0.044829 0.998971 0.006914 0.039717 0.999172 0.008813 0.033162 0.999338 0.014977 0.025577 0.999560 0.015022 0.033178 0.999394 0.010565 0.022259 0.999691 0.011066 0.019536 0.999635 0.018672 0.017949 0.999701 0.016581 0.004255 0.999900 0.013518 0.005364 0.999870 0.015226 0.015343 0.999789 0.013627 0.010924 0.999887 0.010303 -0.001784 0.999967 0.007934 0.001832 0.999938 0.010969 -0.013158 0.999883 0.007819 -0.010863 0.999890 0.010078 -0.016159 0.999856 0.005184 -0.031433 0.999502 0.002641 -0.028904 0.999571 0.004825 -0.026378 0.999629 0.006817 -0.009572 0.999886 0.011671 -0.024425 0.999667 0.008339 0.133816 0.989132 0.060921 0.174132 0.982193 0.070537 0.188907 0.979606 0.068454 0.140214 0.988518 0.056317 0.207778 0.975127 0.077179 0.229043 0.970369 0.076965 0.254228 0.965602 0.054604 0.206943 0.977386 0.043490 0.151768 0.987983 0.029251 0.227058 0.970649 0.079282 0.253889 0.963896 0.080281 0.223778 0.971697 0.075693 
						0.258572 0.962853 0.077805 0.292146 0.954592 0.058357 0.283704 0.957049 0.059743 0.318253 0.948003 0.002452 0.286627 0.958028 -0.005278 0.327353 0.944898 0.002807 0.369351 0.918517 -0.141089 0.364663 0.919898 -0.144250 0.334399 0.929404 -0.156160 0.232345 0.972424 -0.020164 0.169005 0.984893 -0.037730 0.276468 0.944730 -0.176210 0.205824 0.958272 -0.198370 0.095701 0.994426 0.044248 0.091132 0.994605 0.049555 0.099834 0.994877 0.015875 0.056029 0.998402 0.007307 0.055814 0.997881 0.033456 0.054393 0.997746 0.039297 0.108727 0.992728 -0.051669 0.142981 0.967161 -0.210131 0.095716 0.976647 -0.192350 0.061276 0.996730 -0.052671 0.021185 0.999002 -0.039324 0.023284 0.999713 0.005714 0.030372 0.991057 -0.129936 -0.039918 0.997879 -0.051424 -0.008335 0.999828 -0.016585 0.001707 0.999958 0.009046 0.026344 0.999303 0.026467 0.025904 0.999173 0.031327 0.007784 0.999700 0.023226 0.009027 0.999605 0.026623 0.082717 0.995547 0.045208 0.126693 0.990341 0.056337 0.047177 0.998249 0.035694 0.035159 0.998896 0.031153 0.070472 0.996692 0.040476 0.113816 0.992185 0.051138 0.020154 0.999397 0.028259 0.005419 0.999694 0.024117 -0.004113 0.999793 0.019919 0.008810 0.999678 0.023779 -0.009321 0.999799 0.017721 0.019248 0.999475 0.026042 -0.020898 0.999687 0.013721 -0.049190 0.998780 0.004389 -0.034657 0.999347 0.010258 0.000968 0.999781 0.020909 0.056126 0.997781 0.035819 0.099102 0.993997 0.046351 0.041158 0.998650 0.031689 0.083887 0.995573 0.042390 0.161350 0.984820 0.063992 0.145634 0.987647 0.057820 0.172204 0.983073 0.062556 0.190805 0.979170 0.069427 0.129319 0.990201 0.052716 0.112844 0.992405 0.048980 0.137894 0.988946 0.054515 0.154756 0.986278 0.057494 0.166723 0.984225 0.059196 0.184382 0.980782 0.063791 0.151634 0.986755 0.057637 
						0.146713 0.987610 0.055701 0.153972 0.986499 0.055781 0.169875 0.983672 0.059423 0.205739 0.976040 0.070836 0.192448 0.979090 0.065932 0.044645 0.998421 0.034104 0.085627 0.995390 0.043195 0.140050 0.987863 0.067170 0.081986 0.994920 0.058415 0.117180 0.991840 0.050217 0.160019 0.984677 0.069316 0.176952 0.977244 0.116972 0.186160 0.973843 0.130287 0.135110 0.981895 0.132766 0.135158 0.989370 0.053661 0.157703 0.985236 0.066635 0.145636 0.987188 0.065190 0.122430 0.987964 0.094536 0.150030 0.983240 0.103584 0.113070 0.975675 0.187813 0.152918 0.962752 0.222992 0.085200 0.982513 0.165555 0.200278 0.942663 0.266974 0.198427 0.934665 0.295006 0.028363 0.998636 0.043836 0.007624 0.999760 0.020547 0.051670 0.991541 0.119066 -0.010097 0.998069 0.061294 -0.015453 0.999822 0.010796 -0.026785 0.999611 -0.007710 0.208930 0.793409 0.571708 0.116646 0.955859 0.269680 0.106586 0.919690 0.377901 0.029517 0.984199 0.174587 -0.064272 0.997805 0.015967 -0.023890 0.997064 0.072750 -0.021456 0.987610 0.155452 -0.050645 0.998639 0.012438 -0.031442 0.998810 0.037283 -0.052926 0.998404 0.019688 -0.057341 0.998288 0.011560 -0.047380 0.998870 0.003750 -0.051450 0.997645 -0.045355 -0.047276 0.998296 -0.034216 0.175155 0.982782 0.058822 0.128659 0.990459 0.049367 0.219967 0.973095 0.068560 0.236210 0.968969 0.072826 0.189452 0.979909 0.062334 0.137352 0.989171 0.051720 0.252423 0.964560 0.076858 0.268849 0.959707 0.081753 0.286437 0.954078 0.087683 0.254695 0.963867 0.078038 0.304916 0.947676 0.094536 0.275265 0.957680 0.084129 0.206800 0.976104 0.066739 0.150044 0.987148 0.055011 0.228020 0.970980 0.072149 0.168301 0.983940 0.059479 0.210619 0.977202 0.026773 0.293922 0.955166 0.035610 0.080787 0.996443 0.023988 0.179579 0.945021 -0.273289 
						0.536228 0.800249 -0.268443 0.371539 0.901073 -0.223666 -0.026964 0.999527 0.014799 -0.110763 0.992243 -0.056439 -0.002077 0.978394 -0.206737 0.558808 0.785596 -0.265654 0.099796 0.974213 -0.202363 0.638733 0.708996 -0.298907 0.865197 0.393581 -0.310691 0.575586 0.543726 -0.610789 0.857063 0.222985 -0.464457 0.252621 0.966880 0.036414 0.279707 0.953082 -0.115753 0.208221 0.976182 -0.060935 0.203265 0.978397 0.037728 0.343749 0.830491 -0.438316 0.239041 0.929332 -0.281428 0.190903 0.962445 -0.193018 0.170601 0.984849 -0.031102 0.172729 0.984119 0.040924 0.095093 0.994626 0.040945 0.075383 0.996547 0.034820 0.013712 0.999741 0.018172 0.030809 0.999277 0.022274 0.041699 0.998812 0.025203 0.066160 0.997291 0.032155 -0.040210 0.999182 0.004316 -0.005191 0.999898 0.013314 -0.017601 0.999774 0.011954 0.009727 0.999766 0.019317 0.021802 0.999549 0.020654 0.036130 0.999039 0.024823 0.046388 0.998561 0.026914 0.027679 0.999324 0.024213 0.038987 0.998867 0.027300 0.042822 0.998717 0.027031 0.047560 0.998478 0.027923 0.059412 0.997758 0.030807 0.053306 0.998126 0.030046 0.093251 0.994698 0.043358 0.107303 0.991621 0.071934 -0.062311 0.994591 0.083101 -0.029610 0.999433 0.015996 0.048488 0.982528 0.179690 -0.027904 0.977419 0.209458 -0.477103 0.832016 0.283060 -0.261665 0.930018 0.258065 -0.299055 0.932055 0.204549 -0.163569 0.985320 0.048882 -0.533266 0.729186 0.428853 -0.375232 0.838979 0.394101 -0.253550 0.956415 0.144855 -0.165812 0.985561 0.034276 -0.091664 0.995789 0.001704 -0.103043 0.994676 -0.001055 0.012499 0.999851 0.011921 0.010038 0.999868 0.012776 0.011178 0.999889 0.009890 0.017110 0.999804 0.009981 0.018694 0.999771 0.010459 0.016153 0.999818 0.010161 0.007777 0.999940 0.007750 0.002628 0.999981 0.005622 0.007820 0.999942 0.007401 
						0.013355 0.999870 0.008974 0.019411 0.999768 0.009343 0.023447 0.999688 0.008568 0.013917 0.999863 0.008946 0.026328 0.999617 0.008499 0.030077 0.999534 0.005272 0.025276 0.999658 0.006647 0.023316 0.999718 0.004421 0.031783 0.999494 0.001399 0.009792 0.999899 0.010317 0.006461 0.999909 0.011885 0.012893 0.999909 0.004084 0.009210 0.999864 -0.013705 0.008211 0.999964 0.002300 0.006098 0.999939 0.009184 0.016826 0.999858 -0.000832 0.009038 0.999925 -0.008231 -0.000321 0.999931 -0.011753 0.003468 0.999904 -0.013412 0.006850 0.998971 -0.044841 0.008784 0.999062 -0.042410 0.011126 0.997090 -0.075415 0.011186 0.996175 -0.086661 0.010286 0.999161 -0.039650 0.007231 0.999959 0.005386 0.008593 0.999936 -0.007417 0.002826 0.999947 0.009919 0.003837 0.999949 0.009328 0.001688 0.999962 0.008559 -0.000114 0.999970 0.007806 0.006164 0.999949 0.007982 0.004936 0.999949 0.008827 0.003633 0.999963 0.007745 -0.000530 0.999978 0.006625 -0.003061 0.999981 0.005256 0.046174 0.997269 0.057647 0.009553 0.977986 0.208454 -0.007114 0.970375 0.241499 0.039703 0.997605 0.056632 0.048347 0.833420 0.550521 0.027025 0.760982 0.648210 0.006080 0.652141 0.758074 -0.024306 0.958294 0.284747 -0.021765 0.484956 0.874268 -0.045968 0.935028 0.351581 0.036419 0.997851 0.054470 0.035961 0.997945 0.053034 0.014839 0.999005 0.042047 0.021415 0.998474 0.050906 0.014796 0.998467 0.053330 0.006956 0.999019 0.043726 0.027748 0.996836 0.074480 0.022755 0.996643 0.078649 0.016692 0.996501 0.081896 0.007102 0.998496 0.054359 -0.002975 0.999046 0.043562 0.024014 0.992330 0.121266 0.019121 0.991534 0.128430 -0.013875 0.977072 0.212456 -0.021156 0.973964 0.225712 -0.029837 0.970517 0.239178 0.013041 0.990731 0.135214 0.006510 0.989856 0.141925 0.010796 0.996340 0.084790 
						-0.039300 0.966716 0.252816 -0.049047 0.962580 0.266522 -0.000022 0.988868 0.148795 0.005648 0.996124 0.087776 0.000263 0.998499 0.054777 -0.012092 0.999022 0.042534 -0.004778 0.998462 0.055227 -0.018930 0.998962 0.041422 -0.003782 0.999205 0.039689 0.011678 0.999131 0.040022 -0.020035 0.999077 0.037988 -0.026597 0.998930 0.037840 -0.002124 0.999222 0.039373 0.018329 0.999018 0.040338 -0.035126 0.998780 0.034716 -0.046100 0.998456 0.030996 -0.070889 0.997266 0.020855 -0.051360 0.998187 0.031390 -0.054494 0.997269 0.049848 -0.013410 0.998606 0.051044 -0.087702 0.995948 0.019877 -0.172766 0.981800 0.078872 -0.039152 0.992161 0.118676 0.044683 0.995099 0.088217 0.020915 0.998711 0.046249 0.043111 0.998044 0.045276 0.081320 0.994564 0.065027 0.020091 0.999055 0.038544 0.021033 0.998993 0.039629 0.028773 0.998783 0.040053 0.035394 0.998601 0.039292 0.026447 0.998958 0.037207 0.026129 0.998951 0.037605 0.053151 0.997536 0.045795 0.056508 0.997399 0.044746 0.055998 0.997511 0.042852 0.037772 0.998569 0.037853 0.053019 0.997775 0.040430 0.037245 0.998657 0.036010 0.029149 0.998943 0.035539 0.028092 0.998976 0.035463 0.029321 0.998999 0.033779 0.027429 0.999068 0.033326 0.028033 0.998444 0.048200 0.030516 0.998519 0.045028 0.033451 0.997288 0.065551 0.032391 0.997006 0.070217 0.030424 0.998658 0.041908 0.028146 0.998843 0.038987 0.028320 0.997988 0.056733 0.032004 0.997625 0.060995 0.026641 0.994690 0.099411 0.028608 0.993874 0.106748 0.022173 0.995469 0.092463 -0.009540 0.987028 0.160262 -0.006280 0.984918 0.172906 -0.005947 0.982521 0.186059 0.027960 0.993061 0.114224 -0.008427 0.979874 0.199438 0.046601 0.998223 0.037148 0.038969 0.998675 0.033599 0.028904 0.999106 0.030855 0.033636 0.998871 0.033544 0.029209 0.999141 0.029411 
						0.022578 0.999360 0.027749 0.018469 0.999475 0.026611 0.023078 0.999307 0.029219 0.015636 0.999544 0.025813 0.020512 0.999384 0.028483 0.026834 0.999140 0.031624 0.024527 0.999218 0.030998 -0.019761 0.999699 0.014517 -0.013783 0.999753 0.017422 -0.029987 0.999319 0.021482 -0.023484 0.999373 0.026502 -0.015811 0.999381 0.031423 -0.007082 0.999762 0.020627 -0.042956 0.998476 0.034641 -0.036534 0.998407 0.042987 -0.065581 0.996204 0.057245 -0.060123 0.995594 0.071963 -0.053562 0.994863 0.085902 -0.028443 0.998289 0.051087 -0.019571 0.998092 0.058557 -0.007800 0.999322 0.035972 -0.045783 0.994014 0.099200 -0.038351 0.993109 0.110739 -0.011018 0.997824 0.064999 -0.000175 0.999202 0.039932 -0.000413 0.999716 0.023827 0.005941 0.999622 0.026834 -0.025668 0.999601 0.011774 -0.030029 0.999504 0.009517 -0.041187 0.999088 0.011267 -0.036402 0.999206 0.016173 -0.033277 0.999417 0.007565 -0.035874 0.999340 0.005711 -0.047843 0.998852 0.002314 -0.044872 0.998970 0.006668 -0.056759 0.998347 0.008982 -0.053558 0.998418 0.017101 -0.059136 0.998249 0.001295 -0.071876 0.997409 0.002900 -0.072191 0.997274 0.015275 -0.071639 0.997027 0.028383 -0.049174 0.998461 0.025624 -0.069842 0.996667 0.042158 -0.012839 0.998829 -0.046636 -0.039351 0.998029 -0.048893 -0.015477 0.991063 -0.132490 0.019446 0.989065 -0.146194 -0.056482 0.997338 -0.046105 -0.066123 0.997051 -0.038960 -0.058184 0.994346 -0.088830 -0.041018 0.992769 -0.112815 -0.011050 0.967078 -0.254241 0.030317 0.948002 -0.316816 -0.040449 0.980334 -0.193158 0.027600 0.847982 -0.529305 0.087483 0.761532 -0.642195 0.083715 0.922325 -0.377239 0.171315 0.660817 -0.730734 0.066468 -0.009278 -0.997745 0.014234 0.046501 -0.998817 0.224278 -0.038940 -0.973747 0.171814 -0.010637 -0.985072 0.133261 0.129743 -0.982552 -0.004202 0.231481 -0.972830 
						0.374024 -0.022600 -0.927144 0.328848 -0.017589 -0.944219 0.284842 0.078281 -0.955373 0.235530 0.300677 -0.924185 0.110359 0.407884 -0.906340 0.016966 0.544022 -0.838900 0.115282 -0.002709 -0.993329 -0.339084 0.022083 0.940497 -0.369150 0.051941 0.927917 -0.224346 -0.001577 0.974508 -0.259809 0.017953 0.965493 0.265598 -0.018213 -0.963912 -0.323539 -0.000576 0.946215 -0.310153 -0.017918 0.950518 -0.178996 -0.013256 0.983761 -0.200580 -0.013354 0.979586 -0.075377 0.024005 0.996866 -0.104128 0.015950 0.994436 -0.052373 0.058128 0.996934 0.407918 0.007622 -0.912987 -0.143021 0.019917 0.989519 -0.078559 -0.003203 0.996904 -0.065463 -0.079917 0.994650 -0.084779 -0.007317 0.996373 -0.066939 -0.071842 0.995167 0.451946 0.159684 -0.877636 0.443761 0.164739 -0.880873 0.387341 0.365596 -0.846348 0.390683 0.385118 -0.836092 -0.150996 -0.025474 0.988206 -0.126183 -0.076642 0.989042 -0.318833 -0.049869 0.946498 -0.271158 -0.084706 0.958800 0.383513 0.138702 -0.913060 0.224761 0.077455 -0.971331 0.185839 0.213859 -0.959024 0.341730 0.313229 -0.886063 0.245444 0.602653 -0.759320 0.272833 0.672568 -0.687906 0.111878 0.465177 -0.878120 0.274910 0.707610 -0.650932 -0.099424 0.106717 0.989306 -0.140786 0.428019 0.892737 -0.163059 0.376774 0.911841 -0.108105 0.086831 0.990340 -0.126890 0.788856 0.601336 -0.063705 0.953346 0.295083 -0.118632 0.941006 0.316912 -0.174705 0.746158 0.642438 -0.272501 0.667508 0.692947 -0.242887 0.298849 0.922873 -0.215256 0.910856 0.352144 -0.469160 0.532866 0.704232 -0.453821 0.195314 0.869424 -0.179927 0.050626 0.982376 -0.382845 0.002887 0.923808 -0.121452 0.140901 -0.982546 -0.162243 0.148999 -0.975437 -0.109306 0.239386 -0.964752 -0.082535 0.213307 -0.973493 -0.186280 0.168407 -0.967956 -0.129120 0.270968 -0.953889 -0.017559 0.597398 -0.801753 -0.011679 0.543440 -0.839367 
						-0.003321 0.467529 -0.883972 -0.206152 0.195529 -0.958786 -0.145782 0.300294 -0.942640 -0.226890 0.223673 -0.947888 -0.163133 0.324441 -0.931732 -0.030866 0.639213 -0.768410 -0.024196 0.625954 -0.779485 0.022140 0.911251 -0.411255 0.024696 0.901625 -0.431814 0.022500 0.913408 -0.406424 0.001842 0.992027 -0.126014 0.000092 0.992288 -0.123952 0.000065 0.991490 -0.130181 0.031889 0.872132 -0.488231 0.043899 0.810972 -0.583436 0.001369 0.986723 -0.162404 0.009141 0.973433 -0.228790 -0.167768 0.044135 -0.984838 -0.204301 0.054391 -0.977396 -0.486696 0.166403 0.857576 -0.382408 0.486275 0.785685 -0.399923 0.519655 0.754997 -0.518861 0.213605 0.827742 -0.418360 0.541729 0.729043 -0.548486 0.247871 0.798576 -0.230889 0.077076 -0.969922 -0.246346 0.808393 0.534615 -0.250670 0.822948 0.509824 -0.167596 0.944211 0.283510 -0.166308 0.949385 0.266476 -0.167124 0.953382 0.251262 -0.257575 0.832664 0.490230 -0.267173 0.839343 0.473416 -0.439842 0.558862 0.703002 -0.168311 0.956518 0.238212 -0.167165 0.959600 0.226326 -0.274610 0.846246 0.456571 -0.459274 0.579269 0.673435 -0.253522 0.108611 -0.961213 -0.578064 0.278774 0.766895 -0.604906 0.317388 0.730310 -0.277912 0.143325 -0.949854 -0.251354 0.252434 -0.934397 -0.184027 0.347235 -0.919544 -0.278899 0.284817 -0.917112 -0.209114 0.371745 -0.904476 -0.053316 0.652808 -0.755645 -0.039474 0.647251 -0.761254 -0.308309 0.323418 -0.894621 -0.237920 0.401079 -0.884607 -0.336299 0.369284 -0.866333 -0.265938 0.436072 -0.859720 -0.096684 0.669582 -0.736419 -0.073209 0.659360 -0.748255 0.019190 0.909606 -0.415028 0.023500 0.911765 -0.410039 0.010078 0.908363 -0.418061 0.003789 0.988715 -0.149764 0.006502 0.989624 -0.143534 0.006153 0.990626 -0.136465 0.023965 0.913475 -0.406189 0.004059 0.991494 -0.130092 -0.305478 0.180594 -0.934917 -0.471213 0.603116 0.643590 
						-0.621631 0.362358 0.694458 -0.476656 0.628763 0.614375 -0.629184 0.410106 0.660258 -0.335580 0.222001 -0.915479 -0.278319 0.853512 0.440517 -0.164263 0.962427 0.216221 -0.161699 0.964412 0.209197 -0.279790 0.860341 0.426065 -0.280825 0.866633 0.412414 -0.477118 0.655180 0.585746 -0.161509 0.965380 0.204834 -0.164560 0.965273 0.202900 -0.282815 0.872425 0.398610 -0.473500 0.681330 0.558200 -0.366643 0.270270 -0.890240 -0.629239 0.458665 0.627443 -0.625133 0.507791 0.592754 -0.400350 0.330711 -0.854605 0.050951 0.998695 -0.003361 0.046712 0.998908 -0.000892 0.051865 0.998539 -0.015165 0.047966 0.998797 -0.010218 0.042927 0.999066 -0.005004 0.041174 0.999149 0.002299 0.051421 0.998266 -0.028660 0.047706 0.998643 -0.020905 0.043178 0.998983 -0.012974 0.037891 0.999267 -0.005471 0.036860 0.999320 0.000192 0.034167 0.999399 0.005763 0.035629 0.997936 0.053430 -0.073524 0.890489 0.449025 -0.103290 0.831146 0.546377 0.033333 0.998118 0.051477 -0.074231 0.289348 0.954341 -0.167884 0.147480 0.974713 -0.284556 0.098546 0.953581 -0.126111 0.787088 0.603812 0.032425 0.998453 0.045179 0.022717 -0.063193 0.997743 0.034070 -0.066333 0.997216 0.037475 0.009956 0.999248 0.029429 0.007458 0.999539 0.037171 -0.066499 0.997094 0.038399 0.016045 0.999134 0.084521 0.273135 0.958256 0.082202 0.250848 0.964530 0.071922 0.232446 0.969946 0.031170 -0.062924 0.997531 0.031508 0.028010 0.999111 0.023314 -0.056751 0.998116 0.021329 0.044157 0.998797 0.062388 0.330804 0.941635 0.077160 0.300898 0.950530 0.169519 0.657787 0.733880 0.180624 0.628749 0.756339 0.146362 0.684998 0.713691 0.214495 0.889836 0.402720 0.250226 0.871473 0.421807 0.271402 0.853521 0.444796 0.179504 0.599925 0.779659 0.169027 0.571271 0.803168 0.279243 0.836492 0.471492 0.278006 0.819384 0.501320 
						0.002988 0.010212 0.999943 0.001778 -0.056096 0.998424 0.041344 0.219710 0.974689 0.004022 0.206548 0.978428 -0.027635 0.014044 0.999519 -0.027225 -0.046181 0.998562 0.134183 0.548204 0.825510 0.249114 0.810566 0.530024 0.202887 0.802984 0.560405 0.086201 0.523030 0.847944 0.039327 0.483763 0.874315 -0.022415 0.184959 0.982491 0.145154 0.787189 0.599386 0.104536 0.741316 0.662966 0.049873 0.411107 0.910222 0.036096 0.148343 0.988277 -0.047108 0.014108 0.998790 -0.049502 -0.038004 0.998051 0.021462 0.009801 0.999722 -0.009982 -0.031236 0.999462 -0.017003 -0.170252 0.985254 0.001593 -0.178790 0.983886 -0.043963 -0.158941 0.986309 0.398754 0.091630 -0.912469 0.396972 0.093771 -0.913028 0.423082 0.436763 -0.793876 0.434658 0.437350 -0.787272 0.382299 0.099610 -0.918654 0.419934 0.448438 -0.789024 -0.060568 -0.149241 0.986944 -0.039804 -0.138888 0.989508 0.381998 0.107009 -0.917947 0.380488 0.132568 -0.915235 0.355750 0.460922 -0.813015 0.389623 0.445435 -0.806090 0.345073 0.801572 -0.488269 0.396788 0.790860 -0.465940 0.280502 0.812856 -0.510474 0.420319 0.787202 -0.451271 0.415311 0.792673 -0.446304 0.015864 -0.184513 0.982702 0.398338 0.463440 -0.791549 0.358525 0.109984 -0.927018 0.407764 0.478536 -0.777645 0.359199 0.107840 -0.927010 0.020661 -0.182846 0.982924 0.359445 0.921816 -0.145105 0.398438 0.799008 -0.450369 0.361261 0.920329 -0.149947 0.404680 0.797377 -0.447688 0.337062 0.838627 -0.427895 0.281278 0.945601 -0.163467 0.353115 0.629860 -0.691799 0.344613 0.309886 -0.886122 0.353838 0.445529 -0.822376 0.384280 0.127315 -0.914396 0.404946 0.266217 -0.874727 0.023846 -0.141835 0.989603 0.027586 -0.088249 0.995716 0.391617 0.058486 -0.918268 0.419960 0.000591 -0.907542 0.054746 0.998294 -0.020309 0.059407 0.996997 -0.049673 0.053177 0.998583 0.001955 
						0.042772 0.999083 0.002040 0.043135 0.998955 -0.015119 0.046353 0.998228 -0.037320 0.055366 0.998307 0.017834 0.058691 0.997889 0.027810 0.047291 0.998576 0.024671 0.044814 0.998883 0.014983 0.033573 0.999380 0.010573 0.029324 0.999570 0.000194 0.037317 0.999120 0.019165 0.031330 0.999486 0.006734 0.026850 0.999639 0.001221 0.020768 0.999771 -0.005069 0.025916 0.999585 -0.012561 0.025461 0.999280 -0.028115 0.013505 0.999832 -0.012381 0.004377 0.999774 -0.020796 0.061974 0.995832 -0.066921 0.048632 0.997686 -0.047506 0.046718 0.998638 -0.023224 0.058398 0.997068 -0.049439 0.025432 0.999209 -0.030557 -0.002837 0.999940 -0.010565 0.001797 0.998812 0.048690 0.025719 0.999661 0.004055 0.028374 0.995706 0.088116 0.039231 0.997638 0.056387 0.020773 0.987338 0.157264 0.054718 0.947301 0.315636 0.034789 0.957500 0.286329 0.027314 0.967166 0.252673 0.046614 0.998690 0.021084 0.024140 0.978672 0.204008 0.047039 -0.070201 0.996423 0.027570 -0.049282 0.998404 0.383006 0.071268 -0.920992 0.380659 -0.010033 -0.924661 0.370340 0.023397 -0.928602 0.297654 -0.007061 -0.954648 0.051859 -0.051002 0.997351 0.028372 -0.036888 0.998917 0.314869 0.230015 -0.920842 0.172639 0.121464 -0.977467 0.026031 -0.020841 0.999444 0.067138 -0.044135 0.996767 -0.097178 0.047013 -0.994156 0.013989 0.064695 0.997807 0.013547 0.087966 0.996031 0.031854 0.395595 0.917872 0.045265 0.363445 0.930515 0.018354 0.113413 0.993378 0.024149 0.428213 0.903355 0.047075 0.763666 0.643893 0.076158 0.739256 0.669104 0.059072 0.939048 0.338673 0.106619 0.926430 0.361054 0.113489 0.712784 0.692141 0.163797 0.909233 0.382708 -0.453030 0.696717 -0.556191 -0.412953 0.705211 -0.576322 -0.390590 0.614092 -0.685806 -0.444443 0.592943 -0.671483 -0.268597 0.793669 -0.545843 -0.220127 0.742838 -0.632247 
						-0.171556 0.708638 -0.684398 -0.348453 0.539820 -0.766273 -0.409592 0.500866 -0.762475 -0.092243 0.930652 -0.354087 -0.051319 0.919211 -0.390408 -0.052769 0.989143 -0.137157 -0.026857 0.988630 -0.147950 -0.011920 0.988165 -0.152930 -0.023895 0.912465 -0.408456 -0.004561 0.909224 -0.416281 -0.130523 0.685986 -0.715812 -0.002563 0.988189 -0.153219 -0.305374 0.482771 -0.820779 -0.370111 0.427233 -0.824918 -0.477359 0.574333 -0.665034 -0.486273 0.705399 -0.515705 -0.456778 0.478037 -0.750223 -0.548099 0.717419 0.429998 -0.592047 0.638114 0.492231 -0.450133 0.758432 0.471339 -0.418095 0.810134 0.410949 -0.484678 0.798150 0.357833 -0.375431 0.866082 0.330080 -0.428643 0.397655 -0.811256 -0.617934 0.568258 0.543361 -0.468374 0.714887 0.519194 -0.284484 0.881399 0.377100 -0.278503 0.896549 0.344437 -0.168055 0.965654 0.198165 -0.168757 0.968127 0.185072 -0.264741 0.916723 0.299216 -0.247249 0.939451 0.237277 -0.166112 0.972537 0.163032 -0.163703 0.977947 0.129694 -0.446795 0.826129 -0.343343 -0.429008 0.807767 -0.404308 -0.323225 0.915330 0.240199 -0.410470 0.867777 0.280137 -0.267252 0.956336 0.118313 -0.329698 0.931175 0.155602 -0.353677 0.929280 -0.106542 -0.363535 0.914012 -0.180070 -0.222821 0.960885 0.164470 -0.157183 0.983790 0.086320 -0.140590 0.989363 0.037342 -0.194392 0.978222 0.072749 -0.142688 0.989103 -0.036262 -0.182508 0.982332 -0.041405 -0.102828 0.994628 -0.011909 -0.041679 0.987381 -0.152779 -0.015523 0.973882 -0.226523 -0.191089 0.966568 0.170971 -0.230828 0.968550 0.092893 -0.208544 0.977861 -0.017251 0.009745 0.972972 -0.230717 0.046994 0.914599 0.401622 -0.008336 0.940329 0.340163 -0.413932 0.815922 -0.403648 -0.367494 0.911837 -0.183031 -0.329377 0.920152 -0.211733 -0.314940 0.858491 -0.404729 -0.255299 0.963777 0.077172 -0.043160 0.941620 0.333899 -0.085667 0.951854 0.294338 
						-0.274244 0.961375 0.023398 -0.260264 0.965423 -0.014889 -0.226826 0.956428 -0.183834 -0.122031 0.965380 0.230542 -0.208595 0.977507 -0.031119 -0.149896 0.984879 -0.086854 -0.154328 0.944568 -0.289784 -0.094249 0.988462 -0.118574 -0.043306 0.998542 0.032233 -0.019674 0.999333 0.030779 -0.006635 0.999488 0.031309 -0.033080 0.998971 0.031018 0.005711 0.999879 0.014480 0.018953 0.999686 0.016418 0.030809 0.999364 0.017969 0.005743 0.999481 0.031702 -0.019886 0.999328 0.030802 0.031943 0.999069 -0.028997 0.045361 0.998649 -0.025344 0.047022 0.989084 -0.139650 0.060631 0.989226 -0.133254 0.071368 0.989359 -0.126788 0.056867 0.998137 -0.022119 0.066094 0.997624 -0.019442 0.040763 0.998987 0.019068 0.079617 0.989491 -0.120701 0.084877 0.989711 -0.115189 0.072640 0.997206 -0.017420 0.048425 0.998633 0.019668 0.016540 0.999355 0.031872 -0.007462 0.999497 0.030820 0.025256 0.999175 0.031800 0.003073 0.999516 0.030944 -0.054444 0.998090 0.029205 -0.066985 0.997262 0.031316 -0.040307 0.998805 0.027647 -0.067102 0.997397 0.026383 -0.082415 0.996039 0.033376 -0.093378 0.994805 0.040534 -0.025851 0.999305 0.026861 -0.013142 0.999558 0.026667 -0.030135 0.999354 0.019604 -0.048437 0.998591 0.021682 -0.074246 0.997203 0.008628 -0.099074 0.994704 0.027347 -0.043300 0.999062 0.000586 -0.114258 0.992282 0.048185 -0.122451 0.990207 0.067050 -0.076268 0.996547 0.032824 -0.052245 0.998091 0.032950 -0.099595 0.993964 0.045998 -0.102083 0.993604 0.048275 -0.082370 0.996073 0.032454 -0.061898 0.997574 0.031843 -0.126162 0.988707 0.080876 -0.126230 0.987965 0.089394 -0.124469 0.987913 0.092386 -0.102549 0.993599 0.047379 -0.121169 0.988487 0.090620 -0.101647 0.993851 0.043902 -0.086214 0.995811 0.030440 -0.069600 0.997123 0.030036 -0.088509 0.995703 0.027240 -0.075689 0.996740 0.027928 
						-0.032135 0.999034 0.029975 -0.043642 0.998635 0.028679 -0.020723 0.999732 0.010351 -0.007594 0.999894 0.012424 -0.053865 0.998176 0.027268 -0.062780 0.997686 0.026096 -0.044610 0.998977 0.007384 -0.033150 0.999414 0.008572 -0.010174 0.999201 -0.038648 0.003719 0.999349 -0.035888 -0.023413 0.998896 -0.040715 -0.007896 0.986740 -0.162118 0.005168 0.987577 -0.157049 0.018733 0.988263 -0.151612 0.017898 0.999308 -0.032618 0.032518 0.988782 -0.145780 0.067184 0.996603 0.047634 0.094616 0.994036 0.054221 0.047444 0.996110 0.074256 0.073324 0.994098 0.079956 0.093835 0.991907 0.085531 0.118137 0.991172 0.060178 0.021257 0.990282 0.137437 0.046031 0.988922 0.141121 0.063418 0.987133 0.146785 0.076539 0.984983 0.154759 0.109849 0.989818 0.090517 0.134759 0.988800 0.064150 0.025167 0.998996 0.037069 -0.019187 0.999492 0.025439 -0.041674 0.997532 0.056506 0.006546 0.997823 0.065629 -0.063792 0.997890 0.012053 -0.099685 0.993956 0.045977 -0.145744 0.979647 0.138026 -0.070288 0.988416 0.134514 -0.018644 0.990803 0.134025 0.202057 0.977009 0.068012 0.242999 0.967501 0.069951 0.149017 0.987263 0.055728 0.197303 0.978710 0.056558 0.249676 0.967590 0.037842 0.284341 0.957347 0.051358 0.050899 0.997787 0.042789 0.089015 0.995229 0.039952 0.145071 0.989237 0.019066 0.211713 0.976758 -0.033477 0.304121 0.952522 -0.014543 0.321169 0.947016 -0.003272 0.250942 0.963801 0.090085 0.190496 0.978703 0.076496 0.294926 0.949973 0.102810 0.307890 0.939577 0.149659 0.269872 0.953323 0.135439 0.213530 0.969426 0.120903 0.321110 0.940103 0.114427 0.338219 0.932589 0.126036 0.342996 0.922146 0.178886 0.329538 0.929812 0.163875 0.323050 0.908995 0.263375 0.306958 0.919887 0.244099 0.331181 0.899601 0.284671 0.276537 0.933906 0.226599 0.229064 0.950379 0.210497 
						0.222945 0.967786 0.116984 0.251394 0.959740 0.125299 0.191282 0.975955 0.104513 0.171679 0.966381 0.191398 0.200399 0.958077 0.204764 0.232848 0.951254 0.202234 0.146565 0.985362 0.087070 0.125901 0.981311 0.145525 0.059434 0.957887 0.280929 0.133963 0.900354 0.414025 0.055436 0.886662 0.459084 0.264192 0.625097 0.734477 0.154780 0.898602 0.410558 0.186846 0.911131 0.367327 0.137847 0.648553 0.748584 0.283538 0.949897 0.131540 0.269649 0.942290 0.198439 0.304493 0.932327 0.195065 0.310315 0.941140 0.134017 0.231218 0.912775 0.336718 0.277559 0.906378 0.318496 0.311505 0.900858 0.302357 0.328889 0.925323 0.188704 0.327938 0.935447 0.131895 0.056891 0.944241 -0.324304 0.062781 0.931090 -0.359347 0.082549 0.898080 -0.432015 0.076415 0.914972 -0.396215 0.062507 0.919949 -0.387024 0.057322 0.910321 -0.409913 0.074354 0.871058 -0.485519 0.081518 0.883629 -0.461036 0.116033 0.804945 -0.581894 0.118881 0.825656 -0.551507 0.105231 0.787515 -0.607246 0.169538 0.563138 -0.808785 0.187407 0.590240 -0.785172 0.195911 0.625389 -0.755319 0.112981 0.850298 -0.514032 0.192886 0.669621 -0.717219 -0.090513 0.995556 0.025997 -0.081068 0.996320 0.027842 -0.100928 0.994011 0.041897 -0.102070 0.993780 0.044526 -0.093397 0.995204 0.029089 -0.086516 0.995753 0.031470 -0.118417 0.988965 0.089026 -0.118729 0.988694 0.091588 -0.121863 0.987724 0.097723 -0.105250 0.993144 0.050863 -0.126381 0.986186 0.107074 -0.109954 0.992120 0.060072 -0.097350 0.994614 0.035588 -0.092153 0.995020 0.037976 -0.102289 0.993757 0.044537 -0.098298 0.994076 0.046376 -0.070862 0.997125 0.026826 -0.078571 0.996439 0.030607 -0.064999 0.997823 0.011147 -0.055169 0.998445 0.007993 -0.085928 0.995625 0.036713 -0.092671 0.994705 0.044424 -0.082014 0.996374 0.022645 -0.074061 0.997122 0.016232 
						-0.057423 0.997717 -0.035553 -0.047099 0.998121 -0.039204 -0.066264 0.997332 -0.030635 -0.048345 0.985494 -0.162681 -0.040466 0.985382 -0.165480 -0.030745 0.985548 -0.166585 -0.035734 0.998516 -0.041089 -0.019884 0.985997 -0.165572 0.003119 0.999685 0.024922 0.002073 0.999731 0.023093 0.006092 0.999655 0.025567 0.007212 0.999677 0.024352 0.006665 0.999724 0.022512 -0.003052 0.999795 0.019992 0.014798 0.999509 0.027605 0.017243 0.999492 0.026787 0.026848 0.999180 0.030312 0.030000 0.999108 0.029723 0.032506 0.999054 0.028869 0.019317 0.999483 0.025719 0.022434 0.999441 0.024773 0.006314 0.999769 0.020546 0.035754 0.998965 0.028118 -0.011519 0.999809 0.015806 -0.000118 0.999733 0.023097 -0.007059 0.999854 0.015584 -0.004587 0.999736 0.022511 0.002198 0.999681 0.025145 -0.020018 0.999787 0.005018 -0.015101 0.999688 0.019890 -0.002863 0.999634 0.026910 0.005042 0.999610 0.027457 0.011460 0.999453 0.031022 0.017932 0.999361 0.030935 0.010836 0.999554 0.027835 0.022780 0.999270 0.030655 -0.101956 0.988236 0.113995 -0.102159 0.988077 0.115181 -0.106988 0.989012 0.102023 -0.107129 0.988995 0.102037 -0.099465 0.990855 0.091171 -0.103405 0.991610 0.077564 -0.105832 0.992082 0.067616 -0.110384 0.989509 0.093205 -0.111399 0.989230 0.094942 -0.092109 0.995264 0.031066 -0.094766 0.995344 0.017600 -0.076300 0.990358 -0.115625 -0.077309 0.988875 -0.127083 -0.077581 0.987467 -0.137440 -0.096046 0.995352 0.007070 -0.095695 0.995410 -0.001333 -0.106578 0.992509 0.059729 -0.076536 0.986304 -0.146104 -0.073708 0.985598 -0.152197 -0.093274 0.995606 -0.008325 -0.105191 0.993081 0.052203 -0.112135 0.989921 0.086494 -0.113823 0.989397 0.090213 -0.111684 0.990592 0.079080 -0.113965 0.989949 0.083740 -0.106746 0.990430 0.087481 -0.100556 0.990506 0.093739 -0.113400 0.989537 0.089206 
						-0.123217 0.986552 0.107393 -0.108321 0.991874 0.066730 -0.096585 0.993487 0.060462 -0.115869 0.989731 0.083706 -0.115910 0.989237 0.089299 -0.122760 0.987089 0.102889 -0.124571 0.986192 0.109119 -0.174308 0.934490 0.310395 -0.141541 0.975420 0.168887 -0.136610 0.978338 0.155536 -0.180982 0.914077 0.362917 -0.145541 0.969854 0.195449 -0.141214 0.960272 0.240701 -0.163836 0.884501 0.436825 -0.119528 0.985408 0.121176 -0.088367 0.995944 0.016919 -0.099339 0.994269 0.039508 -0.112122 0.990874 0.074820 -0.114223 0.990649 0.074613 -0.108724 0.991920 0.065368 -0.111156 0.991688 0.064800 -0.118120 0.989637 0.081647 -0.120734 0.988356 0.092611 -0.104169 0.992997 0.055728 -0.106979 0.992757 0.054675 -0.114462 0.990907 0.070722 -0.130176 0.984425 0.118161 -0.132507 0.982617 0.130023 -0.134192 0.980614 0.142792 -0.109101 0.991533 0.070427 -0.101690 0.993820 0.044520 -0.096510 0.994649 0.036863 -0.104906 0.992576 0.061540 -0.088728 0.995953 -0.014306 -0.068978 0.985450 -0.155342 -0.063042 0.985463 -0.157758 -0.082599 0.996381 -0.020050 -0.075253 0.996838 -0.025513 -0.090071 0.995499 0.029467 -0.056027 0.985526 -0.159998 -0.099484 0.993640 0.052742 -0.004355 0.999985 0.003382 -0.013496 0.999908 0.001252 -0.009876 0.999947 0.003028 0.000214 0.999986 0.005323 -0.025191 0.999683 -0.000441 -0.039468 0.999219 -0.001775 -0.037133 0.999310 -0.000892 -0.022526 0.999746 0.000900 -0.019316 0.999810 0.002787 -0.005670 0.999970 0.005235 -0.034172 0.999416 0.000637 0.005812 0.999955 0.007508 -0.022945 0.998873 0.041547 -0.051269 0.998264 0.028981 -0.023890 0.998754 0.043809 -0.049538 0.998323 0.029963 -0.076502 0.997033 0.008509 -0.081368 0.996610 0.012160 -0.022465 0.998599 0.047918 -0.042815 0.998520 0.033541 -0.021015 0.998364 0.053178 -0.035854 0.998617 0.038454 -0.046702 0.998825 0.012951 
						-0.061402 0.998067 0.009566 -0.079056 0.996361 -0.031865 -0.109878 0.993627 -0.025132 -0.053185 0.998011 -0.033840 -0.123619 0.992278 -0.010166 -0.007932 0.998346 0.056934 0.001321 0.995784 0.091724 -0.002215 0.995270 0.097125 -0.009495 0.998118 0.060579 -0.006236 0.987712 0.156161 -0.058235 0.958252 0.279930 -0.066172 0.953881 0.292802 -0.011823 0.986359 0.164180 -0.016613 0.984849 0.172616 -0.005062 0.994598 0.103675 -0.072610 0.949574 0.305019 -0.076296 0.945336 0.317046 -0.019207 0.983170 0.181681 -0.006092 0.993756 0.111413 -0.010018 0.997782 0.065804 -0.008964 0.997325 0.072545 0.024200 0.999055 0.036114 0.019064 0.999270 0.033109 0.016271 0.998695 0.048416 0.022902 0.998353 0.052609 0.013111 0.999462 0.030057 0.008783 0.998981 0.044260 -0.000649 0.997396 0.072112 0.008035 0.996851 0.078892 -0.029951 0.991976 0.122827 -0.021954 0.990553 0.135359 0.015753 0.996195 0.085712 -0.015048 0.988892 0.147875 0.031848 0.998995 0.031547 0.053721 0.998357 0.019935 0.056856 0.998181 0.020054 0.036552 0.998846 0.031164 0.076422 0.996951 -0.015734 0.087100 0.990145 -0.109663 0.086767 0.990843 -0.103448 0.077706 0.996878 -0.014012 0.076880 0.996963 -0.012403 0.058224 0.998103 0.019988 0.084109 0.991731 -0.096929 0.079950 0.992673 -0.090601 0.074235 0.997180 -0.011034 0.058044 0.998120 0.019684 0.039710 0.998741 0.030639 0.041542 0.998688 0.029941 -0.014491 0.992505 0.121342 -0.017469 0.993599 0.111606 -0.012390 0.990864 0.134293 -0.010133 0.989412 0.144779 -0.018138 0.994556 0.102612 -0.013648 0.992117 0.124573 -0.015610 0.986167 0.165017 -0.013464 0.984468 0.175048 -0.010200 0.982509 0.185934 -0.018184 0.995435 0.093695 -0.013984 0.993243 0.115209 -0.018007 0.996239 0.084756 -0.013563 0.994277 0.105970 -0.016014 0.989132 0.146155 -0.016459 0.987702 0.155477 
						-0.031785 0.973052 0.228384 -0.029671 0.970721 0.238369 -0.031919 0.975288 0.218617 -0.086109 0.927379 0.364079 -0.083878 0.922408 0.377000 -0.078345 0.917440 0.390085 -0.025680 0.968221 0.248775 -0.020193 0.965428 0.259886 -0.069492 0.912515 0.403096 -0.057627 0.907524 0.416029 -0.018386 0.994689 0.101267 -0.021221 0.995466 0.092718 -0.021415 0.997460 0.067926 -0.021839 0.997933 0.060436 -0.021282 0.998391 0.052565 -0.021440 0.996190 0.084529 -0.016876 0.999834 0.006937 -0.015696 0.999877 0.000545 -0.014146 0.999876 -0.006897 -0.013536 0.999802 -0.014584 -0.020981 0.998791 0.044461 -0.014985 0.999650 -0.021805 -0.021782 0.999096 0.036502 -0.021416 0.996869 0.076118 -0.021714 0.997474 0.067632 -0.018000 0.996952 0.075913 -0.012653 0.995225 0.096781 -0.018525 0.997551 0.067441 -0.011616 0.996065 0.087859 -0.012248 0.991738 0.127694 -0.014477 0.990485 0.136858 -0.019934 0.998022 0.059629 -0.010838 0.996774 0.079520 -0.009837 0.992851 0.118955 -0.023943 0.981492 0.190001 -0.027399 0.979552 0.199316 -0.080170 0.941212 0.328166 -0.083479 0.936811 0.339731 -0.030281 0.977461 0.208933 -0.085717 0.932174 0.351715 -0.022793 0.997973 0.059418 -0.024154 0.999282 0.029201 -0.028323 0.999338 0.022827 -0.024977 0.998348 0.051745 -0.018874 0.999439 -0.027649 -0.025261 0.999180 -0.031657 -0.035465 0.998806 -0.033612 -0.034970 0.999234 0.017538 -0.028662 0.998583 0.044838 0.045062 0.998605 0.027524 0.046826 0.998540 0.026914 0.043847 0.998637 0.028302 0.055705 0.998266 0.019018 0.054277 0.998346 0.018928 0.053048 0.998410 0.019072 0.042744 0.998661 0.029129 0.056991 0.998189 0.019280 0.070419 0.997471 -0.009682 0.066309 0.997768 -0.007948 0.074565 0.993665 -0.084084 0.068467 0.994698 -0.076740 0.062025 0.998058 -0.005809 0.057919 0.998316 -0.003270 0.062365 0.995685 -0.068723 
						0.056114 0.996617 -0.060039 0.048506 0.998462 0.026833 0.051775 0.998457 0.020077 0.050438 0.998471 0.022603 0.049894 0.998367 0.027805 0.054177 0.998531 0.000522 0.050820 0.997462 -0.049862 0.047359 0.998179 -0.037351 0.050876 0.998685 0.006359 0.048674 0.998720 0.013757 0.049948 0.998400 0.026510 0.045235 0.998711 -0.023032 0.043822 0.999008 -0.007911 0.047067 0.998653 0.021847 0.050359 0.998243 0.031226 0.052314 0.998178 0.030050 0.056018 0.997875 0.033267 -0.038310 0.999258 0.003849 -0.041005 0.999157 0.001885 -0.053820 0.998538 -0.005084 -0.050648 0.998715 -0.001620 -0.043993 0.999032 -0.000200 -0.047274 0.998879 -0.002397 -0.060654 0.998099 -0.010923 -0.057052 0.998338 -0.008115 -0.067077 0.997609 -0.016652 -0.063826 0.997895 -0.011446 -0.070777 0.997265 -0.021272 -0.076673 0.996402 -0.036115 -0.073982 0.996876 -0.027644 -0.071858 0.997250 -0.018145 -0.061373 0.998099 -0.005607 -0.071515 0.997405 -0.008298 -0.050768 0.998701 -0.004449 -0.053718 0.998539 -0.005924 -0.068154 0.997550 -0.015777 -0.064285 0.997841 -0.013467 -0.055860 0.998416 -0.006781 -0.071430 0.997290 -0.017611 -0.084628 0.995853 -0.033405 -0.079786 0.996369 -0.029708 -0.091191 0.994092 -0.058867 -0.084802 0.995068 -0.051453 -0.074980 0.996857 -0.025578 -0.080262 0.995801 -0.044036 0.059833 0.997562 0.035925 0.051088 0.998098 0.034514 0.051176 0.998079 0.034906 0.062209 0.997388 0.036698 0.045701 0.998580 0.027393 0.042166 0.999103 0.003806 0.039344 0.999181 0.009408 0.043821 0.998635 0.028431 0.041101 0.998828 0.025563 0.050016 0.998246 0.031670 0.035471 0.999320 0.010085 0.062161 0.997484 0.034080 -0.044907 0.957223 0.285846 -0.052760 0.965462 0.255147 -0.066484 0.682837 0.727539 -0.072886 0.705281 0.705171 -0.073685 0.722727 0.687195 -0.057599 0.971112 0.231570 0.364209 -0.630816 -0.685144 
						0.280659 0.023836 -0.959512 0.230355 -0.014538 -0.972998 0.296518 -0.672874 -0.677730 0.140598 0.539385 -0.830238 0.103575 0.519572 -0.848126 0.167668 -0.046125 -0.984764 0.214212 -0.707301 -0.673675 0.091994 -0.067452 -0.993472 0.116540 -0.730728 -0.672647 0.058072 0.506026 -0.860561 -0.060458 0.974269 0.217128 -0.068811 0.734029 0.675623 -0.035688 0.946100 0.321901 -0.025213 0.930849 0.364532 -0.028417 0.617946 0.785707 -0.051240 0.655330 0.753603 -0.013290 0.909473 0.415550 0.002057 0.878993 0.476829 0.054513 0.496818 0.866141 0.005201 0.566259 0.824211 0.473018 -0.511777 -0.717174 0.517739 -0.418614 -0.746129 0.350428 0.214798 -0.911626 0.339347 0.131462 -0.931430 0.549207 -0.293676 -0.782385 0.344903 0.318822 -0.882833 0.420150 -0.580399 -0.697575 0.314337 0.068902 -0.946808 0.024815 0.839517 0.542767 0.061400 0.796301 0.601777 0.227871 0.338676 0.912893 0.125834 0.416099 0.900571 0.118767 0.764519 0.633565 0.160744 0.803990 0.572504 0.466428 0.467421 0.750974 0.368082 0.320134 0.872943 0.562345 0.058818 -0.824808 0.538597 0.293072 -0.789951 0.245335 0.698090 -0.672668 0.291141 0.565310 -0.771791 0.485018 0.546138 -0.683001 0.174738 0.825590 -0.536533 0.564582 -0.136524 -0.814008 0.324604 0.436738 -0.838983 0.371065 0.726072 0.578903 0.329073 0.781565 0.529969 0.252625 0.867275 -0.428968 0.353723 0.816794 -0.455772 0.415137 0.644592 -0.641999 0.552598 0.453667 -0.699158 0.466629 0.255078 0.846872 0.485092 0.353480 0.799836 0.108174 0.947249 -0.301690 0.219683 0.867221 -0.446842 0.243309 0.824992 -0.510088 0.382982 0.499417 -0.777115 0.135423 -0.079861 0.987564 0.196616 0.031715 0.979968 0.461646 0.205300 -0.862980 0.295901 0.781880 0.548732 0.484108 0.377951 0.789172 0.478941 0.417151 0.772399 0.269714 0.794593 0.543945 0.250371 0.070065 0.965611 
						0.265908 0.157920 0.950975 0.221915 0.328292 0.918138 0.435791 0.467107 0.769349 0.205796 0.822309 0.530525 0.091138 0.903263 0.419297 0.089009 0.906852 0.411943 0.068602 0.928060 0.366059 0.403459 0.624470 0.668773 0.452231 0.559825 0.694322 0.442639 0.536767 0.718298 0.017228 0.960122 0.279049 0.263552 0.754813 0.600664 0.322006 0.449138 0.833419 0.380420 0.217345 0.898911 0.373826 0.110415 0.920903 0.321777 0.070758 0.944168 0.046853 0.854545 0.517261 0.350280 0.477128 0.806011 0.175028 0.955023 -0.239369 0.636540 0.595542 -0.490048 0.641440 0.622104 -0.448933 0.159271 0.946030 -0.282239 0.217426 0.055359 0.974506 0.642008 0.114986 -0.758026 0.713892 0.130377 -0.688012 0.803828 0.166108 -0.571199 0.648026 0.666802 -0.368019 0.136967 0.954155 -0.266135 -0.723452 0.088418 0.684689 -0.619044 0.035149 0.784569 -0.750437 0.216003 0.624650 -0.639942 0.692536 0.332968 -0.673124 0.632424 0.383332 -0.660285 0.553705 0.507380 -0.697209 0.444616 0.562330 -0.572529 0.761168 0.304685 -0.035871 0.970140 0.239879 -0.055068 0.958585 0.279432 -0.082236 0.946322 0.312588 -0.114537 0.925057 0.362147 -0.538563 0.003045 0.842580 -0.651998 0.521202 0.550678 -0.118637 0.066530 -0.990706 -0.389815 0.483221 -0.783927 -0.486300 0.540168 -0.686827 -0.188682 0.149279 -0.970626 -0.129652 0.944678 0.301287 -0.011566 0.899175 -0.437436 -0.074728 0.928143 -0.364645 -0.150367 0.919569 -0.363018 -0.546888 0.563705 -0.618992 -0.237454 0.298095 -0.924529 -0.074221 0.898421 -0.432817 -0.078534 0.896292 -0.436455 -0.244414 0.389673 -0.887928 -0.272838 0.428067 -0.861579 -0.298569 0.456193 -0.838298 -0.083659 0.892702 -0.442815 -0.508557 -0.032335 0.860421 -0.182629 0.684623 0.705648 -0.212622 0.702073 0.679622 -0.572837 0.054387 0.817863 -0.233029 0.721497 0.652027 -0.608490 0.142264 0.780705 
						-0.245371 0.741919 0.623979 -0.625022 0.228375 0.746453 -0.251520 0.761884 0.596884 -0.629453 0.309085 0.712920 -0.089068 0.889113 -0.448937 -0.323651 0.481733 -0.814361 -0.345087 0.512854 -0.786063 -0.093937 0.887721 -0.450696 -0.076026 0.991653 -0.104134 -0.072662 0.898461 -0.432999 -0.076733 0.992604 -0.094074 -0.072874 0.897230 -0.435508 -0.177339 0.291912 -0.939861 -0.216251 0.341496 -0.914667 -0.078281 0.993149 -0.086760 -0.074772 0.895617 -0.438496 -0.127527 0.253162 -0.958982 -0.297891 -0.172368 0.938909 -0.151651 -0.218267 0.964034 -0.043858 0.648048 0.760335 -0.096917 0.657503 0.747192 -0.007268 0.894144 0.447720 -0.025785 0.897761 0.439728 -0.417839 -0.107955 0.902084 -0.143548 0.670056 0.728298 -0.043183 0.902541 0.428432 -0.096851 0.889840 -0.445876 -0.357465 0.551685 -0.753566 -0.361574 0.591285 -0.720865 -0.097813 0.893406 -0.438472 -0.254057 0.779943 0.571964 -0.627921 0.380650 0.678838 -0.254054 0.796351 0.548891 -0.621730 0.443341 0.645678 -0.251934 0.811386 0.527429 -0.611342 0.498264 0.614812 -0.248024 0.825285 0.507334 -0.597318 0.546157 0.587302 -0.096928 0.897274 -0.430702 -0.360000 0.627398 -0.690487 -0.356023 0.657100 -0.664430 -0.094836 0.900375 -0.424653 -0.091941 0.903233 -0.419186 -0.350517 0.683810 -0.639954 -0.341472 0.712183 -0.613345 -0.087088 0.907536 -0.410846 -0.241792 0.839025 0.487415 -0.579467 0.590089 0.562151 -0.232296 0.853504 0.466444 -0.557379 0.633676 0.536454 -0.219759 0.868544 0.444227 -0.530783 0.677074 0.509745 -0.204213 0.883893 0.420750 -0.499297 0.719988 0.481995 -0.080403 0.913210 -0.399479 -0.328867 0.741828 -0.584412 -0.312555 0.772089 -0.553343 -0.071704 0.920058 -0.385164 -0.061339 0.927095 -0.369773 -0.294129 0.800256 -0.522569 -0.275612 0.824396 -0.494377 -0.050392 0.933421 -0.355226 -0.186573 0.898810 0.396649 -0.464001 0.760624 0.454042 
						-0.168501 0.912452 0.372879 -0.427417 0.796786 0.427138 -0.151009 0.924545 0.349875 -0.391437 0.828027 0.401432 -0.135197 0.935018 0.327817 -0.357765 0.854426 0.376776 -0.038849 0.939130 -0.341360 -0.257181 0.844995 -0.468872 -0.239039 0.862600 -0.445849 -0.026924 0.944355 -0.327824 -0.015056 0.949180 -0.314375 -0.221112 0.877826 -0.424890 -0.203911 0.891052 -0.405520 -0.004091 0.953571 -0.301141 -0.121753 0.944043 0.306527 -0.327425 0.876560 0.352753 -0.110997 0.951882 0.285658 -0.300661 0.895212 0.328935 -0.103449 0.958637 0.265167 -0.277867 0.910828 0.305257 -0.099462 0.964368 0.245159 -0.259393 0.923746 0.281795 0.004984 0.957505 -0.288373 -0.188493 0.902370 -0.387554 -0.175733 0.912015 -0.370604 0.011295 0.961038 -0.276186 0.015066 0.964545 -0.263487 -0.164690 0.920942 -0.353190 -0.154222 0.929779 -0.334254 0.017083 0.968270 -0.249323 -0.098168 0.969348 0.225227 -0.244035 0.934770 0.258171 -0.098408 0.973817 0.204930 -0.230244 0.944602 0.233911 -0.099904 0.977755 0.184430 -0.217801 0.953297 0.209255 -0.102400 0.981141 0.163941 -0.206557 0.960868 0.184575 0.017141 0.972043 -0.234175 -0.144745 0.938280 -0.314134 -0.136547 0.946158 -0.293495 0.015343 0.975671 -0.218704 0.012524 0.979147 -0.202768 -0.128927 0.953563 -0.272206 -0.121021 0.960570 -0.250318 0.009795 0.982487 -0.186073 -0.104883 0.984110 0.143270 -0.195513 0.967577 0.159907 -0.106275 0.986795 0.122235 -0.183684 0.973637 0.135246 -0.106293 0.989180 0.101114 -0.171048 0.978992 0.110980 -0.104787 0.991250 0.080272 -0.157661 0.983607 0.087526 0.007536 0.985588 -0.168997 -0.112902 0.966970 -0.228522 -0.104674 0.972697 -0.207133 0.005937 0.988391 -0.151817 0.005814 0.991011 -0.133656 -0.095739 0.977964 -0.185525 -0.085385 0.982875 -0.163296 0.007932 0.993490 -0.113644 -0.101628 0.993009 0.060036 -0.143012 0.987576 0.065129 
						-0.096926 0.994460 0.040671 -0.126729 0.990966 0.043878 -0.090981 0.995602 0.022340 -0.108873 0.993770 0.023822 -0.084125 0.996443 0.005008 -0.089286 0.995994 0.004851 0.012103 0.995682 -0.092035 -0.073451 0.987316 -0.140754 -0.059948 0.991158 -0.118372 0.017798 0.997426 -0.069460 0.022585 0.998516 -0.049558 -0.046572 0.994025 -0.098720 -0.035018 0.995930 -0.083053 0.024724 0.999071 -0.035286 -0.077467 0.996933 -0.011081 -0.069587 0.997493 -0.012846 -0.072009 0.997065 -0.026013 -0.051156 0.998258 -0.029403 -0.068567 0.996781 -0.041556 -0.033202 0.998320 -0.047481 -0.066179 0.996244 -0.055840 -0.016992 0.997770 -0.064539 0.024288 0.999361 -0.026222 -0.025662 0.997194 -0.070319 -0.018765 0.998054 -0.059468 0.021515 0.999532 -0.021731 0.017149 0.999656 -0.019864 -0.014108 0.998675 -0.049480 -0.011233 0.999179 -0.038926 0.011332 0.999765 -0.018479 -0.065272 0.995454 -0.069366 -0.002807 0.996677 -0.081407 -0.066411 0.994374 -0.082528 0.009325 0.995053 -0.098911 -0.070527 0.992831 -0.096503 0.019316 0.992781 -0.118377 -0.079844 0.990268 -0.113992 0.027738 0.989264 -0.143482 0.002924 0.999856 -0.016693 -0.010106 0.999613 -0.025922 -0.011428 0.999921 -0.005311 -0.009822 0.999864 -0.013276 -0.013710 0.999597 0.024851 0.028269 0.996237 0.081935 0.170127 0.941920 0.289557 0.011847 0.989583 0.143476 -0.068239 0.984771 -0.159906 0.090165 0.973782 -0.208851 -0.010795 0.967805 -0.251468 0.232227 0.910072 -0.343277 0.080762 0.922210 -0.378161 0.383588 0.770947 -0.508430 0.079798 0.934372 0.347247 0.376416 0.745242 0.550386 -0.048347 0.996866 0.062610 -0.056423 0.997041 0.052201 -0.020159 0.998644 0.047989 -0.041396 0.998399 0.038555 -0.052545 0.998375 0.022067 -0.059805 0.997927 0.023777 -0.019617 0.999522 0.023899 0.014441 0.999239 0.036223 -0.042276 0.999105 0.001353 -0.055920 0.998252 -0.019112 
						-0.008434 0.998825 0.047726 -0.017454 0.998260 0.056328 0.059777 0.997126 0.046551 0.043720 0.997745 0.050920 0.024909 0.998270 0.053261 -0.027045 0.997678 0.062512 0.115063 0.992097 0.050046 0.098351 0.993890 0.050089 0.074776 0.996033 0.048239 0.045929 0.998013 0.043132 0.003234 0.998628 0.052270 -0.037694 0.997165 0.065120 -0.084174 0.993614 0.075134 -0.087238 0.994213 0.062695 -0.091665 0.987659 0.126992 -0.086247 0.986100 0.142013 -0.089886 0.994846 0.046934 -0.096023 0.989446 0.108518 -0.097964 0.986213 0.133367 -0.093043 0.983657 0.154148 -0.097241 0.986400 0.132512 -0.092730 0.983408 0.155914 -0.086688 0.981420 0.171170 -0.086541 0.980825 0.174624 -0.085765 0.984077 0.155684 -0.091443 0.986204 0.137987 -0.088934 0.989680 0.112355 -0.086049 0.989989 0.111882 -0.095429 0.989148 0.111715 -0.090374 0.992688 0.080024 -0.086266 0.994992 0.050486 0.038104 0.747638 -0.663013 0.065983 0.757529 -0.649458 0.047509 0.848353 -0.527295 0.028234 0.840519 -0.541046 0.088311 0.771506 -0.630063 0.062800 0.859133 -0.507884 0.048816 0.901129 -0.430794 0.037446 0.892646 -0.449200 0.022938 0.886372 -0.462404 0.034626 0.999114 0.023922 0.054937 0.997998 0.031328 0.058950 0.997713 0.033084 0.036489 0.999008 0.025511 0.086859 0.995409 0.040206 0.093170 0.994757 0.042162 0.102422 0.993732 0.044800 0.065147 0.997249 0.035349 0.112352 0.992521 0.047736 0.070784 0.996778 0.037716 0.037722 0.998915 0.027316 0.041234 0.998714 0.029505 0.048418 0.997924 0.042464 0.081986 0.995282 0.051889 0.090992 0.991631 0.091585 0.050916 0.995483 0.080135 0.127977 0.989768 0.063092 0.147969 0.983329 0.105686 0.166586 0.966899 0.193278 0.104337 0.978871 0.175855 0.056658 0.985415 0.160460 -0.077550 0.996938 -0.010014 -0.076180 0.997085 -0.004182 -0.092494 0.995529 -0.019176 
						-0.083242 0.996321 -0.020364 -0.077370 0.996745 -0.022638 -0.074407 0.997034 0.019650 -0.087039 0.994691 -0.054908 -0.104360 0.993425 -0.047064 -0.071938 0.993795 -0.084835 -0.058589 0.989084 -0.135207 -0.069365 0.995741 -0.060732 -0.070631 0.997440 -0.011175 -0.071465 0.997180 -0.022889 -0.071606 0.997193 0.021891 -0.075848 0.997065 0.010444 -0.072463 0.995806 0.055844 -0.070501 0.994826 0.073143 -0.069154 0.995710 0.061472 -0.066808 0.997599 0.018229 -0.064188 0.997832 0.014519 -0.066937 0.996925 0.040733 -0.068517 0.997523 -0.015884 -0.067312 0.997703 -0.007542 -0.067717 0.997665 -0.008895 -0.064957 0.997886 -0.001965 -0.065789 0.997791 0.009274 -0.066708 0.997772 -0.000850 -0.063650 0.997971 0.001751 -0.073825 0.997270 -0.001786 -0.090965 0.995797 -0.010643 -0.071831 0.997408 -0.004186 -0.100881 0.994838 -0.010981 -0.118438 0.992547 -0.028691 -0.115899 0.992435 -0.040500 -0.096782 0.995175 -0.016095 -0.076759 0.997019 -0.007840 -0.007837 0.196560 -0.980460 0.005134 0.238875 -0.971037 -0.040159 0.177960 -0.983218 -0.015866 0.220544 -0.975248 0.018317 0.361065 -0.932361 0.019789 0.359655 -0.932876 -0.081271 0.153929 -0.984734 -0.048584 0.205668 -0.977415 0.008234 0.394460 -0.918876 0.052384 0.712386 -0.699830 0.047597 0.618116 -0.784645 0.028446 0.941488 -0.335845 0.045589 0.883531 -0.466148 0.030558 0.574782 -0.817735 0.029621 0.837635 -0.545426 -0.197569 0.641839 0.740951 -0.244507 0.720136 0.649323 -0.327956 0.332760 0.884147 -0.235782 0.233232 0.943403 -0.248033 0.779548 0.575139 -0.366133 0.428538 0.826015 -0.442278 0.096390 0.891683 -0.359860 0.005492 0.932990 -0.138734 0.054397 -0.988835 -0.083174 0.074439 -0.993751 -0.235885 -0.070255 0.969238 -0.029439 0.094718 -0.995069 0.026235 0.998890 0.039133 0.113790 0.992312 0.048662 0.090166 0.994915 0.044889 0.010920 0.999197 0.038558 
						0.171218 0.983424 0.059670 0.145703 0.987869 0.053713 0.127095 0.990606 0.050464 0.074356 0.996253 0.044166 0.001188 0.999150 0.041217 0.017279 0.975139 -0.220921 0.018183 0.981757 -0.189267 0.006214 0.999782 -0.019935 0.004841 0.999825 0.018049 -0.016822 0.999163 -0.037279 -0.003206 0.995432 -0.095417 -0.020006 0.996763 0.077870 -0.009572 0.998999 0.043695 -0.006494 0.991000 0.133707 -0.009524 0.985047 0.172020 -0.013259 0.985874 0.166965 -0.024600 0.995116 0.095600 -0.022208 0.994807 0.099323 -0.010055 0.988940 0.147978 -0.020157 0.999787 0.004423 -0.017858 0.999666 0.018657 -0.018190 0.999738 0.013860 -0.022567 0.996706 0.077891 -0.011958 0.991145 0.132247 -0.017981 0.993597 0.111546 -0.007748 0.989380 0.145147 -0.015365 0.991799 0.126877 -0.002801 0.989300 0.145867 0.001406 0.987485 0.157710 0.003979 0.983598 0.180328 -0.002217 0.985539 0.169432 -0.000878 0.977716 0.209930 0.004889 0.975626 0.219386 -0.006853 0.987632 0.156640 -0.005996 0.980205 0.197892 -0.013340 0.962312 0.271622 -0.005340 0.959171 0.282775 0.002851 0.956731 0.290959 -0.065599 0.997373 -0.030737 -0.068794 0.997366 -0.023006 -0.064808 0.995877 -0.063468 -0.061989 0.992949 -0.101042 -0.068069 0.997285 -0.028082 -0.062746 0.995190 -0.075226 -0.061101 0.990184 -0.125710 0.009958 0.997673 -0.067449 0.006554 0.999482 -0.031515 0.007281 0.999870 -0.014416 0.008420 0.999567 -0.028193 0.001813 0.999989 -0.004294 0.004268 0.999979 0.004841 0.006986 0.999939 0.008600 
					</float_array>
					<technique_common>
						<accessor count="5876" offset="0" source="#meshId0-bitangents-array" stride="3">
							<param name="X" type="float" />
							<param name="Y" type="float" />
							<param name="Z" type="float" />
						</accessor>
					</technique_common>
				</source>
				<source id="meshId0-tex0" name="meshId0-tex0">
					<float_array id="meshId0-tex0-array" count="11752"> 
						0.614266 0.404713 0.626891 0.414060 0.624396 0.418440 0.610838 0.408635 0.641634 0.421669 0.640389 0.426407 0.638094 0.432295 0.620393 0.423799 0.605458 0.413221 0.658015 0.427256 0.658252 0.432233 0.675527 0.430570 0.677397 0.435643 0.677984 0.442139 0.657484 0.438479 0.655872 0.446276 0.635032 0.439591 0.677015 0.450447 0.675429 0.460343 0.654041 0.455665 0.632133 0.448684 0.614865 0.430386 0.597788 0.418647 0.609899 0.439275 0.585764 0.425846 0.616085 0.401296 0.627888 0.410417 0.616656 0.398310 0.627727 0.407368 0.640439 0.414692 0.641548 0.417823 0.616377 0.395655 0.626777 0.404733 0.615796 0.393122 0.625538 0.402188 0.636622 0.409518 0.638649 0.412055 0.651571 0.417447 0.654368 0.420071 0.648632 0.414980 0.661157 0.418493 0.665118 0.420799 0.669074 0.423350 0.656623 0.423264 0.672652 0.426532 0.604222 0.393930 0.606567 0.390737 0.596842 0.382137 0.599511 0.379244 0.600963 0.376352 0.607654 0.387762 0.592212 0.369798 0.595073 0.367365 0.590416 0.357416 0.593375 0.355679 0.595166 0.353650 0.596761 0.364748 0.597699 0.362191 0.601611 0.373612 0.596257 0.351599 0.597283 0.349888 0.598457 0.359945 0.602009 0.371138 0.607894 0.385032 
						0.607843 0.382499 0.600250 0.397304 0.594313 0.400810 0.586544 0.387259 0.592579 0.384884 0.586088 0.404412 0.574770 0.406266 0.568370 0.389605 0.578564 0.389055 0.574028 0.374040 0.581758 0.373298 0.564561 0.373898 0.562927 0.359058 0.572063 0.359535 0.579728 0.359362 0.587794 0.371824 0.585861 0.358649 0.413524 0.360691 0.409868 0.353872 0.411110 0.351688 0.414912 0.359069 0.405181 0.348155 0.406236 0.345207 0.408512 0.341886 0.413524 0.349253 0.417311 0.357291 0.399401 0.343502 0.400093 0.339752 0.392114 0.340191 0.392461 0.335688 0.394031 0.330407 0.402070 0.335392 0.405354 0.330343 0.412035 0.338301 0.396756 0.324124 0.401254 0.315559 0.410543 0.325533 0.416982 0.334816 0.417102 0.346689 0.420786 0.355424 0.421869 0.344141 0.425361 0.353535 0.412980 0.362044 0.409809 0.355712 0.412906 0.363122 0.410442 0.357281 0.406641 0.352814 0.405402 0.350653 0.412645 0.364087 0.410788 0.358835 0.411897 0.364935 0.410471 0.360177 0.408338 0.356876 0.407796 0.354864 0.403321 0.351799 0.401443 0.349473 0.404756 0.354003 0.398390 0.352623 0.396656 0.350332 0.394693 0.347528 0.399986 0.346730 0.393017 0.344144 0.414988 0.368483 0.413840 0.369542 
						0.414328 0.376695 0.412687 0.377530 0.411521 0.378329 0.413167 0.370429 0.411883 0.385046 0.409866 0.385700 0.407791 0.393343 0.405492 0.393802 0.403602 0.394505 0.408298 0.386459 0.406965 0.387257 0.410563 0.379076 0.401935 0.395334 0.400139 0.396035 0.405472 0.387923 0.409357 0.379671 0.412591 0.371180 0.411615 0.371788 0.416809 0.367250 0.419419 0.365923 0.419533 0.374920 0.416583 0.375824 0.422939 0.364555 0.427452 0.363172 0.427930 0.373038 0.423280 0.373992 0.421759 0.383586 0.417722 0.384055 0.426697 0.383064 0.423735 0.393193 0.418420 0.393240 0.414096 0.393199 0.414467 0.384522 0.410606 0.393189 0.431069 0.351709 0.433017 0.361794 0.437694 0.349915 0.439472 0.360402 0.440106 0.371011 0.433580 0.372044 0.445043 0.348114 0.446659 0.358973 0.452927 0.346276 0.454419 0.357492 0.455219 0.368797 0.447367 0.369931 0.447105 0.380985 0.439512 0.381739 0.455279 0.380183 0.454561 0.391632 0.445823 0.392123 0.437637 0.392573 0.432660 0.382438 0.430207 0.392947 0.427872 0.341766 0.423573 0.331853 0.431279 0.329194 0.434863 0.339515 0.418215 0.321908 0.413006 0.311908 0.423128 0.308733 0.427188 0.318931 0.436225 0.316063 0.439565 0.326643 
						0.432831 0.305593 0.442257 0.302420 0.445288 0.313202 0.448180 0.324120 0.442584 0.337336 0.450787 0.335148 0.361498 0.505911 0.357483 0.512869 0.344613 0.511384 0.347765 0.504362 0.353356 0.519065 0.341652 0.517784 0.328953 0.517070 0.331016 0.510302 0.333443 0.503083 0.349217 0.524311 0.339097 0.523476 0.345884 0.527919 0.338205 0.528636 0.327215 0.529419 0.327513 0.523409 0.314705 0.523440 0.315556 0.516602 0.314645 0.530044 0.301261 0.530446 0.301283 0.523422 0.301848 0.516200 0.316995 0.509461 0.318817 0.501956 0.302851 0.508703 0.304176 0.500869 0.374355 0.507846 0.369320 0.514921 0.386839 0.510253 0.380661 0.517597 0.373539 0.524236 0.363765 0.521231 0.399445 0.513226 0.392035 0.520961 0.412664 0.516870 0.403969 0.525086 0.393632 0.532664 0.383338 0.528035 0.373271 0.534310 0.365307 0.530024 0.381771 0.539467 0.368504 0.545357 0.361750 0.539657 0.355603 0.534800 0.357622 0.526593 0.350052 0.530753 0.365304 0.498379 0.378940 0.500195 0.368951 0.490362 0.383161 0.492041 0.397013 0.493964 0.392242 0.502356 0.372493 0.481950 0.387105 0.483455 0.375983 0.473230 0.390859 0.474507 0.405218 0.475927 0.401292 0.485136 0.415356 0.487090 
						0.410878 0.496240 0.419302 0.477569 0.433356 0.479524 0.429596 0.489432 0.425124 0.498994 0.405650 0.504969 0.419597 0.508157 0.350889 0.496808 0.335967 0.495391 0.338590 0.487348 0.354008 0.488830 0.320813 0.494034 0.305701 0.492646 0.307367 0.484141 0.322957 0.485816 0.325226 0.477422 0.341316 0.479070 0.309119 0.475455 0.310886 0.466703 0.327593 0.468975 0.344146 0.470677 0.357151 0.480534 0.360343 0.472024 0.282922 0.407075 0.291440 0.413419 0.288531 0.414440 0.279675 0.407860 0.301713 0.418935 0.299448 0.420192 0.296290 0.421994 0.284542 0.415807 0.275288 0.408740 0.313333 0.423267 0.311916 0.424740 0.325864 0.426100 0.325380 0.427746 0.324316 0.430146 0.309774 0.426879 0.306977 0.429847 0.292342 0.424509 0.322658 0.433438 0.320390 0.437759 0.303589 0.433805 0.287944 0.428001 0.279544 0.417644 0.269838 0.409791 0.274551 0.420470 0.262816 0.411101 0.284953 0.406322 0.293202 0.412624 0.286010 0.405586 0.294031 0.411972 0.303426 0.417432 0.302980 0.418058 0.286416 0.404776 0.294233 0.411272 0.286695 0.403651 0.294282 0.410159 0.303055 0.415630 0.303322 0.416771 0.313437 0.421028 0.313920 0.421682 0.312780 0.419875 0.323225 0.422745 
						0.324313 0.423846 0.325219 0.424467 0.313959 0.422301 0.325786 0.425070 0.276553 0.400247 0.278564 0.399466 0.272127 0.393255 0.273946 0.392403 0.274950 0.391277 0.279648 0.398551 0.269405 0.386446 0.270968 0.385522 0.268160 0.380161 0.269494 0.379207 0.270303 0.377775 0.271856 0.384205 0.272373 0.382728 0.275455 0.390012 0.270888 0.376177 0.271760 0.374760 0.273035 0.381290 0.275987 0.388669 0.280133 0.397530 0.280551 0.396313 0.273371 0.400823 0.269241 0.401237 0.265698 0.393682 0.269256 0.393661 0.264388 0.401543 0.259579 0.401186 0.258093 0.392622 0.261812 0.393372 0.260778 0.385739 0.263971 0.386459 0.257724 0.384637 0.258255 0.377545 0.260916 0.378937 0.263624 0.379905 0.266960 0.386724 0.266122 0.380354 0.670573 0.511678 0.668889 0.526743 0.647009 0.521649 0.648808 0.506748 0.667165 0.541565 0.645164 0.536210 0.622638 0.529766 0.624545 0.515487 0.626402 0.500740 0.665731 0.555060 0.643646 0.549422 0.664927 0.566187 0.642839 0.560330 0.620286 0.553303 0.621082 0.542658 0.598629 0.534906 0.600179 0.522417 0.597845 0.545204 0.576064 0.536172 0.576852 0.526353 0.578351 0.514395 0.602083 0.508489 0.603937 0.493946 0.580177 0.500943 
						0.581954 0.486728 0.691110 0.515314 0.689588 0.530609 0.710636 0.517902 0.709322 0.533435 0.707995 0.548800 0.688036 0.545714 0.729412 0.519734 0.728364 0.535418 0.747800 0.520962 0.747038 0.536794 0.746298 0.552386 0.727308 0.550975 0.726391 0.565170 0.706860 0.562823 0.745628 0.566635 0.745082 0.578338 0.725747 0.576828 0.706137 0.574350 0.686728 0.559491 0.685951 0.570832 0.671894 0.497392 0.692326 0.500892 0.673033 0.483979 0.693445 0.487314 0.712764 0.489501 0.711709 0.503303 0.674162 0.471574 0.694647 0.474623 0.696140 0.462860 0.715648 0.464151 0.714012 0.476446 0.732246 0.477703 0.731224 0.490947 0.733507 0.465193 0.750508 0.466177 0.749876 0.478725 0.749215 0.492025 0.730323 0.504935 0.748524 0.506084 0.650199 0.492471 0.627831 0.486415 0.629062 0.472734 0.651401 0.479031 0.605369 0.479596 0.583355 0.472477 0.584435 0.457970 0.606538 0.465439 0.607588 0.451488 0.630319 0.459947 0.585238 0.442985 0.652615 0.466675 0.347372 0.288828 0.346678 0.282934 0.357469 0.279842 0.358464 0.286093 0.346327 0.277289 0.356842 0.273930 0.367133 0.270295 0.368101 0.276591 0.369438 0.283307 0.346544 0.271874 0.356806 0.268352 0.347570 0.266662 
						0.357608 0.263100 0.367125 0.259007 0.366732 0.264431 0.376423 0.260060 0.377231 0.266354 0.376334 0.254272 0.385355 0.248869 0.385940 0.255224 0.387145 0.262076 0.378559 0.273139 0.380242 0.280397 0.388814 0.269417 0.390816 0.277236 0.336235 0.291531 0.335741 0.285880 0.325052 0.294239 0.324689 0.288751 0.324555 0.283377 0.335544 0.280403 0.313860 0.296942 0.313556 0.291567 0.302666 0.299608 0.302362 0.294319 0.302164 0.289069 0.313414 0.286263 0.313523 0.280992 0.324793 0.278081 0.302116 0.283819 0.302251 0.278524 0.313968 0.275707 0.325548 0.272816 0.335835 0.275068 0.336813 0.269834 0.348227 0.294961 0.336840 0.297373 0.349065 0.301288 0.337470 0.303365 0.325996 0.305624 0.325497 0.299871 0.349803 0.307715 0.338041 0.309470 0.350328 0.314161 0.338479 0.315643 0.326782 0.317449 0.326435 0.311491 0.315002 0.313680 0.314621 0.308001 0.315301 0.319452 0.304035 0.321548 0.303757 0.315941 0.303406 0.310416 0.314231 0.302420 0.303028 0.304972 0.359619 0.292669 0.370956 0.290423 0.372469 0.297817 0.360754 0.299453 0.382127 0.288109 0.393023 0.285551 0.395455 0.294445 0.384117 0.296282 0.386109 0.304917 0.373791 0.305359 0.398095 0.304075 
						0.387086 0.313345 0.374513 0.312758 0.361701 0.306313 0.362297 0.313113 0.350527 0.320541 0.338706 0.321835 0.350630 0.326834 0.338903 0.328014 0.327161 0.329531 0.326990 0.323470 0.350860 0.333032 0.339250 0.334161 0.351437 0.339139 0.339920 0.340267 0.328067 0.341639 0.327421 0.335614 0.315326 0.337379 0.315473 0.331274 0.315796 0.343319 0.302007 0.345720 0.303543 0.339036 0.304078 0.333045 0.315458 0.325308 0.304193 0.327232 0.362381 0.319716 0.374240 0.319710 0.373577 0.326204 0.362266 0.326100 0.386020 0.320874 0.384338 0.327482 0.383377 0.333264 0.373202 0.332224 0.383332 0.338389 0.373416 0.337834 0.362268 0.332260 0.362690 0.338202 0.255158 0.383213 0.255910 0.375809 0.255040 0.391305 0.252537 0.389907 0.252895 0.381833 0.253642 0.374228 0.255590 0.399583 0.255981 0.406921 0.252388 0.404509 0.252473 0.397739 0.250275 0.396666 0.250463 0.388920 0.250106 0.403377 0.248475 0.403120 0.248532 0.396311 0.248600 0.388519 0.250752 0.380867 0.251219 0.373294 0.248666 0.380477 0.248721 0.372973 0.259421 0.371652 0.261818 0.373263 0.261143 0.367026 0.263338 0.368645 0.265587 0.369669 0.264200 0.374363 0.263372 0.363681 0.265349 0.364957 
						0.265419 0.361623 0.267452 0.361723 0.270196 0.361854 0.267640 0.365600 0.269875 0.365910 0.267664 0.370166 0.272970 0.361926 0.275483 0.361873 0.271827 0.365815 0.269399 0.370095 0.266375 0.374891 0.268165 0.374767 0.257216 0.369581 0.254835 0.367777 0.256833 0.361458 0.259211 0.364754 0.248763 0.366749 0.251923 0.366946 0.248798 0.361402 0.252529 0.361451 0.248865 0.351801 0.252649 0.351597 0.252706 0.356448 0.248831 0.356542 0.256738 0.350879 0.256805 0.355788 0.266993 0.348179 0.266501 0.352528 0.261339 0.354253 0.261424 0.349598 0.265915 0.356369 0.261425 0.358347 0.262086 0.361482 0.265541 0.359489 0.315576 0.536502 0.301914 0.537355 0.328572 0.535213 0.331156 0.541075 0.317338 0.543016 0.303136 0.544330 0.340216 0.533459 0.344066 0.538408 0.348688 0.543945 0.334542 0.547290 0.353947 0.550187 0.338536 0.554052 0.319770 0.549791 0.304835 0.551549 0.322711 0.557026 0.306918 0.559185 0.287843 0.530567 0.287841 0.523229 0.274439 0.530505 0.274436 0.522950 0.274662 0.515183 0.288206 0.515696 0.261087 0.530349 0.261101 0.522662 0.247783 0.530198 0.247818 0.522471 0.247854 0.514514 0.261222 0.514755 0.261440 0.506517 0.275084 0.507113 
						0.247892 0.506213 0.247933 0.497466 0.261745 0.497855 0.275676 0.498657 0.288880 0.507882 0.289802 0.499718 0.288271 0.537811 0.289073 0.545124 0.275163 0.545513 0.274689 0.537973 0.290200 0.552674 0.291602 0.560622 0.276690 0.561459 0.275838 0.553288 0.261694 0.553515 0.261393 0.545612 0.262082 0.561821 0.247646 0.561829 0.247682 0.553479 0.247716 0.545536 0.261187 0.537945 0.247749 0.537832 0.352571 0.345165 0.341079 0.346331 0.354019 0.350782 0.342510 0.352014 0.331042 0.353024 0.329401 0.347537 0.355556 0.355659 0.344016 0.356967 0.356983 0.359501 0.345419 0.360876 0.334051 0.361579 0.332631 0.357802 0.321649 0.358288 0.319835 0.353922 0.323101 0.361746 0.312796 0.361530 0.311329 0.358569 0.309317 0.354883 0.317595 0.348876 0.306533 0.350648 0.363828 0.343945 0.374542 0.343096 0.376192 0.347824 0.365371 0.349221 0.384394 0.343033 0.386107 0.347096 0.388027 0.350489 0.378005 0.351836 0.389743 0.353177 0.379654 0.354994 0.367036 0.353762 0.368570 0.357335 0.698107 0.452124 0.698993 0.443073 0.721609 0.441143 0.717871 0.452631 0.693655 0.431330 0.697220 0.436350 0.711123 0.429720 0.715663 0.434359 0.740823 0.421536 0.741742 0.425187 
						0.730729 0.429877 0.726678 0.426105 0.743810 0.427378 0.735146 0.433099 0.752447 0.428736 0.752102 0.435268 0.742820 0.434639 0.747683 0.428385 0.751650 0.443922 0.737960 0.443035 0.735129 0.453425 0.751109 0.454398 0.617137 0.381971 0.616319 0.384768 0.610228 0.375363 0.611676 0.373159 0.615758 0.387624 0.609020 0.377671 0.604170 0.367183 0.605871 0.365567 0.607791 0.364108 0.615565 0.390441 0.608195 0.380059 0.602846 0.369022 0.599670 0.358291 0.601329 0.357127 0.598740 0.348911 0.600522 0.348556 0.603315 0.356319 0.605482 0.355694 0.602507 0.348635 0.604602 0.348895 0.623969 0.389848 0.623852 0.393040 0.631901 0.396644 0.632521 0.400036 0.633495 0.403419 0.624034 0.396255 0.640673 0.402217 0.642019 0.405631 0.650045 0.406464 0.652055 0.409746 0.654562 0.412951 0.643782 0.409005 0.645998 0.412168 0.634868 0.406629 0.657607 0.415906 0.624592 0.399350 0.618077 0.379313 0.624275 0.386800 0.392603 0.396045 0.395370 0.396349 0.388346 0.403464 0.385450 0.402907 0.380258 0.409523 0.377306 0.408651 0.631542 0.393389 0.397922 0.396367 0.391062 0.403689 0.393494 0.403504 0.385658 0.410090 0.383073 0.410034 0.374119 0.415218 0.371298 0.414363 
						0.376761 0.415589 0.366941 0.419820 0.364369 0.419093 0.361655 0.417875 0.639658 0.398920 0.368370 0.413137 0.358846 0.416289 0.648431 0.403273 0.613208 0.371073 0.609755 0.362732 0.398519 0.388205 0.402926 0.380087 0.405401 0.380175 0.401133 0.388370 0.607675 0.355066 0.606736 0.349039 0.405619 0.372615 0.406822 0.366730 0.408915 0.366367 0.407990 0.372558 0.410036 0.372263 0.407594 0.380040 0.410624 0.365715 0.403495 0.388291 0.719357 0.393358 0.713097 0.398960 0.710087 0.398072 0.716499 0.392726 0.705842 0.403653 0.702751 0.402454 0.295355 0.403656 0.302563 0.408773 0.302707 0.411514 0.294894 0.406245 0.289181 0.397751 0.288150 0.400062 0.697739 0.407272 0.694654 0.405716 0.688923 0.409710 0.685934 0.407775 0.310643 0.412951 0.319476 0.416055 0.320815 0.418736 0.311400 0.415721 0.312107 0.418067 0.302861 0.413839 0.322062 0.421003 0.294518 0.408450 0.287292 0.402058 0.722477 0.393655 0.716463 0.399511 0.725777 0.393463 0.720158 0.399525 0.713429 0.404903 0.709388 0.404550 0.729266 0.392778 0.724247 0.399015 0.733202 0.391855 0.729062 0.398348 0.723700 0.404415 0.718081 0.404718 0.710614 0.409646 0.705608 0.409395 0.716666 0.409706 
						0.707975 0.414128 0.701856 0.413631 0.696755 0.412829 0.701356 0.408585 0.692481 0.411481 0.724498 0.387060 0.727365 0.387207 0.728370 0.380572 0.731017 0.380611 0.733631 0.380299 0.730297 0.386930 0.730871 0.374456 0.733324 0.374328 0.731987 0.369302 0.734160 0.368834 0.736216 0.368273 0.735658 0.373938 0.737869 0.373345 0.736186 0.379642 0.738206 0.367740 0.740380 0.367292 0.740184 0.372654 0.738880 0.378767 0.733276 0.386222 0.736513 0.385256 0.721800 0.386602 0.282696 0.393127 0.284245 0.391219 0.278699 0.385959 0.280661 0.384552 0.725811 0.380254 0.281426 0.394839 0.277094 0.387327 0.274350 0.380133 0.276207 0.379192 0.273252 0.373944 0.275189 0.373597 0.728427 0.374309 0.278443 0.378340 0.277439 0.373403 0.729729 0.369479 0.426980 0.521310 0.416982 0.530054 0.441158 0.526065 0.429966 0.535288 0.416185 0.543892 0.404886 0.538170 0.454005 0.530623 0.441850 0.540201 0.464412 0.534477 0.451625 0.544268 0.435399 0.553498 0.426637 0.549185 0.409233 0.557424 0.400444 0.551733 0.416785 0.562009 0.396821 0.569566 0.390508 0.564705 0.383376 0.558626 0.391062 0.545516 0.375879 0.551934 0.434509 0.512068 0.440111 0.502377 0.454667 0.506126 
						0.449140 0.516332 0.444313 0.492298 0.447625 0.481903 0.461183 0.484608 0.458453 0.495513 0.470964 0.498887 0.467642 0.509930 0.473114 0.487474 0.482598 0.490261 0.480912 0.502062 0.477978 0.513431 0.462283 0.520535 0.472821 0.524234 0.694266 0.358467 0.694221 0.356023 0.703597 0.356364 0.703585 0.358762 0.694638 0.353681 0.704065 0.354086 0.712649 0.354456 0.712081 0.356626 0.711915 0.358946 0.695696 0.351248 0.705199 0.351852 0.697579 0.348115 0.707205 0.349230 0.715901 0.350439 0.713844 0.352471 0.721505 0.353503 0.720217 0.355198 0.723571 0.352061 0.729964 0.354293 0.727878 0.355253 0.726444 0.356649 0.719451 0.357191 0.718989 0.359362 0.725389 0.358381 0.724521 0.360293 0.684225 0.357744 0.684158 0.355267 0.673668 0.356459 0.673602 0.353953 0.673862 0.351540 0.684503 0.352884 0.662800 0.354504 0.662758 0.351969 0.651811 0.351797 0.651816 0.349239 0.651932 0.346795 0.662936 0.349538 0.663445 0.346847 0.674580 0.348878 0.652241 0.344130 0.652917 0.340407 0.664460 0.343059 0.675925 0.345162 0.685413 0.350307 0.687058 0.346808 0.694607 0.360925 0.684566 0.360235 0.315019 0.368311 0.314665 0.365998 0.325054 0.366511 0.325522 0.368831 
						0.336048 0.366523 0.336636 0.368838 0.673961 0.358985 0.313921 0.363827 0.324244 0.364279 0.335189 0.364261 0.346548 0.363612 0.347448 0.365876 0.358120 0.362194 0.359062 0.364430 0.663005 0.357062 0.348155 0.368175 0.359880 0.366706 0.651904 0.354379 0.703842 0.361178 0.711964 0.361301 0.305355 0.367471 0.296833 0.366672 0.296482 0.364444 0.305068 0.365189 0.718668 0.361593 0.723716 0.362268 0.289769 0.366284 0.284437 0.366578 0.283336 0.364730 0.289133 0.364167 0.288285 0.362392 0.295805 0.362493 0.282156 0.363244 0.280996 0.362205 0.287270 0.361048 0.294799 0.360835 0.304396 0.363113 0.303332 0.361124 0.267093 0.343528 0.274315 0.342375 0.273737 0.347008 0.266893 0.338634 0.274396 0.337453 0.283263 0.336126 0.282873 0.341257 0.281652 0.346075 0.266479 0.333560 0.274125 0.332330 0.265929 0.328367 0.273642 0.327096 0.282822 0.325507 0.283183 0.330849 0.293321 0.329120 0.293249 0.334662 0.293083 0.323622 0.292665 0.340234 0.290724 0.345482 0.261291 0.344759 0.256559 0.345862 0.256297 0.340742 0.260991 0.339763 0.252548 0.346584 0.248904 0.346838 0.248947 0.341687 0.252416 0.341428 0.252261 0.336148 0.255974 0.335524 0.248994 0.336383 
						0.249047 0.330962 0.252090 0.330762 0.255608 0.330212 0.260570 0.334635 0.260068 0.329400 0.272501 0.351269 0.279213 0.350434 0.276159 0.354440 0.270910 0.355123 0.286505 0.350085 0.292955 0.350815 0.286029 0.354677 0.281411 0.354232 0.276863 0.358102 0.273097 0.358190 0.280223 0.358260 0.269268 0.358526 0.265321 0.323117 0.273084 0.321842 0.264684 0.317832 0.272486 0.316585 0.281855 0.314875 0.282368 0.320180 0.264047 0.312536 0.271870 0.311314 0.263429 0.307228 0.271285 0.306084 0.280829 0.304396 0.281331 0.309617 0.291897 0.307457 0.292329 0.312786 0.291481 0.302187 0.292739 0.318175 0.259524 0.324087 0.255216 0.324813 0.254813 0.319357 0.258961 0.318722 0.251908 0.325288 0.249103 0.325455 0.249164 0.319897 0.251723 0.319760 0.251542 0.314209 0.254414 0.313875 0.249229 0.314319 0.249299 0.308751 0.251373 0.308666 0.254033 0.308395 0.258400 0.313332 0.257862 0.307940 0.419049 0.403399 0.413299 0.402905 0.412459 0.413618 0.406239 0.412352 0.401548 0.410869 0.408719 0.402268 0.403780 0.423795 0.397065 0.421355 0.391268 0.434667 0.385381 0.428642 0.381543 0.424845 0.392527 0.418608 0.389037 0.416603 0.397883 0.409628 0.378539 0.422235 
						0.376042 0.420639 0.386218 0.415352 0.394925 0.408829 0.405074 0.401690 0.402127 0.401381 0.426200 0.403560 0.434446 0.403505 0.430247 0.414432 0.420700 0.414219 0.443491 0.403334 0.453038 0.403129 0.450898 0.414591 0.440408 0.414519 0.436886 0.425595 0.425357 0.425274 0.448340 0.425946 0.445561 0.437135 0.433240 0.436493 0.420484 0.435944 0.413772 0.424880 0.407040 0.435401 0.663014 0.271249 0.662338 0.261105 0.673980 0.263674 0.674879 0.273742 0.661303 0.251453 0.672861 0.254094 0.685539 0.257157 0.686408 0.266596 0.687250 0.276567 0.660201 0.242951 0.671811 0.245657 0.659319 0.236263 0.671068 0.239032 0.684571 0.242493 0.684879 0.248906 0.698697 0.252620 0.698784 0.260585 0.698990 0.246511 0.713509 0.250704 0.712604 0.256497 0.712071 0.264146 0.699222 0.269795 0.699843 0.279598 0.712051 0.273065 0.712392 0.282613 0.651952 0.269050 0.651903 0.258740 0.641486 0.267138 0.642295 0.256566 0.642738 0.246474 0.651440 0.248956 0.631398 0.265455 0.633134 0.254595 0.621510 0.264011 0.624055 0.252875 0.626567 0.241836 0.634670 0.243990 0.636118 0.234001 0.642943 0.237463 0.629146 0.230988 0.632174 0.219520 0.637387 0.225997 0.643033 0.230380 
						0.650773 0.240374 0.650148 0.233665 0.662978 0.281273 0.651313 0.279246 0.662303 0.291103 0.650169 0.289238 0.638383 0.287889 0.640113 0.277598 0.661162 0.300740 0.648669 0.298935 0.659600 0.310119 0.646953 0.308250 0.634493 0.307315 0.636405 0.297891 0.624283 0.297813 0.626918 0.287032 0.622137 0.307800 0.608838 0.310968 0.612701 0.297953 0.615873 0.286361 0.629303 0.276261 0.618794 0.275113 0.675182 0.283691 0.687713 0.286455 0.687747 0.296239 0.674894 0.293477 0.700330 0.289369 0.712817 0.292173 0.713383 0.301890 0.700674 0.299192 0.700864 0.309138 0.687241 0.305890 0.714175 0.311911 0.715647 0.323192 0.699906 0.318674 0.685972 0.315263 0.674024 0.303063 0.672574 0.312428 0.743098 0.348925 0.739685 0.350626 0.734102 0.346316 0.738303 0.344226 0.736296 0.352304 0.730197 0.348549 0.722858 0.344819 0.727286 0.341532 0.732377 0.338668 0.732928 0.353504 0.726598 0.350486 0.718994 0.347860 0.710263 0.345618 0.714278 0.341202 0.700471 0.343597 0.704353 0.337877 0.719125 0.336230 0.725205 0.332071 0.709130 0.331221 0.746885 0.352984 0.744192 0.354535 0.750139 0.356127 0.748215 0.357669 0.745887 0.359688 0.741217 0.355929 0.756393 0.358824 
						0.756296 0.360513 0.752257 0.359660 0.753291 0.358055 0.756191 0.362337 0.751446 0.361518 0.755874 0.367893 0.751304 0.367450 0.751277 0.364061 0.756055 0.364711 0.747005 0.367047 0.746758 0.363303 0.739649 0.363120 0.742799 0.363051 0.743275 0.367003 0.737926 0.359888 0.741203 0.359804 0.737861 0.356696 0.734756 0.357010 0.262867 0.301945 0.270757 0.300881 0.262377 0.296673 0.270300 0.295676 0.280002 0.294030 0.280381 0.299212 0.261966 0.291358 0.269918 0.290431 0.261638 0.285976 0.269606 0.285104 0.279457 0.283503 0.279697 0.288809 0.290644 0.286536 0.290835 0.291765 0.290551 0.281235 0.291119 0.296968 0.277397 0.361752 0.273285 0.365290 0.278800 0.361663 0.274380 0.364599 0.271631 0.368144 0.270658 0.369343 0.279931 0.361719 0.275519 0.364194 0.276728 0.364328 0.274159 0.366689 0.272776 0.367139 0.271086 0.370962 0.270248 0.372448 0.272318 0.369843 0.269401 0.373867 0.282778 0.358720 0.289360 0.355928 0.291741 0.357576 0.284680 0.359365 0.297185 0.353128 0.299946 0.356098 0.301916 0.358816 0.293490 0.359246 0.286115 0.360119 0.586634 0.345934 0.591474 0.345532 0.580141 0.346000 0.582289 0.333157 0.589604 0.333616 0.595149 0.334063 
						0.572200 0.345691 0.563025 0.344977 0.564390 0.331568 0.573801 0.332494 0.576236 0.319774 0.585373 0.320689 0.566579 0.318693 0.569254 0.306201 0.579097 0.307388 0.588776 0.308443 0.593891 0.321499 0.600417 0.322850 0.598379 0.309449 0.594492 0.344790 0.598265 0.334725 0.599645 0.335516 0.596200 0.343820 0.603605 0.325689 0.611060 0.319068 0.611550 0.324570 0.604625 0.328976 0.604745 0.331542 0.600176 0.336236 0.611446 0.328698 0.611301 0.331677 0.604741 0.333608 0.600808 0.337158 0.597219 0.342866 0.598346 0.342277 0.312607 0.457992 0.330033 0.460593 0.314679 0.449966 0.332536 0.452706 0.349949 0.454180 0.347082 0.462285 0.317498 0.443247 0.335094 0.445739 0.337269 0.439839 0.354355 0.440120 0.352573 0.446651 0.370044 0.446208 0.366873 0.454769 0.371793 0.438640 0.386803 0.445508 0.383051 0.455065 0.363612 0.463406 0.379474 0.464286 0.294238 0.463654 0.294948 0.454154 0.278082 0.460782 0.277986 0.450575 0.276690 0.439153 0.296409 0.445574 0.248126 0.458455 0.248180 0.448351 0.262656 0.448824 0.262855 0.459076 0.248234 0.438685 0.261231 0.438948 0.248332 0.422495 0.253755 0.422362 0.257654 0.429925 0.248286 0.429890 0.258338 0.420923 
						0.265579 0.428636 0.270559 0.424808 0.261201 0.417246 0.283427 0.432744 0.299676 0.438921 0.293248 0.473034 0.292103 0.482220 0.277148 0.480420 0.277753 0.470749 0.290911 0.491143 0.276411 0.489738 0.262126 0.488682 0.262498 0.479098 0.247977 0.488183 0.248025 0.478498 0.262771 0.469198 0.248074 0.468546 0.399636 0.401558 0.392350 0.408678 0.390067 0.409027 0.397502 0.402115 0.383690 0.414876 0.373718 0.419892 0.371504 0.419785 0.381374 0.414992 0.379141 0.415398 0.387927 0.409640 0.369305 0.419948 0.395559 0.402877 0.420133 0.222532 0.417591 0.213197 0.425732 0.205610 0.428769 0.215658 0.414800 0.203819 0.422384 0.195528 0.429689 0.187787 0.433457 0.198438 0.436873 0.209061 0.411526 0.194299 0.418554 0.185385 0.407546 0.184543 0.414084 0.175153 0.420589 0.166438 0.425440 0.177116 0.431579 0.169737 0.436141 0.180825 0.426434 0.158677 0.431105 0.152120 0.436482 0.163468 0.441283 0.174858 0.440218 0.191915 0.443914 0.202979 0.445593 0.186260 0.449499 0.197642 0.411556 0.229481 0.409633 0.221007 0.402943 0.236287 0.401713 0.228730 0.400465 0.221143 0.407552 0.212477 0.394223 0.242794 0.393717 0.236127 0.385558 0.243010 0.386176 0.237401 
						0.393387 0.229543 0.392820 0.222706 0.398817 0.213200 0.386753 0.231766 0.386704 0.225173 0.391467 0.214393 0.396316 0.204380 0.404993 0.203666 0.401641 0.194371 0.422658 0.231943 0.413628 0.238138 0.425231 0.241457 0.415889 0.247001 0.406443 0.252331 0.404521 0.244151 0.427883 0.251115 0.418338 0.256103 0.430623 0.260960 0.420952 0.265477 0.411117 0.269738 0.408662 0.260854 0.398831 0.265307 0.396870 0.257375 0.401085 0.273676 0.395299 0.249874 0.431669 0.225711 0.440069 0.219650 0.443118 0.230241 0.434505 0.235803 0.447334 0.213996 0.453090 0.208977 0.456438 0.220296 0.450551 0.224998 0.453623 0.236026 0.446077 0.240874 0.459604 0.231637 0.462636 0.243039 0.456597 0.247121 0.448986 0.251594 0.437324 0.245975 0.440158 0.256273 0.403552 0.282487 0.413757 0.279004 0.416600 0.288624 0.406244 0.291832 0.423708 0.275153 0.433450 0.271030 0.436341 0.281309 0.426601 0.285092 0.429640 0.295252 0.419659 0.298588 0.439279 0.291779 0.409213 0.301763 0.459212 0.332882 0.461152 0.344364 0.456891 0.321507 0.465135 0.318916 0.467282 0.330633 0.469117 0.342463 0.454300 0.310253 0.451543 0.299138 0.460168 0.295874 0.462742 0.307324 0.470120 0.304516 
						0.472403 0.316431 0.467655 0.292742 0.473673 0.289831 0.476092 0.301896 0.478331 0.314105 0.474462 0.328475 0.476260 0.340633 0.480365 0.326444 0.482170 0.338904 0.462598 0.355939 0.470572 0.354391 0.471623 0.366406 0.463517 0.367601 0.477760 0.352896 0.483727 0.351475 0.485017 0.364147 0.478940 0.365251 0.479780 0.377684 0.472242 0.378493 0.486024 0.376907 0.486732 0.389743 0.480263 0.390179 0.472408 0.390636 0.463873 0.379335 0.463637 0.391124 0.689170 0.427379 0.684114 0.424334 0.698747 0.423236 0.705271 0.426039 0.678857 0.421983 0.673792 0.419985 0.686103 0.419594 0.692211 0.421186 0.704595 0.418698 0.712219 0.420413 0.697646 0.417542 0.715436 0.414901 0.723621 0.416383 0.720046 0.422909 0.731886 0.418783 0.682845 0.413148 0.679492 0.410909 0.686920 0.415062 0.676405 0.415906 0.672713 0.413463 0.669694 0.410797 0.691820 0.416490 0.680858 0.417949 0.669335 0.417804 0.665521 0.415234 0.662362 0.412348 0.659794 0.409325 0.676696 0.408582 0.667195 0.408116 0.328975 0.417964 0.338881 0.418650 0.341142 0.420891 0.330818 0.420460 0.657689 0.406346 0.348927 0.418101 0.351512 0.420036 0.353994 0.421599 0.343291 0.422751 0.356349 0.422667 
						0.345321 0.424111 0.332552 0.422558 0.334176 0.424146 0.640880 0.350909 0.640865 0.348318 0.370732 0.362084 0.371604 0.364346 0.381806 0.359505 0.382602 0.361792 0.630600 0.347366 0.630549 0.344767 0.369754 0.359892 0.380864 0.357354 0.390893 0.355339 0.391639 0.357478 0.399315 0.354690 0.399553 0.356844 0.621722 0.344488 0.621438 0.341907 0.392124 0.359826 0.399356 0.359192 0.614877 0.342888 0.614111 0.340487 0.640896 0.345744 0.630490 0.342183 0.630412 0.339738 0.640953 0.343290 0.621081 0.339356 0.613207 0.338144 0.612332 0.335954 0.620705 0.336971 0.620370 0.334672 0.630350 0.337255 0.611633 0.333889 0.620194 0.331972 0.630438 0.334084 0.641088 0.340690 0.641466 0.337174 0.272880 0.127320 0.270248 0.123879 0.277735 0.126327 0.280541 0.130021 0.267510 0.120668 0.274757 0.122822 0.283282 0.125790 0.286291 0.129538 0.289084 0.133418 0.264777 0.117658 0.271694 0.119309 0.262345 0.114388 0.268875 0.115033 0.277251 0.116616 0.280156 0.121801 0.289761 0.125289 0.292645 0.129512 0.287225 0.119738 0.297830 0.123916 0.299813 0.129528 0.302327 0.133839 0.295488 0.133412 0.298134 0.137421 0.304901 0.137833 0.307314 0.141932 0.283257 0.133771 
						0.275406 0.130828 0.291797 0.137343 0.742527 0.125761 0.734049 0.128728 0.729478 0.127811 0.738175 0.124585 0.750290 0.123421 0.746380 0.121934 0.300703 0.141466 0.309644 0.146057 0.725180 0.132257 0.716233 0.136273 0.711604 0.135796 0.720539 0.131564 0.715663 0.130744 0.724674 0.126713 0.706751 0.135225 0.701361 0.133792 0.710256 0.128985 0.719366 0.124591 0.733612 0.123188 0.742306 0.120212 0.728608 0.120692 0.737897 0.117342 0.314098 0.142688 0.316240 0.146853 0.311804 0.138628 0.321051 0.143858 0.323046 0.147960 0.324880 0.152161 0.309622 0.134271 0.308097 0.128665 0.318033 0.133944 0.319180 0.139490 0.328462 0.145172 0.330033 0.149525 0.327637 0.139726 0.336896 0.145997 0.337440 0.151318 0.338716 0.155632 0.331710 0.153642 0.333201 0.157843 0.340056 0.159731 0.341170 0.163892 0.318292 0.151029 0.326612 0.156359 0.707489 0.140707 0.698970 0.145536 0.694444 0.145392 0.702897 0.140413 0.334573 0.162024 0.342141 0.168006 0.690706 0.150745 0.682734 0.156317 0.678436 0.156390 0.686278 0.150721 0.681666 0.150678 0.689723 0.145205 0.673965 0.156481 0.668947 0.156059 0.676512 0.150028 0.684461 0.144319 0.698095 0.140051 0.692754 0.138908 
						0.366393 0.426186 0.364432 0.424417 0.368476 0.428990 0.354117 0.431195 0.353138 0.428442 0.351884 0.426627 0.370776 0.433014 0.354696 0.435026 0.338614 0.435158 0.339249 0.431578 0.339293 0.428970 0.338871 0.427205 0.362498 0.423498 0.350483 0.425611 0.348925 0.425175 0.360550 0.423210 0.338104 0.426155 0.337019 0.425614 0.335689 0.425106 0.347213 0.424852 0.358538 0.423121 0.302380 0.250265 0.303048 0.252627 0.288920 0.255443 0.287900 0.253237 0.303418 0.254917 0.289545 0.257603 0.277220 0.259900 0.276453 0.257871 0.275256 0.255830 0.303543 0.257184 0.289883 0.259775 0.303481 0.259823 0.290117 0.262376 0.278140 0.264550 0.277726 0.261981 0.267512 0.263614 0.266999 0.261630 0.268010 0.266137 0.260276 0.267094 0.259818 0.264637 0.259386 0.262757 0.266327 0.259746 0.265353 0.257897 0.258904 0.261031 0.258280 0.259386 0.317596 0.247082 0.318057 0.249594 0.332797 0.244044 0.333156 0.246696 0.333227 0.249254 0.318250 0.252022 0.346959 0.241435 0.347365 0.244182 0.358931 0.239207 0.359575 0.241898 0.359853 0.244523 0.347435 0.246829 0.346920 0.249382 0.332862 0.251742 0.359386 0.247087 0.357919 0.249755 0.345652 0.252101 0.331968 0.254484 
						0.318120 0.254406 0.317659 0.257109 0.301400 0.247962 0.316976 0.244592 0.716234 0.242567 0.715768 0.244838 0.700306 0.240116 0.700974 0.237787 0.685189 0.235610 0.685924 0.233147 0.332338 0.241404 0.714749 0.247191 0.699597 0.242684 0.684730 0.238403 0.670904 0.234738 0.671223 0.231763 0.659047 0.231894 0.659353 0.228827 0.346508 0.238689 0.671975 0.229127 0.660158 0.226074 0.358334 0.236508 0.286400 0.251119 0.273500 0.253928 0.731052 0.247011 0.743905 0.250782 0.746091 0.254010 0.730889 0.249310 0.257456 0.257975 0.263970 0.256237 0.759642 0.255571 0.760216 0.256924 0.754928 0.255858 0.753334 0.253635 0.765361 0.259119 0.764950 0.260236 0.759035 0.258329 0.762321 0.258233 0.764556 0.261600 0.755636 0.258798 0.763689 0.265945 0.751896 0.263070 0.753427 0.260253 0.764168 0.263316 0.740402 0.258842 0.742670 0.255827 0.729483 0.251493 0.727521 0.254744 0.560932 0.479510 0.562258 0.465590 0.541879 0.472830 0.543101 0.459387 0.544102 0.445509 0.563272 0.451257 0.525746 0.467169 0.526884 0.454218 0.513470 0.462810 0.514591 0.450217 0.515789 0.437120 0.527966 0.440777 0.528894 0.426914 0.544786 0.431173 0.516999 0.423620 0.518185 0.409816 
						0.529576 0.412703 0.544773 0.416406 0.563938 0.436331 0.563092 0.420776 0.559322 0.493187 0.557671 0.505970 0.539225 0.497891 0.540505 0.485858 0.556275 0.517214 0.555455 0.526375 0.537745 0.516711 0.538347 0.508360 0.524343 0.500657 0.523978 0.490903 0.524459 0.508088 0.516819 0.501978 0.514135 0.495181 0.512473 0.485713 0.524616 0.479575 0.512496 0.474801 0.254063 0.260286 0.253612 0.259091 0.251824 0.260743 0.251660 0.259687 0.763278 0.256600 0.765400 0.256883 0.764882 0.257342 0.763434 0.257397 0.250562 0.260836 0.250675 0.259796 0.250884 0.259830 0.250872 0.260855 0.767124 0.256622 0.766192 0.257561 0.765730 0.257529 0.767024 0.256617 0.764379 0.258020 0.765745 0.258275 0.254421 0.261739 0.254729 0.263316 0.252151 0.263534 0.251987 0.262063 0.255040 0.265094 0.255375 0.267477 0.252521 0.267567 0.252333 0.265239 0.250977 0.265273 0.250928 0.263598 0.251018 0.267580 0.250187 0.267590 0.250289 0.265285 0.250377 0.263600 0.250890 0.262155 0.250466 0.262149 0.367763 0.192368 0.362169 0.184490 0.362480 0.180882 0.368672 0.189216 0.355784 0.177159 0.355555 0.173263 0.354986 0.169325 0.362387 0.177147 0.369130 0.185818 0.348740 0.170313 
						0.348039 0.166244 0.347061 0.162195 0.346081 0.157938 0.354316 0.165162 0.345796 0.152748 0.354268 0.160115 0.362064 0.173131 0.369217 0.182020 0.362253 0.168233 0.369668 0.177270 0.366700 0.195299 0.361674 0.187910 0.655215 0.182536 0.651764 0.182967 0.657541 0.175701 0.661244 0.175307 0.663975 0.168861 0.667907 0.168557 0.355824 0.180917 0.648092 0.183455 0.653653 0.176145 0.643721 0.183702 0.649130 0.176274 0.655185 0.169188 0.659874 0.169212 0.666673 0.162657 0.670971 0.162430 0.661815 0.162447 0.349270 0.174292 0.675103 0.162242 0.372428 0.200872 0.370786 0.203105 0.375753 0.209511 0.373637 0.210833 0.649939 0.190287 0.645777 0.198084 0.642783 0.198498 0.646738 0.190675 0.377415 0.217699 0.375046 0.217974 0.377246 0.224718 0.375000 0.224070 0.643074 0.205443 0.642108 0.211892 0.639526 0.213100 0.640236 0.206143 0.637044 0.207501 0.639480 0.199178 0.636706 0.215249 0.632808 0.208780 0.635305 0.199794 0.643276 0.191158 0.639037 0.191493 0.373960 0.198412 0.375022 0.195552 0.379471 0.205912 0.377810 0.207974 0.375601 0.192069 0.376383 0.187449 0.381926 0.198674 0.380673 0.203035 0.383784 0.214728 0.381919 0.216363 0.385751 0.210923 
						0.384019 0.225776 0.381820 0.225787 0.379778 0.217270 0.379550 0.225367 0.614981 0.177938 0.610001 0.186985 0.600964 0.184361 0.605996 0.174968 0.605411 0.196282 0.596273 0.193954 0.587519 0.191478 0.592241 0.181611 0.597268 0.171898 0.601125 0.205863 0.591853 0.203774 0.597057 0.215770 0.587640 0.213856 0.578753 0.211793 0.583042 0.201528 0.575303 0.199525 0.579787 0.189274 0.570985 0.209959 0.564762 0.208716 0.569083 0.198148 0.573551 0.187739 0.584490 0.179170 0.589471 0.169183 0.578216 0.177453 0.583137 0.167255 0.623486 0.180392 0.618624 0.189075 0.631262 0.182208 0.626523 0.190543 0.622367 0.199278 0.614220 0.198072 0.638076 0.183314 0.633408 0.191337 0.629526 0.199871 0.626518 0.209046 0.618721 0.208481 0.623873 0.218896 0.615332 0.218195 0.610168 0.207424 0.606341 0.217184 0.620426 0.169111 0.628889 0.171967 0.626335 0.160505 0.634809 0.163805 0.642553 0.166438 0.636623 0.174175 0.632707 0.152119 0.641222 0.155902 0.639536 0.143949 0.648107 0.148255 0.655950 0.151838 0.649008 0.158993 0.655916 0.161219 0.649396 0.168265 0.662934 0.154495 0.643429 0.175629 0.611438 0.165748 0.602665 0.162314 0.608460 0.152862 0.617305 0.156704 
						0.594795 0.159284 0.588381 0.157110 0.593989 0.147030 0.600497 0.149479 0.606614 0.139772 0.614679 0.143543 0.600006 0.137022 0.606477 0.127096 0.613181 0.130167 0.621348 0.134358 0.623611 0.147835 0.630368 0.139140 0.670552 0.321554 0.657730 0.319211 0.683606 0.324229 0.680761 0.332456 0.668306 0.330005 0.655840 0.327580 0.696853 0.327328 0.692963 0.335021 0.689627 0.341630 0.678086 0.339578 0.666173 0.337327 0.654171 0.334790 0.645177 0.317096 0.643573 0.325101 0.631789 0.323294 0.632955 0.315860 0.642306 0.331907 0.630922 0.329424 0.620430 0.328120 0.620862 0.322870 0.621204 0.316150 0.724589 0.276152 0.724643 0.285371 0.724912 0.267590 0.737346 0.270965 0.736792 0.279074 0.736790 0.287750 0.725893 0.260248 0.738542 0.264035 0.750592 0.267777 0.749670 0.274080 0.763057 0.270257 0.762357 0.276114 0.749110 0.281564 0.748811 0.289746 0.761641 0.283208 0.760944 0.291089 0.261379 0.280485 0.269336 0.279644 0.261104 0.275279 0.269005 0.274425 0.278987 0.272847 0.279259 0.278060 0.260741 0.270708 0.268552 0.269808 0.278597 0.268230 0.290339 0.266039 0.290491 0.270625 0.303280 0.263462 0.302972 0.267999 0.290544 0.275811 0.302595 0.273135 
						0.349677 0.261627 0.359538 0.258166 0.352423 0.257001 0.362205 0.253731 0.370811 0.249585 0.368595 0.254027 0.355354 0.253005 0.365176 0.249947 0.367801 0.246807 0.375468 0.242443 0.373369 0.245721 0.380436 0.239675 0.378724 0.244167 0.381663 0.236073 0.377208 0.248998 0.338695 0.264659 0.326968 0.267528 0.328711 0.262517 0.341067 0.259811 0.314831 0.270355 0.315857 0.265261 0.316850 0.260752 0.330473 0.258085 0.343528 0.255559 0.359708 0.557249 0.365617 0.564352 0.347527 0.569013 0.342947 0.561551 0.371334 0.570758 0.376544 0.575863 0.356265 0.581031 0.352038 0.575704 0.332953 0.579636 0.329472 0.572690 0.336299 0.585171 0.316980 0.588382 0.314428 0.582646 0.311833 0.575464 0.326004 0.564913 0.309292 0.567407 0.646822 0.135991 0.655442 0.140861 0.654562 0.128243 0.663216 0.133715 0.671151 0.138394 0.663339 0.144976 0.662756 0.120702 0.671417 0.126810 0.671406 0.113368 0.680036 0.120143 0.687955 0.126023 0.679363 0.132079 0.686502 0.136204 0.678263 0.142010 0.695087 0.130674 0.670396 0.148100 0.637591 0.130616 0.628492 0.125308 0.636128 0.116385 0.645286 0.122260 0.620236 0.120668 0.613445 0.117254 0.620937 0.107475 0.627800 0.111259 
						0.635896 0.101929 0.644273 0.107583 0.628979 0.097739 0.637601 0.088033 0.644551 0.092670 0.652947 0.098900 0.653464 0.114070 0.662136 0.106044 0.608522 0.274062 0.611623 0.262774 0.605349 0.285544 0.595180 0.284538 0.598437 0.272970 0.601751 0.261587 0.602064 0.297399 0.591987 0.296369 0.582058 0.295252 0.585182 0.283376 0.572133 0.293973 0.575237 0.282013 0.588470 0.271743 0.591892 0.260321 0.578553 0.270319 0.582037 0.258874 0.614674 0.251521 0.605097 0.250311 0.608490 0.239248 0.617755 0.240384 0.595395 0.249071 0.585628 0.247650 0.589328 0.236698 0.598976 0.238080 0.602625 0.227427 0.611924 0.228498 0.593135 0.226060 0.620912 0.229433 0.754608 0.069498 0.745669 0.073118 0.738931 0.060457 0.749370 0.056700 0.735215 0.077450 0.727324 0.065176 0.719610 0.052942 0.732217 0.047522 0.743971 0.043232 0.723495 0.082093 0.715032 0.070596 0.711575 0.087239 0.702855 0.076683 0.694217 0.066337 0.706729 0.059273 0.699109 0.049225 0.712520 0.041965 0.686265 0.057212 0.679598 0.050239 0.692700 0.041469 0.706518 0.033385 0.725941 0.035699 0.738791 0.030669 0.720545 0.026302 0.734248 0.020514 0.759342 0.080077 0.752056 0.084119 0.764124 0.087797 
						0.758765 0.092363 0.751776 0.098930 0.742869 0.088541 0.775218 0.093614 0.774805 0.098471 0.766479 0.096833 0.769485 0.092087 0.774383 0.103428 0.764150 0.101990 0.773581 0.112673 0.764989 0.112255 0.764014 0.107500 0.773952 0.108429 0.756242 0.112771 0.753939 0.107377 0.732964 0.112387 0.743448 0.109232 0.747162 0.114597 0.727067 0.105503 0.738560 0.101841 0.731619 0.092659 0.719788 0.096988 0.708830 0.102021 0.700503 0.093062 0.716368 0.109858 0.706352 0.114802 0.698628 0.107635 0.690183 0.099436 0.722915 0.116188 0.713267 0.120562 0.703999 0.125424 0.696916 0.120227 0.689068 0.113714 0.680516 0.106243 0.691575 0.083392 0.681094 0.090598 0.672049 0.081980 0.682694 0.073946 0.671314 0.098185 0.662170 0.090332 0.653789 0.083478 0.663735 0.074442 0.646833 0.078350 0.656813 0.068769 0.674517 0.065654 0.667686 0.059370 0.394511 0.465265 0.398213 0.455678 0.412582 0.456539 0.408930 0.466391 0.402120 0.445691 0.416328 0.446376 0.429782 0.447161 0.426390 0.457578 0.442762 0.448108 0.439854 0.458844 0.422939 0.467722 0.436748 0.469322 0.397203 0.184402 0.402660 0.174461 0.392509 0.194227 0.387442 0.183540 0.391740 0.174133 0.396903 0.164254 
						0.388614 0.203562 0.384133 0.191962 0.378237 0.181001 0.381267 0.173016 0.371323 0.170863 0.374209 0.162991 0.385354 0.163894 0.390328 0.154104 0.378165 0.153968 0.382997 0.144172 0.408827 0.164808 0.402798 0.154445 0.408747 0.145121 0.415023 0.155760 0.396020 0.144156 0.388519 0.134017 0.394082 0.124099 0.401764 0.134557 0.406943 0.125834 0.414120 0.136717 0.399083 0.115025 0.403009 0.107353 0.411036 0.118459 0.418390 0.129620 0.420616 0.147667 0.425077 0.140839 0.443024 0.266737 0.451875 0.262443 0.454718 0.273435 0.445892 0.277372 0.459506 0.258323 0.465571 0.254540 0.468399 0.266162 0.462332 0.269652 0.465055 0.281122 0.457490 0.284577 0.471105 0.277922 0.448738 0.288174 0.583581 0.224246 0.579655 0.234935 0.570596 0.233090 0.574609 0.222310 0.575853 0.245913 0.572175 0.257164 0.562947 0.255455 0.566708 0.244138 0.558767 0.242637 0.562722 0.231496 0.554934 0.254039 0.548553 0.253176 0.552438 0.241694 0.556440 0.230466 0.566795 0.220609 0.560549 0.219481 0.300649 0.080697 0.303217 0.065894 0.315879 0.072116 0.312842 0.086358 0.305709 0.051070 0.318912 0.057909 0.331817 0.065851 0.328221 0.079360 0.324658 0.092946 0.307781 0.037547 
						0.321513 0.044948 0.309129 0.026603 0.323303 0.034395 0.337217 0.043414 0.334959 0.053519 0.347864 0.062964 0.344215 0.074638 0.350568 0.053334 0.363068 0.063810 0.359981 0.072971 0.355900 0.084004 0.340085 0.087414 0.335998 0.100296 0.351311 0.096062 0.346763 0.108244 0.310255 0.099436 0.298371 0.094174 0.321646 0.105517 0.319395 0.116741 0.308427 0.111037 0.296896 0.106043 0.332519 0.112297 0.342848 0.119657 0.339759 0.129957 0.329830 0.123073 0.328134 0.132309 0.318137 0.126309 0.337706 0.138828 0.307693 0.120869 0.296776 0.116041 0.361738 0.105088 0.356845 0.116625 0.366669 0.093682 0.376586 0.103619 0.371399 0.114447 0.366247 0.125418 0.371069 0.083229 0.374440 0.074496 0.384812 0.085339 0.381224 0.093685 0.390536 0.104296 0.385706 0.113772 0.394300 0.096302 0.380318 0.124103 0.374966 0.134606 0.352600 0.127483 0.361755 0.135795 0.358123 0.145234 0.349204 0.137322 0.370286 0.144614 0.366474 0.153764 0.363734 0.161728 0.355562 0.153428 0.346868 0.145831 0.559171 0.304765 0.562082 0.292459 0.549582 0.303357 0.552598 0.290981 0.555847 0.278871 0.565238 0.280424 0.541167 0.302231 0.544318 0.289803 0.534460 0.301585 0.537727 0.289130 
						0.541173 0.276902 0.547675 0.277623 0.551223 0.265700 0.559310 0.267029 0.544788 0.264913 0.568617 0.268661 0.556507 0.317342 0.554312 0.330303 0.544441 0.328984 0.546811 0.315994 0.552840 0.343778 0.552400 0.357877 0.541630 0.356388 0.542646 0.342421 0.533409 0.341205 0.535609 0.327872 0.531744 0.354945 0.523759 0.353866 0.525961 0.340370 0.528521 0.327177 0.538232 0.314901 0.531374 0.314259 0.462787 0.402949 0.472101 0.402814 0.471382 0.414963 0.461433 0.414737 0.480374 0.402721 0.487134 0.402642 0.487243 0.415541 0.480143 0.415249 0.479612 0.427693 0.470322 0.427021 0.487076 0.428380 0.486651 0.441101 0.478809 0.440009 0.468982 0.438936 0.459695 0.426424 0.457691 0.437956 0.455541 0.449284 0.467430 0.450662 0.465643 0.462180 0.453187 0.460391 0.477780 0.452141 0.485995 0.453651 0.485107 0.466032 0.476496 0.464103 0.474951 0.475880 0.463572 0.473497 0.483982 0.478240 0.450567 0.471267 0.553317 0.372696 0.555699 0.388246 0.542381 0.385971 0.541613 0.370963 0.559634 0.404527 0.543697 0.401234 0.529931 0.398227 0.530239 0.383652 0.519321 0.395808 0.520543 0.381722 0.530762 0.369160 0.521982 0.367693 0.685946 0.578917 0.665036 0.574191 
						0.706010 0.582514 0.706314 0.588081 0.686504 0.584504 0.665829 0.579818 0.725495 0.585049 0.744700 0.586581 0.744444 0.592132 0.725527 0.590607 0.283668 0.601013 0.265451 0.602116 0.264798 0.597968 0.282377 0.596962 0.247486 0.602435 0.247501 0.598233 0.247519 0.593544 0.264192 0.593325 0.281154 0.592412 0.321916 0.596388 0.302401 0.599105 0.300507 0.595193 0.319447 0.592638 0.298669 0.590779 0.643056 0.568266 0.644066 0.573963 0.621733 0.566903 0.620573 0.561142 0.339429 0.589247 0.342475 0.592809 0.360077 0.584915 0.363678 0.588252 0.381040 0.579548 0.385132 0.582632 0.401987 0.573061 0.406467 0.575893 0.598130 0.552867 0.599328 0.558645 0.577308 0.549244 0.576238 0.543533 0.555366 0.533264 0.556081 0.538788 0.536936 0.527696 0.537093 0.522751 0.422595 0.565327 0.427328 0.567940 0.441782 0.556662 0.446542 0.559114 0.458464 0.547289 0.462942 0.549682 0.471510 0.537358 0.475678 0.539773 0.522832 0.512698 0.521110 0.516263 0.509608 0.504566 0.512865 0.502797 0.375580 0.229930 0.373769 0.228771 0.372665 0.233852 0.371346 0.232143 0.643049 0.216997 0.646021 0.220855 0.644501 0.223037 0.640934 0.218719 0.367444 0.236874 0.366560 0.234516 
						0.651548 0.223692 0.650497 0.226301 0.650019 0.229310 0.643474 0.225922 0.638952 0.221317 0.377427 0.231242 0.379234 0.232610 0.375303 0.237547 0.374084 0.235616 0.380879 0.233964 0.375970 0.239758 0.369092 0.244091 0.369188 0.241581 0.368478 0.239205 0.731731 0.365629 0.733518 0.364767 0.730407 0.363351 0.731943 0.362139 0.733567 0.361072 0.735374 0.363966 0.728218 0.361713 0.729462 0.360146 0.730833 0.358723 0.732511 0.357619 0.735511 0.360250 0.737328 0.363405 0.729936 0.366367 0.275630 0.369843 0.277462 0.370312 0.277140 0.367622 0.278584 0.368632 0.729069 0.364578 0.273897 0.369570 0.275635 0.366933 0.278067 0.364984 0.279477 0.366048 0.727055 0.363327 0.280859 0.367488 0.609269 0.340821 0.607881 0.338981 0.606582 0.342162 0.605064 0.340821 0.603488 0.339504 0.606525 0.337189 0.605058 0.344499 0.603336 0.343560 0.601574 0.342748 0.599859 0.342266 0.602005 0.338279 0.605399 0.335424 0.610474 0.342750 0.404565 0.358045 0.403700 0.360050 0.407050 0.359965 0.406072 0.361404 0.607898 0.343528 0.405062 0.356074 0.407932 0.358522 0.409632 0.361305 0.408458 0.362309 0.606728 0.345331 0.407031 0.363189 0.716356 0.020315 0.730668 0.013950 
						0.701923 0.028001 0.698208 0.025006 0.712921 0.016954 0.727677 0.010213 0.687855 0.036679 0.674608 0.046000 0.670612 0.043663 0.683969 0.034026 0.338776 0.031333 0.352769 0.041446 0.352072 0.046385 0.338356 0.036272 0.365870 0.052162 0.364903 0.057071 0.309588 0.014407 0.324253 0.022203 0.324087 0.027095 0.309612 0.019197 0.744364 0.009209 0.747083 0.016288 0.742035 0.005101 0.756034 0.001676 0.757538 0.006094 0.759216 0.013576 0.295296 0.012886 0.295198 0.008245 0.295004 0.020340 0.280949 0.015718 0.281124 0.008253 0.281034 0.003758 0.267079 0.005381 0.267044 0.000993 0.266968 0.012830 0.253034 0.011736 0.253121 0.004316 0.253172 0.000000 0.770303 0.004611 0.770832 0.012335 0.769727 0.000000 0.783184 0.000135 0.782788 0.004779 0.782126 0.012530 0.662600 0.055604 0.651672 0.065412 0.647518 0.063598 0.658513 0.053548 0.641668 0.075349 0.632435 0.085343 0.628209 0.083905 0.637469 0.073740 0.388522 0.074173 0.398372 0.085373 0.396779 0.090145 0.387114 0.078998 0.407413 0.096655 0.405652 0.101371 0.377736 0.063089 0.376535 0.067960 0.623829 0.095331 0.615814 0.105319 0.611565 0.104172 0.619587 0.094044 0.608360 0.115329 0.601439 0.125385 
						0.597193 0.124500 0.604109 0.114315 0.423456 0.119378 0.430502 0.130837 0.428230 0.135349 0.421363 0.123969 0.436913 0.142378 0.434449 0.146799 0.415764 0.107989 0.413841 0.112646 0.595023 0.135515 0.589063 0.145714 0.584839 0.145058 0.590787 0.134750 0.583508 0.155972 0.578310 0.166275 0.574107 0.165807 0.579296 0.155414 0.447902 0.165723 0.452591 0.177465 0.449556 0.181524 0.445045 0.169914 0.456832 0.189207 0.453640 0.193124 0.442696 0.154016 0.440033 0.158329 0.573420 0.176611 0.568773 0.187016 0.564580 0.186700 0.569223 0.176223 0.564311 0.197528 0.559985 0.208186 0.555789 0.207988 0.560118 0.197275 0.464265 0.212619 0.467604 0.224350 0.464092 0.227797 0.460839 0.216228 0.470772 0.236147 0.467190 0.239428 0.460697 0.200916 0.457376 0.204682 0.555758 0.219029 0.551628 0.230082 0.547417 0.229981 0.551555 0.218880 0.547602 0.241370 0.543691 0.252906 0.539469 0.252888 0.543385 0.241313 0.476737 0.260071 0.479523 0.272248 0.475764 0.274999 0.473034 0.263007 0.482161 0.284589 0.478349 0.287145 0.473817 0.248045 0.470172 0.251157 0.539902 0.264693 0.536260 0.276720 0.532036 0.276754 0.535678 0.264706 0.532780 0.288970 0.529466 0.301430 
						0.525250 0.301458 0.528558 0.289011 0.486938 0.309781 0.489035 0.322611 0.485078 0.324514 0.483028 0.311914 0.490916 0.335585 0.486913 0.337245 0.484640 0.297103 0.480779 0.299454 0.526321 0.314087 0.523373 0.326949 0.519175 0.326889 0.522114 0.314085 0.520656 0.340026 0.518206 0.353329 0.514000 0.353029 0.516461 0.339872 0.493971 0.361937 0.495108 0.375303 0.490985 0.376136 0.489883 0.363065 0.495964 0.388789 0.491815 0.389301 0.492567 0.348696 0.488521 0.350098 0.516054 0.366864 0.514158 0.380528 0.509849 0.379743 0.511806 0.366350 0.512473 0.394219 0.510941 0.407833 0.506488 0.406412 0.508086 0.393122 0.496821 0.416025 0.496823 0.429643 0.492655 0.429040 0.492646 0.415815 0.496578 0.443146 0.492415 0.442150 0.496529 0.402389 0.492365 0.402550 0.509505 0.421276 0.508156 0.434463 0.503669 0.432449 0.505023 0.419537 0.506893 0.447317 0.505734 0.459761 0.501242 0.457472 0.502410 0.445106 0.495413 0.469586 0.494515 0.482436 0.490327 0.480396 0.491244 0.467845 0.493394 0.494988 0.489173 0.492716 0.496103 0.456475 0.491941 0.455090 0.504770 0.471689 0.505026 0.482811 0.500451 0.481354 0.500214 0.469539 0.507370 0.492987 0.503162 0.492972 
						0.489056 0.518833 0.483960 0.529574 0.479934 0.527064 0.484941 0.516219 0.491894 0.507219 0.487694 0.504739 0.757095 0.346914 0.756847 0.351058 0.754273 0.350797 0.753503 0.346713 0.756651 0.354384 0.754545 0.353995 0.752720 0.353231 0.751758 0.350833 0.749954 0.346857 0.754138 0.356292 0.756506 0.356876 0.751761 0.354627 0.746504 0.347628 0.749351 0.351654 0.758609 0.322919 0.758152 0.329923 0.750045 0.329526 0.749128 0.322363 0.757747 0.336296 0.751202 0.336018 0.744696 0.336199 0.741750 0.329565 0.739273 0.322116 0.757395 0.341977 0.752415 0.341769 0.747513 0.341976 0.742789 0.342784 0.738296 0.336990 0.733102 0.330152 0.728673 0.322247 0.781138 0.024115 0.771385 0.023898 0.779947 0.038068 0.771924 0.037818 0.763484 0.038492 0.761257 0.024862 0.778709 0.052592 0.772409 0.052281 0.777581 0.065837 0.772821 0.065424 0.767683 0.065583 0.765686 0.052678 0.758151 0.054131 0.754283 0.040261 0.761782 0.066967 0.750481 0.027089 0.776718 0.075985 0.773144 0.075410 0.776075 0.083544 0.772918 0.082716 0.770149 0.080945 0.769310 0.075384 0.771665 0.087820 0.775609 0.089021 0.768036 0.084098 0.764903 0.077056 0.247544 0.587272 0.263615 0.587106 
						0.247574 0.579475 0.263063 0.579362 0.278798 0.578711 0.279961 0.586315 0.247610 0.570750 0.262546 0.570691 0.277694 0.570186 0.293228 0.569128 0.294994 0.577441 0.296827 0.584849 0.249375 0.303224 0.251225 0.303159 0.249457 0.297701 0.251104 0.297652 0.253387 0.297491 0.253688 0.302947 0.249548 0.292160 0.251017 0.292126 0.249653 0.286565 0.250970 0.286540 0.252960 0.286469 0.253142 0.292014 0.256577 0.291787 0.256939 0.297201 0.256296 0.286327 0.257372 0.302582 0.249776 0.280917 0.250969 0.280901 0.249913 0.275626 0.250994 0.275615 0.252763 0.275604 0.252846 0.280855 0.250055 0.271087 0.251019 0.271078 0.252667 0.271075 0.255682 0.271022 0.255909 0.275555 0.256094 0.280776 0.754609 0.389880 0.754204 0.396913 0.748029 0.397113 0.749030 0.389961 0.753830 0.403492 0.747757 0.403779 0.739663 0.405641 0.741675 0.397741 0.743481 0.390511 0.753306 0.412875 0.750896 0.413185 0.749089 0.409122 0.753532 0.408798 0.748265 0.414601 0.744404 0.410926 0.739322 0.414465 0.745261 0.417303 0.732112 0.411639 0.724194 0.410185 0.730774 0.404563 0.738048 0.391100 0.735089 0.398018 0.753150 0.415713 0.751999 0.415962 0.753042 0.417686 0.752534 0.417851 
						0.751746 0.418013 0.750731 0.416938 0.752903 0.420246 0.752573 0.420285 0.752647 0.419249 0.752962 0.419154 0.751319 0.420462 0.751644 0.419225 0.749277 0.418733 0.748218 0.420804 0.755632 0.372116 0.751072 0.371844 0.755336 0.377298 0.750606 0.377162 0.746138 0.377372 0.746800 0.371767 0.754991 0.383282 0.749913 0.383260 0.745009 0.383679 0.740453 0.384353 0.742175 0.377930 0.743113 0.372052 0.251529 0.123077 0.251572 0.120464 0.255306 0.120657 0.256106 0.123348 0.251611 0.117987 0.254495 0.118123 0.257814 0.118525 0.259410 0.121207 0.260981 0.124085 0.251646 0.115713 0.253736 0.115823 0.251678 0.113564 0.253105 0.113698 0.255013 0.113922 0.256300 0.116122 0.259811 0.116669 0.262005 0.119309 0.257907 0.114090 0.264263 0.122230 0.266466 0.125377 0.773322 0.115584 0.766002 0.115412 0.773104 0.117983 0.767022 0.117866 0.760667 0.118526 0.758476 0.116162 0.772876 0.120430 0.768028 0.120297 0.251484 0.125695 0.256851 0.126058 0.262457 0.127012 0.762827 0.120731 0.756994 0.121759 0.753837 0.119914 0.268557 0.128589 0.750588 0.117834 0.760294 0.299204 0.748579 0.298096 0.759684 0.307359 0.748499 0.306442 0.737170 0.305287 0.736848 0.296530 
						0.759117 0.315360 0.748648 0.314600 0.737870 0.313911 0.726480 0.313233 0.725524 0.303840 0.724966 0.294561 0.251712 0.111232 0.252685 0.111457 0.251750 0.108590 0.252756 0.108993 0.253960 0.109600 0.254118 0.111585 0.251841 0.102276 0.255368 0.103331 0.253601 0.106392 0.251792 0.105694 0.258420 0.106086 0.255232 0.108245 0.256543 0.111079 0.260503 0.110182 0.251900 0.098070 0.258200 0.099527 0.251990 0.091691 0.261038 0.093367 0.271387 0.098934 0.263442 0.103372 0.252305 0.068775 0.263931 0.069930 0.262777 0.083177 0.252128 0.081712 0.275808 0.072570 0.273907 0.086256 0.286012 0.089855 0.288175 0.076130 0.284776 0.101838 0.285361 0.111878 0.274841 0.109288 0.266580 0.109162 0.252507 0.053603 0.265001 0.054625 0.252711 0.037897 0.265907 0.038906 0.279136 0.041505 0.277599 0.057145 0.252893 0.023381 0.266580 0.024436 0.280287 0.027196 0.294026 0.031596 0.292424 0.045579 0.290396 0.060901 0.752857 0.421091 0.752547 0.421085 0.752789 0.422340 0.752061 0.422272 0.750880 0.422486 0.751291 0.421465 0.750597 0.424480 0.752665 0.424656 0.748943 0.423897 0.748126 0.422599 0.248369 0.417053 0.251321 0.416912 0.248400 0.412627 0.250107 0.412588 
						0.251891 0.412554 0.253820 0.415595 0.249877 0.408378 0.248433 0.408269 0.251974 0.409449 0.255386 0.412261 0.892580 0.421457 0.895587 0.425687 0.881051 0.433820 0.879022 0.429236 0.900473 0.430780 0.884487 0.439532 0.865958 0.445911 0.864280 0.439858 0.863532 0.435057 0.907563 0.436940 0.889323 0.446616 0.918821 0.445291 0.893371 0.455899 0.870229 0.462708 0.868262 0.453434 0.846790 0.457659 0.845982 0.449793 0.847662 0.467121 0.825854 0.469284 0.825277 0.459334 0.825163 0.451024 0.845863 0.443552 0.846617 0.438679 0.826419 0.444688 0.828811 0.439906 0.878409 0.425546 0.891126 0.417900 0.864021 0.431286 0.865455 0.428333 0.878890 0.422569 0.890871 0.414904 0.848423 0.434910 0.832099 0.436264 0.836000 0.433547 0.851007 0.432028 0.854072 0.429769 0.867516 0.425945 0.840214 0.431496 0.844407 0.429688 0.857262 0.427680 0.869803 0.423682 0.880112 0.420087 0.891428 0.412329 0.881614 0.417726 0.892276 0.409907 0.901731 0.408596 0.903728 0.411987 0.900966 0.405557 0.908888 0.395123 0.910013 0.398117 0.912355 0.401244 0.901022 0.402853 0.901350 0.400373 0.908432 0.389899 0.908550 0.392367 0.913721 0.381604 0.914364 0.384215 0.913221 0.379318 
						0.915472 0.369568 0.916306 0.371363 0.917165 0.373497 0.915748 0.386964 0.918318 0.389660 0.918718 0.375685 0.921462 0.377713 0.907331 0.415733 0.916303 0.404399 0.922062 0.407374 0.912881 0.419816 0.922486 0.392123 0.925844 0.379418 0.931854 0.380777 0.928329 0.394209 0.935937 0.395749 0.929821 0.409977 0.939448 0.381757 0.948575 0.382238 0.945371 0.396587 0.939920 0.411571 0.920706 0.424229 0.931801 0.427232 0.084004 0.357800 0.082631 0.356148 0.086497 0.348758 0.087711 0.350970 0.080249 0.354325 0.084114 0.346280 0.089229 0.338935 0.091461 0.342298 0.092474 0.345271 0.076793 0.352398 0.080569 0.343654 0.072236 0.350434 0.075830 0.341027 0.080845 0.331717 0.085751 0.335287 0.092568 0.327395 0.095785 0.332508 0.087435 0.322488 0.096914 0.312633 0.101294 0.321293 0.103929 0.327634 0.097700 0.336909 0.098338 0.340678 0.105420 0.332952 0.105698 0.337471 0.087749 0.352823 0.084539 0.359170 0.092219 0.347776 0.090953 0.349934 0.087105 0.354396 0.084608 0.360256 0.097703 0.343906 0.104731 0.341419 0.103000 0.344783 0.096204 0.346636 0.094292 0.348946 0.089773 0.351983 0.100993 0.347562 0.099225 0.349831 0.092825 0.351139 0.089204 0.354004 
						0.086744 0.355959 0.084865 0.361230 0.087045 0.357316 0.085609 0.362094 0.083660 0.366690 0.082512 0.365611 0.084333 0.367590 0.085903 0.375539 0.084740 0.374717 0.083100 0.373853 0.084909 0.368353 0.085890 0.368977 0.088061 0.376929 0.086855 0.376308 0.090299 0.384584 0.088979 0.383758 0.091780 0.385280 0.096965 0.393500 0.095185 0.392770 0.093532 0.391912 0.087423 0.382967 0.085414 0.382275 0.091656 0.391176 0.089366 0.390676 0.080691 0.364346 0.080842 0.372947 0.077887 0.371999 0.078082 0.362975 0.082833 0.381706 0.086555 0.390475 0.083067 0.390430 0.079578 0.381190 0.075539 0.380664 0.074136 0.371016 0.078745 0.390409 0.073430 0.390290 0.070599 0.380077 0.069481 0.369995 0.074564 0.361549 0.070055 0.360094 0.064494 0.358633 0.066542 0.348517 0.063827 0.368924 0.057300 0.367803 0.058043 0.357147 0.059930 0.346621 0.064633 0.379374 0.066960 0.389962 0.059533 0.389498 0.057779 0.378590 0.050187 0.377746 0.050040 0.366631 0.051349 0.388956 0.042615 0.388374 0.042015 0.376854 0.042191 0.365403 0.050861 0.355619 0.052592 0.344711 0.043107 0.354036 0.044719 0.342762 0.069852 0.338555 0.062880 0.336193 0.066599 0.325858 0.074283 0.328645 
						0.055177 0.333894 0.046988 0.331581 0.049736 0.320506 0.058332 0.323170 0.061826 0.312571 0.070842 0.315598 0.052782 0.309548 0.055981 0.298736 0.065382 0.302090 0.075066 0.305412 0.079795 0.318730 0.085173 0.308773 0.134398 0.504247 0.148126 0.502883 0.151206 0.509963 0.138341 0.511276 0.162441 0.501802 0.164795 0.509070 0.166792 0.515879 0.154103 0.516417 0.142403 0.517540 0.177059 0.500884 0.178807 0.508428 0.191694 0.500010 0.192942 0.507875 0.193875 0.515397 0.180177 0.515601 0.180964 0.522461 0.168171 0.522249 0.194372 0.522636 0.194330 0.529668 0.180964 0.529075 0.168413 0.528273 0.156601 0.522155 0.146487 0.522852 0.157445 0.527336 0.149782 0.526513 0.126502 0.513173 0.121541 0.506015 0.131989 0.519571 0.122201 0.522453 0.115153 0.515707 0.109054 0.508267 0.138073 0.525025 0.145594 0.529295 0.140013 0.533275 0.130367 0.528361 0.122375 0.532550 0.112381 0.526133 0.133831 0.538058 0.127034 0.543679 0.113841 0.537608 0.102061 0.530641 0.103764 0.518934 0.096439 0.511088 0.091810 0.522919 0.083206 0.514580 0.117037 0.498286 0.130671 0.496646 0.103735 0.500281 0.099052 0.491806 0.112902 0.490055 0.127107 0.488561 0.090323 0.502733 
						0.076368 0.505763 0.070937 0.496512 0.085186 0.493917 0.080804 0.484687 0.094865 0.482898 0.066564 0.486871 0.062905 0.476889 0.076956 0.475088 0.091036 0.473612 0.109048 0.481394 0.123654 0.480079 0.105388 0.472371 0.120257 0.471287 0.145080 0.495269 0.142044 0.487229 0.157455 0.485961 0.159995 0.494059 0.138989 0.478869 0.135888 0.470293 0.152077 0.469171 0.154817 0.477625 0.170902 0.476208 0.173083 0.484652 0.168624 0.467706 0.185332 0.465681 0.187008 0.474478 0.188670 0.483206 0.175143 0.492918 0.190249 0.491751 0.213925 0.406366 0.217167 0.407221 0.208226 0.413644 0.205328 0.412566 0.221549 0.408197 0.212199 0.415090 0.200391 0.421089 0.197256 0.419228 0.195008 0.417930 0.226992 0.409362 0.217177 0.417028 0.234001 0.410816 0.222136 0.419958 0.208663 0.427258 0.204308 0.423679 0.189635 0.428795 0.186875 0.425776 0.192973 0.432818 0.176155 0.436523 0.173940 0.432157 0.172322 0.428832 0.184761 0.423597 0.183362 0.422098 0.171288 0.426411 0.170824 0.424754 0.203574 0.411736 0.211900 0.405568 0.193751 0.417030 0.193312 0.416395 0.202752 0.411066 0.210851 0.404807 0.182749 0.421121 0.170914 0.423723 0.171487 0.423127 0.182794 0.420500 
						0.183283 0.419851 0.193423 0.415732 0.172398 0.422518 0.173497 0.421430 0.183951 0.418704 0.193700 0.414591 0.202557 0.410360 0.210454 0.403986 0.202518 0.409241 0.210189 0.402851 0.218410 0.398842 0.220412 0.399671 0.217340 0.397901 0.222206 0.390745 0.223186 0.391895 0.224988 0.392786 0.216873 0.396867 0.216478 0.395638 0.221231 0.388114 0.221731 0.389469 0.224974 0.382259 0.225458 0.383747 0.224343 0.380808 0.225697 0.374286 0.226549 0.375724 0.227112 0.377337 0.226316 0.385082 0.227855 0.386038 0.227896 0.378788 0.229210 0.379770 0.223592 0.400319 0.227852 0.393254 0.231412 0.393347 0.227723 0.400822 0.230290 0.386365 0.231238 0.380003 0.233736 0.379603 0.233278 0.386158 0.236479 0.385500 0.235305 0.393114 0.236453 0.378689 0.239130 0.377350 0.239547 0.384458 0.239038 0.392437 0.232579 0.401229 0.237399 0.400969 0.825630 0.520563 0.847829 0.518123 0.848184 0.533051 0.825858 0.535659 0.870786 0.514658 0.871212 0.529424 0.871743 0.543743 0.848630 0.547656 0.826161 0.550525 0.893889 0.510381 0.894329 0.524932 0.916556 0.505584 0.916949 0.519793 0.917474 0.533268 0.894888 0.538894 0.895240 0.551405 0.872066 0.556661 0.917825 0.545243 
						0.917674 0.555036 0.895041 0.561675 0.871848 0.567282 0.848888 0.560898 0.826313 0.564050 0.848661 0.571786 0.826067 0.575163 0.804843 0.537165 0.804796 0.521842 0.804951 0.552309 0.784767 0.553134 0.784906 0.537739 0.785089 0.522183 0.804954 0.566113 0.804665 0.577447 0.784221 0.578700 0.784577 0.567177 0.764907 0.567328 0.765329 0.553122 0.764462 0.578984 0.765754 0.537548 0.766212 0.521852 0.804985 0.507422 0.825703 0.506287 0.785435 0.507585 0.785735 0.493783 0.805204 0.493856 0.825885 0.492901 0.766742 0.507053 0.767216 0.493062 0.767513 0.479799 0.785787 0.480702 0.767512 0.467236 0.785392 0.468331 0.805261 0.481163 0.825993 0.480517 0.804953 0.469357 0.847833 0.503865 0.847959 0.490464 0.870883 0.486739 0.870761 0.500364 0.847978 0.478138 0.870904 0.474000 0.894444 0.468160 0.894098 0.482006 0.917611 0.462179 0.916913 0.476999 0.893865 0.496078 0.916554 0.491393 0.151584 0.286823 0.140455 0.283897 0.141566 0.277667 0.152399 0.280944 0.129444 0.280914 0.130897 0.274221 0.131966 0.267941 0.142293 0.271768 0.152858 0.275310 0.118612 0.277796 0.120419 0.270564 0.108028 0.274421 0.110166 0.266626 0.111958 0.259301 0.121854 0.263796 
						0.122753 0.257506 0.132448 0.262080 0.113274 0.252454 0.113962 0.246088 0.122918 0.251702 0.132115 0.256639 0.142411 0.266193 0.152730 0.269898 0.141666 0.260924 0.151769 0.264672 0.163372 0.284070 0.162750 0.289710 0.163689 0.278602 0.174713 0.281752 0.174443 0.287119 0.173942 0.292601 0.163504 0.273271 0.162612 0.268032 0.173961 0.271201 0.174602 0.276463 0.185904 0.279554 0.185862 0.284817 0.185604 0.274279 0.197345 0.277286 0.197304 0.282568 0.197086 0.287813 0.185570 0.290117 0.185117 0.295491 0.196725 0.293063 0.196265 0.298357 0.162011 0.295542 0.150601 0.292940 0.173356 0.298230 0.172717 0.303983 0.161245 0.301528 0.149629 0.299254 0.184600 0.300973 0.195754 0.303728 0.195232 0.309183 0.184066 0.306560 0.183546 0.312248 0.172139 0.309853 0.194742 0.314722 0.194331 0.320345 0.183111 0.318032 0.171657 0.315818 0.160537 0.307630 0.148757 0.305673 0.159965 0.313805 0.148100 0.312116 0.139172 0.290452 0.137904 0.297217 0.126145 0.295374 0.127795 0.288003 0.136823 0.304064 0.136096 0.310860 0.123826 0.310291 0.124683 0.302898 0.112305 0.302235 0.114452 0.293625 0.111182 0.310657 0.100272 0.301176 0.103083 0.291574 0.116590 0.285480 
						0.105674 0.282708 0.159607 0.320003 0.147772 0.318501 0.171316 0.321850 0.171015 0.327924 0.159281 0.326191 0.147545 0.324802 0.182822 0.323905 0.194046 0.326049 0.194035 0.331888 0.182679 0.329891 0.182699 0.336018 0.170629 0.334017 0.194449 0.337914 0.195855 0.344656 0.182110 0.341968 0.169859 0.340045 0.158808 0.332344 0.147193 0.331007 0.158014 0.338450 0.146496 0.337114 0.135888 0.317469 0.135884 0.323864 0.124530 0.323772 0.123979 0.317256 0.135768 0.330034 0.135234 0.335980 0.124487 0.335426 0.124800 0.329808 0.114574 0.330675 0.113706 0.324866 0.114534 0.335812 0.112128 0.318218 0.241497 0.375661 0.242135 0.383084 0.243785 0.374126 0.244418 0.381749 0.244640 0.389831 0.242113 0.391180 0.246219 0.373242 0.246575 0.380826 0.246731 0.388884 0.246784 0.396632 0.244568 0.397662 0.246840 0.403345 0.244539 0.404432 0.241418 0.399445 0.240905 0.406772 0.235631 0.372991 0.238046 0.371429 0.233240 0.374044 0.231911 0.369319 0.234170 0.368341 0.236383 0.366768 0.231063 0.374527 0.229278 0.374367 0.228098 0.369668 0.229831 0.369774 0.227668 0.365479 0.229906 0.365212 0.225718 0.365348 0.222108 0.361354 0.224620 0.361446 0.227394 0.361422 
						0.232204 0.364614 0.234196 0.363379 0.230141 0.361342 0.232175 0.361281 0.240275 0.369404 0.238342 0.364536 0.240762 0.361290 0.242679 0.367650 0.232081 0.359145 0.235510 0.361206 0.231750 0.356019 0.236212 0.358085 0.230797 0.347803 0.236342 0.349336 0.236356 0.353994 0.231221 0.352165 0.241007 0.350714 0.240867 0.355622 0.244957 0.356366 0.245084 0.351517 0.245066 0.361373 0.245601 0.366879 0.193616 0.536575 0.179975 0.535528 0.192333 0.543540 0.178156 0.542026 0.164371 0.539891 0.167005 0.534056 0.190573 0.550742 0.175667 0.548776 0.188425 0.558357 0.172665 0.555978 0.156884 0.552785 0.160934 0.546069 0.146836 0.542528 0.151502 0.537044 0.141527 0.548709 0.155391 0.532139 0.207804 0.522638 0.207736 0.529983 0.207509 0.515092 0.221048 0.514780 0.221204 0.522555 0.221133 0.530115 0.206908 0.507260 0.206064 0.499073 0.220189 0.498226 0.220701 0.506698 0.234344 0.506310 0.234486 0.514554 0.234121 0.497639 0.234535 0.522465 0.234480 0.530154 0.207244 0.537226 0.220816 0.537584 0.220276 0.545121 0.206378 0.544534 0.234312 0.537750 0.234040 0.545416 0.233671 0.553317 0.219535 0.552890 0.233213 0.561619 0.218614 0.561053 0.205186 0.552073 
						0.203717 0.560008 0.156734 0.344505 0.145243 0.343131 0.168405 0.345930 0.166652 0.351396 0.155188 0.350172 0.143686 0.348734 0.180198 0.347504 0.191235 0.349509 0.188367 0.353697 0.177855 0.352516 0.175949 0.356852 0.164965 0.356151 0.186279 0.357348 0.184748 0.360283 0.174424 0.360286 0.163467 0.359907 0.153583 0.355106 0.142053 0.353594 0.152102 0.358995 0.140551 0.357418 0.133987 0.341715 0.132344 0.346976 0.121530 0.345393 0.123266 0.340681 0.130592 0.351500 0.128989 0.355057 0.117936 0.352529 0.119644 0.349387 0.109634 0.347865 0.111612 0.344494 0.107874 0.350535 0.113394 0.340449 0.804082 0.458515 0.784347 0.456660 0.781805 0.444839 0.804127 0.449469 0.767094 0.455367 0.765347 0.444718 0.757217 0.428980 0.761390 0.435791 0.761172 0.428464 0.769179 0.435213 0.764761 0.423044 0.778334 0.429334 0.773908 0.432567 0.763459 0.426549 0.793432 0.434819 0.788429 0.438851 0.806589 0.443041 0.810663 0.438512 0.892131 0.398801 0.898583 0.390767 0.899768 0.393100 0.892645 0.401642 0.903523 0.382348 0.905245 0.384004 0.906741 0.385783 0.900710 0.395505 0.892898 0.404511 0.906761 0.374372 0.908830 0.375223 0.908302 0.367771 0.910418 0.367747 
						0.912400 0.367893 0.910699 0.376236 0.912207 0.377562 0.907842 0.387733 0.914132 0.368444 0.901266 0.397941 0.892791 0.407300 0.884255 0.408932 0.884472 0.405785 0.883735 0.412068 0.873561 0.418044 0.874886 0.414832 0.875860 0.411571 0.882855 0.415045 0.871855 0.421042 0.860185 0.425218 0.862728 0.422361 0.848221 0.427554 0.851572 0.424999 0.864843 0.419247 0.866546 0.416044 0.854414 0.422135 0.856770 0.419138 0.884485 0.402760 0.891484 0.396082 0.876556 0.408417 0.111548 0.400568 0.119644 0.406454 0.116678 0.407290 0.108650 0.401098 0.104471 0.393606 0.101715 0.393880 0.867904 0.412920 0.858722 0.416183 0.128530 0.411109 0.138009 0.414430 0.135182 0.415974 0.125587 0.412292 0.122754 0.413107 0.113857 0.407768 0.132454 0.417151 0.129874 0.417839 0.120107 0.413440 0.111271 0.407791 0.105935 0.401293 0.099172 0.393865 0.103509 0.401078 0.897313 0.388534 0.096111 0.385809 0.098730 0.385688 0.092039 0.377528 0.094541 0.377524 0.901754 0.380756 0.093751 0.385686 0.089830 0.377336 0.087481 0.369476 0.089549 0.369802 0.086875 0.362896 0.088577 0.363569 0.904663 0.373519 0.091947 0.369892 0.090662 0.363942 0.906157 0.367689 0.789162 0.397886 
						0.792064 0.397626 0.797814 0.403706 0.794735 0.404211 0.207779 0.396879 0.208779 0.399219 0.201943 0.405300 0.201503 0.402693 0.194086 0.410464 0.194252 0.407714 0.804632 0.408934 0.801434 0.409741 0.209612 0.401240 0.202299 0.407520 0.193911 0.412796 0.184642 0.416900 0.185373 0.414557 0.174679 0.419701 0.175950 0.417446 0.812352 0.413139 0.809116 0.414299 0.186155 0.411787 0.177317 0.414778 0.820832 0.416215 0.817646 0.417764 0.791336 0.404333 0.786040 0.397776 0.797816 0.410190 0.793763 0.410037 0.787671 0.403876 0.782796 0.397158 0.805377 0.415156 0.813913 0.419083 0.809513 0.419897 0.801061 0.415435 0.796055 0.415066 0.789163 0.409269 0.804349 0.420069 0.798205 0.419812 0.790032 0.414371 0.783619 0.408254 0.783675 0.402846 0.779419 0.396020 0.778979 0.401561 0.775625 0.394592 0.781966 0.390754 0.784829 0.390990 0.779092 0.390094 0.776582 0.383103 0.779151 0.383750 0.781795 0.384058 0.776220 0.389006 0.773119 0.387631 0.771529 0.380910 0.774112 0.382123 0.773159 0.375690 0.775299 0.376566 0.770929 0.374701 0.771333 0.369370 0.773445 0.370105 0.775364 0.370900 0.777588 0.377253 0.780026 0.377690 0.777344 0.371728 0.779451 0.372472 
						0.787566 0.390901 0.784386 0.384096 0.212901 0.390434 0.216688 0.383865 0.218597 0.385335 0.214399 0.392391 0.782487 0.377845 0.781677 0.372921 0.219024 0.377759 0.220026 0.372836 0.222281 0.373056 0.221232 0.378649 0.223060 0.379624 0.220161 0.386745 0.224215 0.373439 0.215632 0.394140 0.078771 0.527742 0.068871 0.518864 0.090772 0.536019 0.079437 0.541615 0.065758 0.532836 0.054669 0.523471 0.104507 0.543549 0.119609 0.550171 0.112063 0.556777 0.095083 0.549660 0.086254 0.555253 0.068952 0.546795 0.104886 0.562775 0.098537 0.567563 0.078671 0.559752 0.060163 0.551014 0.053845 0.537625 0.041798 0.527901 0.044046 0.541592 0.031368 0.531655 0.061441 0.509515 0.046791 0.513632 0.041369 0.503346 0.055940 0.499738 0.033626 0.517711 0.023064 0.521315 0.018014 0.510447 0.028373 0.507033 0.025161 0.495934 0.037690 0.492668 0.015191 0.499028 0.013621 0.487185 0.023124 0.484471 0.035069 0.481705 0.051841 0.489586 0.048635 0.479124 0.818060 0.366533 0.808792 0.365625 0.809068 0.363261 0.818401 0.364132 0.800525 0.364724 0.800634 0.362417 0.800327 0.360207 0.808878 0.360958 0.818271 0.361773 0.793478 0.364212 0.793266 0.362016 0.787889 0.364427 
						0.787233 0.362440 0.786377 0.360605 0.792732 0.359959 0.791648 0.358128 0.799375 0.358099 0.785111 0.359050 0.783148 0.357839 0.789762 0.356447 0.797572 0.355835 0.808022 0.358612 0.817516 0.359242 0.806346 0.355772 0.816028 0.355919 0.828467 0.364665 0.828101 0.367095 0.828413 0.362276 0.839128 0.362282 0.839094 0.364689 0.838725 0.367147 0.827825 0.359625 0.826619 0.355975 0.837857 0.355752 0.838740 0.359575 0.850029 0.358945 0.850209 0.361653 0.849482 0.355097 0.861252 0.353889 0.861474 0.357629 0.861460 0.360285 0.850092 0.364065 0.849745 0.366554 0.861281 0.362701 0.860979 0.365216 0.827462 0.369505 0.817427 0.368909 0.838130 0.369597 0.171852 0.367331 0.160735 0.367128 0.161369 0.364820 0.172369 0.365018 0.182374 0.367025 0.182780 0.364717 0.849233 0.369044 0.860577 0.367742 0.149224 0.366257 0.137514 0.364585 0.138376 0.362320 0.149975 0.363967 0.150919 0.361716 0.162274 0.362571 0.139361 0.360096 0.173227 0.362800 0.183573 0.362559 0.808246 0.367972 0.192416 0.364118 0.192076 0.366396 0.201052 0.363571 0.200655 0.365795 0.800197 0.367040 0.193135 0.362053 0.194241 0.360085 0.202802 0.359988 0.201766 0.361630 0.209311 0.361695 
						0.208443 0.363466 0.210341 0.360359 0.216598 0.361618 0.215432 0.362653 0.214249 0.364142 0.793545 0.366452 0.207781 0.365579 0.213160 0.366002 0.788489 0.366467 0.224078 0.346497 0.223581 0.341841 0.230777 0.343143 0.216185 0.345410 0.215054 0.340551 0.214764 0.335393 0.223593 0.336904 0.231065 0.338245 0.207135 0.344641 0.205294 0.339332 0.204822 0.333725 0.204866 0.328158 0.214952 0.330098 0.205226 0.322641 0.215428 0.324743 0.223965 0.331772 0.231576 0.333171 0.224557 0.326533 0.232231 0.327979 0.236554 0.344496 0.236942 0.339502 0.241615 0.340583 0.241266 0.345699 0.237458 0.334376 0.238064 0.329146 0.242504 0.330061 0.242034 0.335368 0.245733 0.336075 0.245483 0.341353 0.246009 0.330692 0.245264 0.346507 0.225242 0.350790 0.226773 0.354678 0.221536 0.353900 0.218548 0.349829 0.228367 0.358112 0.224542 0.357708 0.220777 0.357557 0.216289 0.353602 0.217417 0.357665 0.211668 0.353969 0.211267 0.349345 0.204810 0.349956 0.225230 0.321275 0.232951 0.322731 0.216004 0.319405 0.216646 0.314091 0.225950 0.316015 0.233708 0.317449 0.205698 0.317178 0.206241 0.311775 0.206814 0.306434 0.217304 0.308824 0.207379 0.301154 0.217951 0.303594 
						0.226699 0.310742 0.234472 0.312157 0.227424 0.305508 0.235228 0.306852 0.238719 0.323838 0.239401 0.318480 0.243531 0.319218 0.243007 0.324668 0.240090 0.313097 0.240766 0.307712 0.244578 0.308269 0.244059 0.313743 0.246921 0.314150 0.246610 0.319697 0.247229 0.308610 0.246303 0.325222 0.083733 0.400195 0.077984 0.400610 0.088317 0.399623 0.095380 0.408362 0.090675 0.409784 0.084446 0.410968 0.091965 0.399098 0.094913 0.398832 0.102022 0.406406 0.099057 0.407168 0.107822 0.414290 0.104310 0.416255 0.110655 0.413072 0.120768 0.418525 0.118253 0.420092 0.115220 0.422669 0.099744 0.418950 0.093007 0.421307 0.111342 0.426427 0.105392 0.432392 0.070837 0.400678 0.076208 0.411461 0.066670 0.411556 0.062597 0.400523 0.083012 0.422262 0.089627 0.432916 0.076193 0.433288 0.071437 0.422510 0.059919 0.422697 0.056519 0.411527 0.063448 0.433688 0.051137 0.434199 0.048476 0.422928 0.046037 0.411490 0.053559 0.400250 0.044019 0.399947 0.859912 0.284651 0.847983 0.285647 0.850167 0.275819 0.861846 0.274729 0.835511 0.286892 0.837685 0.277144 0.839782 0.267902 0.852464 0.266492 0.864031 0.265334 0.822776 0.288287 0.824782 0.278674 0.810054 0.289638 
						0.811832 0.280245 0.813177 0.271374 0.826512 0.269582 0.827690 0.261647 0.841474 0.259798 0.813818 0.263637 0.813798 0.257679 0.828212 0.255490 0.842553 0.253469 0.854502 0.258290 0.866096 0.257092 0.855980 0.251848 0.867691 0.250622 0.872334 0.273680 0.871020 0.283836 0.873958 0.264092 0.882775 0.262723 0.882006 0.272718 0.881515 0.283230 0.875601 0.255721 0.876951 0.249197 0.884329 0.246838 0.883619 0.253823 0.890745 0.251275 0.890991 0.261285 0.890428 0.243239 0.896405 0.237576 0.897994 0.249217 0.899223 0.260197 0.891231 0.271911 0.891620 0.282809 0.900358 0.271354 0.901510 0.282608 0.870377 0.293960 0.858671 0.294533 0.881579 0.293696 0.882015 0.304029 0.870252 0.303934 0.858079 0.304297 0.892364 0.293692 0.902836 0.293841 0.904358 0.305231 0.893402 0.304565 0.894696 0.315469 0.882738 0.314100 0.906101 0.316976 0.908382 0.330185 0.895619 0.325527 0.883479 0.323587 0.870522 0.313652 0.857980 0.313912 0.871065 0.323014 0.858344 0.323321 0.846381 0.295417 0.845383 0.305086 0.832361 0.306201 0.833712 0.296580 0.844997 0.314619 0.845235 0.324000 0.831623 0.325117 0.831582 0.315753 0.817687 0.317210 0.819216 0.307466 0.817384 0.326699 
						0.801192 0.329087 0.804136 0.318203 0.806292 0.308467 0.820915 0.297853 0.808230 0.298993 0.770739 0.350802 0.776060 0.346796 0.779979 0.349419 0.773925 0.352942 0.782622 0.342098 0.787326 0.345595 0.791329 0.349410 0.783590 0.352135 0.777092 0.355052 0.790568 0.336552 0.796084 0.341446 0.806636 0.337825 0.810554 0.344982 0.800291 0.346963 0.803745 0.351824 0.794805 0.352900 0.813707 0.351103 0.786937 0.354510 0.780296 0.356679 0.768995 0.356213 0.766504 0.354314 0.771787 0.357992 0.766721 0.361094 0.764642 0.358779 0.762910 0.356992 0.778077 0.359916 0.775030 0.359197 0.774602 0.362354 0.771357 0.361835 0.768488 0.368695 0.769405 0.364842 0.772527 0.365332 0.764776 0.368239 0.765445 0.364561 0.760872 0.364707 0.760460 0.368064 0.760994 0.362162 0.759561 0.358479 0.760402 0.360210 0.228102 0.300302 0.235940 0.301573 0.218553 0.298403 0.219101 0.293214 0.228723 0.295094 0.236591 0.296302 0.207899 0.295927 0.208352 0.290719 0.208725 0.285491 0.219594 0.287990 0.209017 0.280200 0.220042 0.282688 0.229290 0.289845 0.237183 0.290988 0.229813 0.284516 0.237719 0.285606 0.224266 0.364799 0.220197 0.361206 0.226848 0.368891 0.225888 0.367675 
						0.223179 0.364092 0.218797 0.361099 0.228056 0.373441 0.227226 0.372004 0.226404 0.370500 0.224754 0.366651 0.225181 0.369356 0.223377 0.366178 0.222045 0.363671 0.217666 0.361141 0.220837 0.363789 0.214858 0.358088 0.212950 0.358708 0.205915 0.356777 0.208320 0.355166 0.211506 0.359443 0.204138 0.358420 0.195704 0.357802 0.197726 0.355118 0.200541 0.352195 0.921700 0.365948 0.926457 0.366878 0.919303 0.354323 0.924855 0.354505 0.932161 0.354864 0.932890 0.367652 0.915340 0.342777 0.921959 0.342188 0.918898 0.329898 0.928511 0.330007 0.930490 0.342348 0.939645 0.342460 0.940652 0.355139 0.938208 0.330062 0.948084 0.329988 0.949335 0.342449 0.950087 0.355235 0.940804 0.368203 0.949989 0.368468 0.918786 0.364884 0.917196 0.363741 0.914679 0.355235 0.916137 0.354618 0.916287 0.362691 0.915231 0.361987 0.913342 0.356706 0.914072 0.355877 0.910064 0.350784 0.910474 0.348291 0.909834 0.352802 0.903548 0.350190 0.903746 0.347254 0.904118 0.343198 0.911858 0.345193 0.905242 0.337863 0.166276 0.459268 0.183705 0.456924 0.149233 0.460716 0.146457 0.452549 0.163862 0.451325 0.181722 0.448847 0.132714 0.461605 0.116862 0.462270 0.113385 0.452972 
						0.129547 0.452898 0.126473 0.444267 0.143919 0.444961 0.109738 0.443332 0.124809 0.436650 0.142212 0.438387 0.161384 0.444303 0.178981 0.442069 0.159279 0.438356 0.201382 0.453356 0.201992 0.462885 0.200014 0.444733 0.219782 0.438634 0.218364 0.450052 0.218161 0.460273 0.196825 0.438011 0.213123 0.432093 0.235532 0.416994 0.226076 0.424379 0.238347 0.420729 0.231009 0.428307 0.238918 0.429748 0.242911 0.422257 0.235236 0.438709 0.233396 0.458823 0.233703 0.448567 0.202884 0.472298 0.218387 0.470258 0.218895 0.479949 0.203935 0.481516 0.233375 0.468952 0.233549 0.478862 0.233827 0.488457 0.219540 0.489288 0.205039 0.490470 0.097399 0.399046 0.099523 0.399634 0.106876 0.406668 0.104598 0.406288 0.101454 0.400424 0.109007 0.407310 0.117729 0.413215 0.115502 0.412776 0.127510 0.417931 0.125314 0.417735 0.113187 0.412628 0.123099 0.417808 0.079842 0.218786 0.071424 0.211625 0.074776 0.201599 0.082658 0.209467 0.063543 0.204736 0.067306 0.194140 0.071435 0.183541 0.078455 0.191560 0.085743 0.200120 0.056719 0.198379 0.060788 0.187345 0.051332 0.192802 0.055631 0.181454 0.060343 0.170121 0.065250 0.176315 0.070202 0.165319 0.076055 0.172950 
						0.065548 0.158835 0.071321 0.147626 0.075734 0.154384 0.081281 0.162384 0.082630 0.181484 0.089332 0.190654 0.087457 0.171351 0.093647 0.180982 0.090365 0.217535 0.088213 0.226001 0.092695 0.209022 0.099503 0.217911 0.098056 0.225495 0.096643 0.233055 0.095531 0.200249 0.099194 0.191021 0.104158 0.201213 0.101379 0.209986 0.107072 0.219670 0.106335 0.226511 0.108659 0.211379 0.113084 0.222282 0.112888 0.228889 0.113346 0.234555 0.105854 0.233111 0.105209 0.239793 0.113858 0.240200 0.085925 0.234652 0.077060 0.228188 0.094889 0.240916 0.092794 0.249090 0.083457 0.243509 0.074244 0.237700 0.103996 0.246877 0.102285 0.254372 0.100179 0.262290 0.090405 0.257602 0.097772 0.270639 0.087777 0.266472 0.080807 0.252605 0.071361 0.247360 0.077998 0.261974 0.068401 0.257209 0.068229 0.221670 0.065116 0.231764 0.056661 0.225918 0.060019 0.215318 0.062036 0.241947 0.058956 0.252263 0.050231 0.247328 0.053412 0.236574 0.045999 0.231471 0.049388 0.220409 0.042730 0.242616 0.036800 0.238328 0.040150 0.226860 0.043655 0.215474 0.052942 0.209390 0.047363 0.204133 0.095145 0.279427 0.092287 0.288749 0.081941 0.285329 0.084961 0.275722 0.089142 0.298657 
						0.078708 0.295280 0.068747 0.291743 0.071968 0.281582 0.059140 0.288070 0.062270 0.277580 0.075050 0.271645 0.065363 0.267287 0.036504 0.340742 0.038578 0.329192 0.028551 0.338744 0.030524 0.326832 0.032821 0.315033 0.041044 0.317752 0.021421 0.336836 0.023361 0.324581 0.015525 0.335048 0.017477 0.322478 0.019674 0.310023 0.025577 0.312438 0.028034 0.300423 0.035381 0.303361 0.022096 0.297697 0.024720 0.285514 0.030693 0.288552 0.038139 0.291835 0.043795 0.306439 0.046727 0.295272 0.034935 0.352386 0.033898 0.364117 0.025799 0.362845 0.026969 0.350752 0.033426 0.375921 0.033544 0.387780 0.024779 0.387221 0.025062 0.375007 0.017530 0.374142 0.018489 0.361630 0.016929 0.386710 0.010465 0.386239 0.011293 0.373329 0.012420 0.360486 0.019792 0.349190 0.013835 0.347721 0.815544 0.435149 0.799644 0.431894 0.806436 0.429916 0.820902 0.432746 0.785268 0.426994 0.773935 0.421435 0.782405 0.420097 0.793319 0.425493 0.801088 0.424732 0.813163 0.428679 0.790701 0.419654 0.808130 0.424434 0.819417 0.427838 0.826390 0.431051 0.831651 0.429678 0.826930 0.420065 0.823347 0.421875 0.836720 0.421109 0.833422 0.423381 0.829477 0.425353 0.819080 0.423276 
						0.846752 0.420818 0.843864 0.423496 0.840404 0.425969 0.836326 0.428053 0.824820 0.426840 0.814046 0.424098 0.829971 0.418102 0.165947 0.419031 0.167819 0.416557 0.155634 0.419311 0.157919 0.417101 0.839506 0.418760 0.164190 0.421107 0.162549 0.422674 0.151421 0.422474 0.153464 0.421142 0.142789 0.419826 0.145287 0.418299 0.140424 0.420860 0.849176 0.418130 0.147892 0.416400 0.872268 0.363097 0.871944 0.365640 0.882942 0.360822 0.882585 0.363365 0.125817 0.362036 0.114857 0.359307 0.115698 0.357023 0.126734 0.359782 0.892340 0.359086 0.891763 0.361584 0.899781 0.358543 0.898771 0.360828 0.105382 0.357178 0.098191 0.356388 0.098012 0.354036 0.105908 0.354824 0.106689 0.352686 0.116682 0.354878 0.098274 0.351886 0.127755 0.357601 0.872544 0.360565 0.872780 0.358149 0.883668 0.355904 0.883304 0.358294 0.872955 0.355579 0.872999 0.352082 0.884304 0.350351 0.884021 0.353474 0.894220 0.352102 0.893626 0.354323 0.894704 0.349472 0.902965 0.352320 0.902039 0.354271 0.892983 0.356622 0.900929 0.356331 0.230091 0.126746 0.222374 0.129286 0.225271 0.125659 0.232814 0.123377 0.213755 0.132527 0.216642 0.128705 0.219745 0.125021 0.228341 0.122228 
						0.235642 0.120242 0.204604 0.136380 0.207351 0.132419 0.195299 0.140751 0.197821 0.136689 0.200499 0.132738 0.210291 0.128573 0.213285 0.124407 0.222976 0.121104 0.203126 0.128470 0.205257 0.122897 0.215969 0.118913 0.226024 0.115993 0.231501 0.118794 0.238462 0.117310 0.234442 0.114597 0.240990 0.114110 0.227480 0.130186 0.219572 0.132974 0.794757 0.126952 0.798872 0.126054 0.806558 0.129859 0.802065 0.130395 0.814630 0.134284 0.809967 0.134538 0.210949 0.136397 0.803187 0.124946 0.811297 0.129136 0.808020 0.122754 0.816651 0.127395 0.825144 0.132557 0.819555 0.133887 0.827800 0.139134 0.822852 0.139249 0.833426 0.138173 0.841429 0.144151 0.835874 0.144796 0.830990 0.144673 0.201934 0.140380 0.818157 0.139274 0.826344 0.144490 0.192857 0.144842 0.186225 0.145542 0.188485 0.141405 0.177417 0.150727 0.179377 0.146543 0.181492 0.142464 0.190891 0.137376 0.168908 0.156290 0.170532 0.152094 0.160729 0.162220 0.161984 0.158054 0.163457 0.153957 0.172336 0.147991 0.174037 0.143650 0.183487 0.138117 0.164870 0.149647 0.165578 0.144310 0.175023 0.138201 0.184789 0.132580 0.193191 0.133052 0.194867 0.127468 0.184053 0.149695 0.838842 0.150428 
						0.834264 0.150074 0.846380 0.156492 0.841894 0.156002 0.175556 0.154912 0.843639 0.150748 0.849095 0.150380 0.856402 0.156847 0.851068 0.156971 0.858131 0.163455 0.853575 0.162849 0.863319 0.163549 0.869805 0.170506 0.864787 0.170206 0.860393 0.169487 0.167399 0.160470 0.849206 0.162255 0.856167 0.168814 0.159615 0.166347 0.132327 0.422490 0.130346 0.424236 0.144837 0.424897 0.143563 0.426697 0.142553 0.429442 0.128232 0.427017 0.157825 0.425670 0.157384 0.427432 0.157397 0.430047 0.157989 0.433645 0.141930 0.433275 0.125888 0.431022 0.134271 0.421598 0.136220 0.421339 0.147809 0.423486 0.146248 0.423899 0.138231 0.421281 0.149523 0.423188 0.161027 0.423613 0.159693 0.424103 0.158604 0.424629 0.198041 0.249393 0.212867 0.252723 0.211739 0.254829 0.197312 0.251687 0.225763 0.255581 0.224417 0.257503 0.223516 0.259440 0.211016 0.256910 0.196883 0.253925 0.235784 0.257801 0.234643 0.259540 0.242897 0.259351 0.242092 0.260906 0.241435 0.262564 0.233813 0.261336 0.233142 0.263247 0.222879 0.261443 0.240825 0.264390 0.240158 0.266799 0.232457 0.265699 0.222310 0.263937 0.210583 0.259019 0.196702 0.256148 0.210237 0.261555 0.196697 0.258745 
						0.181972 0.248287 0.182457 0.245810 0.181755 0.250688 0.166475 0.247554 0.166546 0.244993 0.166901 0.242342 0.181862 0.253054 0.182293 0.255744 0.167737 0.252810 0.166842 0.250051 0.152555 0.247372 0.152026 0.244790 0.153839 0.250131 0.141449 0.247530 0.139977 0.244814 0.139507 0.242216 0.152081 0.242118 0.152464 0.239346 0.139779 0.239563 0.140410 0.236839 0.183098 0.243360 0.199082 0.247170 0.167349 0.239700 0.827375 0.246449 0.842305 0.244005 0.842744 0.246551 0.827742 0.248890 0.812299 0.249010 0.812452 0.251396 0.152879 0.236568 0.140983 0.234092 0.856139 0.241988 0.867868 0.240538 0.868404 0.243327 0.856602 0.244675 0.856604 0.247641 0.842874 0.249385 0.868406 0.246369 0.828113 0.251569 0.813104 0.253940 0.214485 0.250728 0.797697 0.253678 0.797885 0.251266 0.783059 0.256275 0.785634 0.253174 0.227679 0.253822 0.799964 0.259778 0.798656 0.256152 0.787226 0.262138 0.785776 0.258695 0.774963 0.261756 0.775601 0.264818 0.773417 0.259957 0.768239 0.258438 0.770692 0.258995 0.770163 0.257326 0.774802 0.256940 0.237332 0.256270 0.243888 0.258045 0.776719 0.254753 0.770856 0.255937 0.938303 0.486779 0.938260 0.500628 0.938710 0.472573 
						0.958413 0.468825 0.958037 0.482576 0.957937 0.495939 0.939541 0.457838 0.941960 0.442656 0.960674 0.440183 0.959167 0.454673 0.975438 0.452009 0.974976 0.465719 0.976194 0.438000 0.987829 0.436216 0.987617 0.449875 0.987472 0.463254 0.974722 0.479046 0.974587 0.491914 0.987367 0.476253 0.987250 0.488767 0.938538 0.514281 0.958042 0.508926 0.958159 0.520937 0.938953 0.527072 0.974508 0.504263 0.987056 0.500692 0.986030 0.511478 0.974054 0.515516 0.972756 0.525127 0.958032 0.531375 0.983468 0.520686 0.980142 0.527158 0.971932 0.532469 0.957836 0.539697 0.939268 0.538328 0.939212 0.547473 0.247728 0.259139 0.247104 0.260255 0.768040 0.257339 0.768563 0.256346 0.767360 0.257212 0.767478 0.256635 0.249678 0.259693 0.249318 0.260717 0.767034 0.258010 0.766676 0.257490 0.250251 0.260846 0.250457 0.259821 0.767205 0.256670 0.246555 0.261652 0.248957 0.262015 0.248614 0.263473 0.246063 0.263191 0.250042 0.262141 0.249827 0.263578 0.249605 0.265249 0.248256 0.265167 0.249358 0.267551 0.247860 0.267485 0.245570 0.264942 0.245022 0.267303 0.133066 0.190163 0.132287 0.186951 0.138795 0.178779 0.138962 0.182433 0.131963 0.183514 0.139031 0.175015 
						0.146717 0.167355 0.146004 0.171311 0.145628 0.175239 0.132023 0.179689 0.139504 0.170978 0.131751 0.174896 0.139491 0.166041 0.147755 0.158097 0.147535 0.163178 0.156014 0.156113 0.154892 0.160377 0.156469 0.150898 0.153774 0.164433 0.152928 0.168520 0.139317 0.185910 0.134005 0.193162 0.145439 0.179039 0.874300 0.190332 0.868811 0.182827 0.872641 0.183679 0.877891 0.191244 0.879093 0.198209 0.882432 0.199130 0.152249 0.172527 0.862734 0.175663 0.866778 0.176428 0.870980 0.177258 0.876631 0.184605 0.875807 0.177746 0.881262 0.185255 0.881658 0.192235 0.885981 0.200141 0.886102 0.193017 0.890259 0.201021 0.129619 0.200813 0.128076 0.198504 0.886170 0.207347 0.883067 0.206491 0.888845 0.215537 0.885943 0.214678 0.126472 0.208369 0.124424 0.206976 0.889517 0.208330 0.893658 0.209278 0.896067 0.217894 0.892016 0.216689 0.893174 0.225154 0.890189 0.223368 0.897219 0.227000 0.892429 0.232777 0.889883 0.230281 0.124819 0.215355 0.122486 0.215034 0.887468 0.222261 0.887453 0.228737 0.124724 0.221362 0.122483 0.221999 0.126649 0.195974 0.122443 0.205372 0.120871 0.203258 0.125703 0.193066 0.120163 0.214553 0.120184 0.222617 0.117921 0.222997 
						0.118075 0.213596 0.116280 0.211916 0.119783 0.200344 0.115738 0.222942 0.114449 0.208063 0.118699 0.195941 0.125261 0.189551 0.124659 0.184888 0.919576 0.199574 0.928927 0.197998 0.932444 0.207794 0.923101 0.209044 0.938044 0.196306 0.941498 0.206390 0.944668 0.216559 0.935637 0.217717 0.926246 0.218688 0.946189 0.194839 0.949546 0.205159 0.952767 0.193927 0.956025 0.204419 0.959058 0.214931 0.952652 0.215527 0.955568 0.225986 0.947618 0.226853 0.961927 0.225510 0.964677 0.236204 0.958341 0.236580 0.950399 0.237314 0.938575 0.227809 0.929099 0.228554 0.941321 0.238116 0.931742 0.238699 0.914245 0.209847 0.910781 0.200731 0.917254 0.219190 0.908996 0.219221 0.906198 0.210151 0.902807 0.201377 0.919919 0.228820 0.922360 0.238813 0.913315 0.238575 0.911285 0.228665 0.903453 0.228135 0.901799 0.218790 0.904745 0.238094 0.899256 0.209940 0.895898 0.201466 0.906776 0.191774 0.915593 0.190233 0.898786 0.192796 0.894172 0.184415 0.902241 0.182986 0.911141 0.181025 0.891833 0.193219 0.887124 0.185196 0.881826 0.177401 0.889003 0.176237 0.875990 0.169844 0.883315 0.168267 0.897190 0.174370 0.906215 0.171949 0.891642 0.165927 0.900811 0.163006 
						0.925014 0.188292 0.920680 0.178676 0.930050 0.176283 0.934240 0.186271 0.915902 0.169148 0.910662 0.159707 0.920374 0.156441 0.925439 0.166340 0.934043 0.163931 0.938483 0.174226 0.929154 0.153645 0.936308 0.151730 0.941044 0.162309 0.945330 0.172870 0.942517 0.184529 0.949220 0.183410 0.859065 0.332481 0.846088 0.333215 0.859910 0.340933 0.847266 0.341795 0.834622 0.342658 0.832828 0.334219 0.860687 0.348218 0.848482 0.349253 0.836397 0.349992 0.824704 0.350557 0.822207 0.343637 0.819309 0.335585 0.871739 0.331919 0.883970 0.332162 0.884238 0.339599 0.872357 0.339974 0.895552 0.333829 0.895101 0.340463 0.894916 0.345664 0.884372 0.345719 0.872795 0.346809 0.797623 0.290725 0.799152 0.281626 0.785313 0.291379 0.786761 0.282854 0.787698 0.274754 0.800267 0.273090 0.773141 0.291605 0.774263 0.283515 0.775165 0.276066 0.775662 0.269701 0.787906 0.267667 0.800580 0.265601 0.230329 0.279063 0.238223 0.280117 0.220480 0.277262 0.221006 0.272089 0.230933 0.273868 0.238772 0.274919 0.209240 0.274802 0.197180 0.271922 0.196968 0.266825 0.209509 0.269664 0.209857 0.265145 0.221643 0.267537 0.196797 0.262336 0.231665 0.269300 0.239423 0.270372 
						0.139768 0.255944 0.149699 0.259598 0.130688 0.251615 0.128505 0.247108 0.137116 0.251444 0.146962 0.254913 0.122109 0.246389 0.120659 0.241503 0.119021 0.236950 0.125984 0.243170 0.117863 0.233305 0.123928 0.239830 0.134153 0.247583 0.144024 0.250847 0.131542 0.244373 0.160787 0.262833 0.158441 0.257945 0.170954 0.260885 0.172634 0.265909 0.155979 0.253642 0.169224 0.256433 0.183052 0.259372 0.183964 0.263863 0.184877 0.268941 0.135711 0.555705 0.152413 0.560235 0.147773 0.567645 0.129746 0.562740 0.169308 0.563829 0.185983 0.566554 0.183377 0.574583 0.165777 0.571568 0.162241 0.578473 0.143209 0.574284 0.180725 0.581736 0.178128 0.587442 0.158852 0.583969 0.138941 0.579561 0.123980 0.569080 0.118731 0.574123 0.885611 0.157658 0.894927 0.154193 0.877141 0.160513 0.870505 0.152967 0.879109 0.149561 0.888564 0.145509 0.869667 0.162541 0.862894 0.155472 0.855706 0.148623 0.863431 0.145618 0.848131 0.141987 0.855939 0.138460 0.872147 0.141630 0.881718 0.136953 0.864735 0.133864 0.874390 0.128523 0.904940 0.150352 0.898727 0.141079 0.908768 0.136767 0.914823 0.146586 0.892011 0.131886 0.884781 0.122771 0.895071 0.117212 0.902190 0.126978 
						0.911434 0.122782 0.917872 0.133084 0.904431 0.112452 0.912096 0.109037 0.918992 0.119805 0.925308 0.130499 0.923771 0.143367 0.931072 0.141134 0.911384 0.282620 0.913072 0.294059 0.921249 0.282683 0.923139 0.294213 0.924971 0.305908 0.914824 0.305687 0.931121 0.282663 0.933113 0.294214 0.941019 0.282459 0.943071 0.294005 0.944956 0.305768 0.934975 0.305947 0.936673 0.317890 0.926733 0.317844 0.946632 0.317761 0.916662 0.317681 0.909753 0.271213 0.908086 0.259912 0.917366 0.260006 0.919334 0.271245 0.906332 0.248784 0.915340 0.249068 0.924672 0.249263 0.926902 0.260104 0.934233 0.249192 0.936605 0.260007 0.929053 0.271265 0.938867 0.271110 0.799619 0.073025 0.806952 0.061223 0.816611 0.066538 0.807819 0.077971 0.814560 0.048807 0.825428 0.054856 0.836949 0.062131 0.827261 0.072961 0.817394 0.083833 0.821798 0.037263 0.833625 0.044221 0.828001 0.028002 0.840541 0.035847 0.853187 0.044994 0.845808 0.052463 0.857821 0.061658 0.848592 0.070323 0.865465 0.055068 0.876929 0.065684 0.869160 0.071459 0.859757 0.079157 0.838475 0.080158 0.828173 0.090171 0.849470 0.087971 0.839072 0.097010 0.799658 0.087842 0.793161 0.082729 0.807966 0.093604 
						0.797421 0.102515 0.791650 0.094950 0.787141 0.089609 0.829316 0.105363 0.818365 0.099351 0.820697 0.112667 0.809964 0.107369 0.799317 0.118691 0.803890 0.113939 0.813720 0.118585 0.790657 0.115530 0.793851 0.110539 0.783903 0.109104 0.782120 0.113655 0.784710 0.103633 0.781131 0.093009 0.783291 0.098168 0.849029 0.104367 0.839297 0.111918 0.858158 0.112137 0.848440 0.118916 0.839615 0.124815 0.830539 0.118510 0.866574 0.120221 0.856875 0.126263 0.848041 0.131496 0.840188 0.135570 0.831831 0.129471 0.823020 0.123783 0.859483 0.096239 0.869859 0.088354 0.879028 0.097820 0.868629 0.104858 0.879346 0.081517 0.887164 0.076451 0.896332 0.087305 0.888525 0.091751 0.896840 0.102086 0.887391 0.107467 0.904592 0.098186 0.877024 0.113732 0.101835 0.463052 0.087424 0.463998 0.083875 0.454065 0.098235 0.453385 0.073422 0.465164 0.059618 0.466614 0.056620 0.456061 0.070076 0.454941 0.066793 0.444442 0.080237 0.443816 0.053823 0.445250 0.094435 0.443310 0.098886 0.171019 0.103978 0.181160 0.105000 0.160963 0.109805 0.171034 0.113759 0.180600 0.108310 0.191152 0.111922 0.150990 0.116550 0.160965 0.119581 0.141253 0.124077 0.151229 0.127721 0.160405 
						0.120312 0.170245 0.123049 0.178355 0.116750 0.189146 0.130330 0.168402 0.111859 0.200619 0.093075 0.161137 0.087216 0.151851 0.093853 0.141386 0.099461 0.150936 0.081931 0.143533 0.077731 0.136518 0.084784 0.125501 0.088791 0.132771 0.096312 0.122100 0.101179 0.131020 0.092483 0.114565 0.100833 0.103700 0.104497 0.111520 0.109186 0.120777 0.106582 0.140832 0.114407 0.130898 0.055859 0.262753 0.052772 0.273419 0.044008 0.269266 0.047088 0.258221 0.049722 0.284261 0.041018 0.280470 0.033507 0.276840 0.036464 0.265286 0.027514 0.273492 0.030469 0.261627 0.039545 0.253882 0.033569 0.249911 0.943918 0.248692 0.953049 0.247989 0.955581 0.258892 0.946388 0.259534 0.961009 0.247353 0.967344 0.247058 0.969928 0.258101 0.963577 0.258331 0.966040 0.269531 0.957997 0.270034 0.972422 0.269359 0.974814 0.280845 0.968394 0.280966 0.960295 0.281415 0.948737 0.270637 0.950966 0.281984 0.203665 0.079631 0.191332 0.085032 0.188698 0.070712 0.201509 0.064768 0.179353 0.091371 0.176182 0.077685 0.172969 0.064074 0.186058 0.056424 0.199417 0.049882 0.167828 0.098481 0.164123 0.085476 0.156859 0.106195 0.152682 0.093869 0.148454 0.081668 0.160365 0.072577 
						0.157046 0.060795 0.170165 0.051654 0.144697 0.070509 0.141871 0.061253 0.154606 0.051085 0.168174 0.041486 0.183802 0.043394 0.197698 0.036306 0.182283 0.032792 0.196625 0.025327 0.205559 0.093156 0.193540 0.098176 0.206693 0.105052 0.195034 0.109822 0.183919 0.115318 0.181996 0.104028 0.206529 0.115046 0.195487 0.119675 0.184901 0.124928 0.174742 0.130750 0.173317 0.121452 0.164985 0.137093 0.163201 0.128142 0.170948 0.110588 0.160425 0.117736 0.146552 0.114349 0.142020 0.102650 0.136903 0.122921 0.132105 0.111773 0.127266 0.100769 0.137443 0.091083 0.127911 0.131894 0.122908 0.121201 0.117865 0.110680 0.113348 0.101033 0.122943 0.090677 0.109845 0.092905 0.119615 0.082209 0.133363 0.080488 0.130251 0.071645 0.150457 0.125353 0.153546 0.135314 0.144389 0.143034 0.141061 0.133458 0.155615 0.143919 0.146683 0.151336 0.138237 0.159453 0.135767 0.151371 0.132260 0.142073 0.956748 0.317394 0.958230 0.329673 0.955025 0.305354 0.964494 0.304881 0.966304 0.316972 0.967886 0.329300 0.953083 0.293552 0.962478 0.293029 0.970636 0.292636 0.972726 0.304544 0.977099 0.292565 0.979247 0.304516 0.974636 0.316684 0.976348 0.329051 0.981239 0.316688 
						0.983066 0.329074 0.959466 0.342191 0.969227 0.341866 0.970160 0.354745 0.960223 0.355044 0.977851 0.341644 0.984721 0.341668 0.986149 0.354494 0.979043 0.354512 0.979801 0.367709 0.970498 0.368018 0.987283 0.367578 0.988048 0.380945 0.980001 0.381273 0.970025 0.381748 0.960231 0.368337 0.959163 0.382149 0.034276 0.399677 0.035510 0.411539 0.025567 0.411687 0.024968 0.399469 0.037129 0.423300 0.039015 0.434905 0.027728 0.435792 0.026508 0.423812 0.017219 0.424420 0.016810 0.411914 0.017901 0.436795 0.010055 0.437838 0.009755 0.425063 0.009711 0.412166 0.016699 0.399321 0.009943 0.399206 0.041050 0.446303 0.043291 0.457478 0.030834 0.459159 0.029162 0.447580 0.045800 0.468421 0.032791 0.470536 0.021402 0.472828 0.019974 0.460998 0.012356 0.475122 0.011353 0.462868 0.018810 0.448982 0.010587 0.450438 0.956685 0.396543 0.968510 0.395992 0.966182 0.410598 0.952683 0.411521 0.979490 0.395252 0.988372 0.394617 0.988353 0.408471 0.978508 0.409475 0.977316 0.423776 0.963296 0.425416 0.988124 0.422377 0.947073 0.427072 0.825208 0.583084 0.803916 0.585466 0.823891 0.588575 0.802841 0.590947 0.782771 0.592313 0.783589 0.586819 0.173131 0.595387 
						0.175628 0.591667 0.194536 0.594479 0.192612 0.598367 0.196407 0.590086 0.213901 0.591958 0.212644 0.596492 0.211323 0.600528 0.230209 0.597735 0.229526 0.601875 0.230851 0.593100 0.763952 0.587182 0.763408 0.592703 0.847696 0.579623 0.870819 0.575011 0.869116 0.580591 0.846154 0.585158 0.894028 0.569229 0.916798 0.562303 0.915185 0.567845 0.892282 0.574822 0.131474 0.586691 0.110093 0.580790 0.114208 0.577756 0.135100 0.583399 0.088846 0.573778 0.093346 0.570998 0.152618 0.591532 0.155691 0.588007 0.938644 0.554300 0.957913 0.545741 0.957600 0.550654 0.937403 0.559696 0.973119 0.537194 0.984012 0.528348 0.987096 0.530411 0.974501 0.540892 0.048982 0.556511 0.032693 0.546893 0.037188 0.544544 0.053759 0.554109 0.020065 0.536847 0.024251 0.534470 0.068087 0.565565 0.072838 0.563006 0.125878 0.226092 0.124049 0.227235 0.887736 0.235617 0.885800 0.233653 0.883662 0.239426 0.882357 0.237092 0.128209 0.229571 0.126850 0.231241 0.889418 0.238432 0.884380 0.242395 0.877532 0.244935 0.877356 0.241925 0.132901 0.232010 0.131978 0.234374 0.876555 0.239244 0.122179 0.228525 0.125404 0.232984 0.124160 0.234904 0.120350 0.229871 0.130921 0.236705 
						0.130192 0.239086 0.130269 0.241616 0.123464 0.237118 0.118686 0.231202 0.778429 0.367783 0.780098 0.368874 0.776679 0.366742 0.778798 0.364103 0.780292 0.365376 0.781682 0.366779 0.774801 0.365925 0.776960 0.363033 0.780237 0.360810 0.781779 0.362117 0.782982 0.363697 0.784049 0.365399 0.781771 0.369853 0.782869 0.368173 0.219989 0.369719 0.218933 0.368046 0.220389 0.367063 0.221853 0.369292 0.785054 0.367125 0.216731 0.366946 0.218087 0.365488 0.219495 0.364430 0.221899 0.366397 0.223600 0.369053 0.906109 0.357713 0.904531 0.359381 0.907657 0.356104 0.910416 0.358695 0.908700 0.359809 0.907038 0.360957 0.908974 0.354503 0.912028 0.357666 0.913725 0.361804 0.911963 0.362081 0.910114 0.362677 0.908281 0.363403 0.903148 0.361181 0.905566 0.362158 0.093841 0.357155 0.091407 0.358558 0.090446 0.357120 0.092970 0.355173 0.906497 0.364018 0.090376 0.360388 0.089007 0.359486 0.087864 0.358463 0.089586 0.355665 0.092491 0.353208 0.832644 0.022124 0.845688 0.030637 0.836228 0.018933 0.849647 0.027887 0.862808 0.038098 0.858634 0.040444 0.196461 0.013119 0.196322 0.017909 0.181681 0.025471 0.181633 0.020573 0.167217 0.034311 0.166920 0.029359 
						0.153285 0.044092 0.152714 0.039131 0.140221 0.054457 0.139385 0.049517 0.871060 0.051145 0.875347 0.049164 0.886921 0.060676 0.882577 0.062327 0.816056 0.021815 0.819936 0.015287 0.804547 0.017216 0.807470 0.010120 0.809702 0.006013 0.822929 0.011622 0.793300 0.014141 0.795130 0.006616 0.796480 0.002166 0.225236 0.003125 0.239282 0.000678 0.239145 0.005065 0.225041 0.007618 0.239079 0.012515 0.225038 0.015085 0.210979 0.007288 0.210772 0.011927 0.210884 0.019388 0.892830 0.073578 0.897219 0.072220 0.906404 0.083741 0.901987 0.084847 0.128344 0.065041 0.127279 0.060131 0.117504 0.075789 0.116238 0.070915 0.107562 0.086658 0.106117 0.081828 0.098391 0.097618 0.096785 0.092833 0.910212 0.096085 0.914642 0.095190 0.922097 0.106526 0.917667 0.107246 0.924501 0.118290 0.928923 0.117724 0.935155 0.128803 0.930749 0.129229 0.089883 0.108638 0.088122 0.103902 0.082019 0.119724 0.080094 0.115043 0.074789 0.130889 0.072688 0.126273 0.068186 0.142152 0.065896 0.137614 0.936436 0.140084 0.940821 0.139790 0.945946 0.150709 0.941588 0.150880 0.946233 0.161643 0.950561 0.161582 0.954724 0.172406 0.950428 0.172372 0.062202 0.153529 0.059713 0.149085 
						0.056780 0.164999 0.054094 0.160663 0.051857 0.176531 0.048985 0.172317 0.047365 0.188090 0.044328 0.184011 0.954233 0.183062 0.958499 0.183177 0.961948 0.193891 0.957706 0.193709 0.960908 0.204308 0.965128 0.204546 0.968105 0.215192 0.963901 0.214909 0.043234 0.199642 0.040056 0.195712 0.039395 0.211214 0.036098 0.207442 0.035783 0.222837 0.032386 0.219232 0.032350 0.234545 0.028867 0.231115 0.966745 0.225561 0.970937 0.225880 0.973670 0.236661 0.969483 0.236315 0.972150 0.247218 0.976334 0.247588 0.978926 0.258694 0.974743 0.258303 0.029055 0.246370 0.025496 0.243121 0.025905 0.258332 0.022273 0.255273 0.022912 0.270446 0.019211 0.267588 0.020088 0.282724 0.016323 0.280076 0.977250 0.269595 0.981433 0.270007 0.983841 0.281541 0.979659 0.281112 0.981961 0.292861 0.986142 0.293301 0.988310 0.305275 0.984132 0.304831 0.017444 0.295168 0.013619 0.292741 0.015004 0.307762 0.011121 0.305568 0.012784 0.320493 0.008848 0.318543 0.010796 0.333345 0.006810 0.331651 0.986157 0.317012 0.990333 0.317447 0.992205 0.329801 0.988031 0.329391 0.989750 0.341962 0.993921 0.342333 0.995452 0.355042 0.991281 0.354733 0.009052 0.346310 0.005017 0.344882 
						0.007562 0.359377 0.003483 0.358230 0.006338 0.372534 0.002222 0.371686 0.005387 0.385775 0.001243 0.385249 0.992585 0.367714 0.996765 0.367926 0.997828 0.380981 0.993619 0.380911 0.994350 0.394329 0.998622 0.394194 0.999188 0.407474 0.994824 0.407869 0.004715 0.399091 0.000553 0.398916 0.004308 0.412415 0.000133 0.412609 0.004172 0.425695 0.000000 0.426281 0.004284 0.438856 0.000113 0.439832 0.995098 0.421431 0.999571 0.420740 0.999810 0.433919 0.995238 0.434921 0.995311 0.448249 0.999944 0.446939 1.000000 0.459754 0.995335 0.461334 0.004631 0.451843 0.000457 0.453206 0.005202 0.464642 0.001018 0.466359 0.005994 0.477235 0.001788 0.479249 0.007026 0.489594 0.002786 0.491838 0.995319 0.474099 0.999999 0.472324 0.999947 0.484617 0.995252 0.486468 0.995056 0.498331 0.999800 0.496621 0.998433 0.508282 0.993733 0.509302 0.008389 0.501654 0.004167 0.504104 0.011030 0.513178 0.006893 0.515760 0.015931 0.524084 0.011885 0.526560 0.990426 0.519153 0.994626 0.519532 0.760681 0.347204 0.759431 0.351149 0.764183 0.347829 0.761922 0.351524 0.760687 0.353772 0.758786 0.354283 0.764213 0.352664 0.767514 0.349060 0.761475 0.355286 0.758924 0.356616 
						0.768079 0.323709 0.766239 0.330661 0.777887 0.324842 0.774462 0.331848 0.770701 0.337997 0.764271 0.336925 0.788387 0.326423 0.782970 0.333605 0.776954 0.339648 0.771782 0.344767 0.767194 0.343327 0.762357 0.342453 0.790795 0.025449 0.800621 0.028005 0.796116 0.041079 0.787905 0.039086 0.810874 0.031901 0.804892 0.044268 0.798728 0.057326 0.791541 0.054717 0.792974 0.069416 0.787388 0.067131 0.784977 0.053273 0.782347 0.066173 0.780340 0.075976 0.784127 0.076548 0.782359 0.081906 0.779330 0.083221 0.788190 0.078885 0.783911 0.085348 0.779703 0.088454 0.231476 0.586887 0.215141 0.585874 0.216364 0.578283 0.232089 0.579150 0.198296 0.584179 0.200188 0.576791 0.202021 0.568497 0.217538 0.569770 0.232676 0.570484 0.247527 0.303108 0.245072 0.302827 0.245536 0.297377 0.247812 0.297604 0.241403 0.302360 0.241999 0.296985 0.242543 0.291575 0.245963 0.291907 0.243030 0.286119 0.246354 0.286366 0.248082 0.292082 0.248339 0.286500 0.248584 0.280863 0.246713 0.280756 0.247069 0.275508 0.248834 0.275580 0.243477 0.280570 0.243934 0.275354 0.244446 0.270831 0.247449 0.270984 0.249092 0.271045 0.760138 0.390679 0.760311 0.397902 0.765584 0.391938 
						0.766543 0.399337 0.767648 0.407429 0.759826 0.404550 0.773043 0.400456 0.770908 0.393220 0.776585 0.407494 0.782501 0.413896 0.774481 0.414332 0.760810 0.418286 0.767016 0.416220 0.758122 0.415226 0.762359 0.412068 0.757908 0.409683 0.755666 0.413488 0.754266 0.416105 0.755418 0.417235 0.754294 0.418174 0.753529 0.417914 0.757496 0.421388 0.756667 0.419200 0.754452 0.420660 0.754263 0.419390 0.753265 0.419288 0.753227 0.420327 0.760191 0.372452 0.764445 0.372944 0.764464 0.378582 0.760047 0.377786 0.768080 0.373717 0.768344 0.379653 0.769308 0.386229 0.764859 0.384973 0.760035 0.383921 0.246948 0.123213 0.247835 0.120551 0.242057 0.123811 0.243717 0.120985 0.245394 0.118353 0.248725 0.118043 0.236545 0.124956 0.238838 0.121877 0.241183 0.119025 0.243455 0.116450 0.246981 0.115996 0.245435 0.113926 0.248333 0.113833 0.249553 0.115766 0.250247 0.113660 0.780567 0.116616 0.787864 0.118545 0.785283 0.120545 0.779118 0.118874 0.795384 0.121386 0.791816 0.122959 0.788372 0.124305 0.782747 0.122379 0.234367 0.128104 0.240491 0.126686 0.777674 0.121106 0.246112 0.125895 0.772048 0.299854 0.783882 0.300004 0.782278 0.308568 0.770891 0.308088 
						0.795908 0.299715 0.794013 0.308754 0.791770 0.317852 0.780380 0.316956 0.769598 0.316114 0.250733 0.111432 0.249297 0.111523 0.249513 0.109543 0.250733 0.108968 0.242954 0.109959 0.246887 0.110954 0.245154 0.105922 0.248280 0.108157 0.249964 0.106347 0.248284 0.103244 0.245561 0.099376 0.240211 0.103092 0.232392 0.098481 0.242897 0.093156 0.236907 0.108796 0.228643 0.108737 0.218052 0.111106 0.218924 0.101094 0.216252 0.075332 0.218029 0.089097 0.228708 0.072045 0.230229 0.085763 0.241442 0.082935 0.240651 0.069669 0.239992 0.054346 0.227334 0.056585 0.226208 0.040913 0.239495 0.038610 0.214449 0.060057 0.212827 0.044688 0.211584 0.030667 0.225419 0.026578 0.239185 0.024127 0.753165 0.421124 0.754372 0.421659 0.754670 0.422724 0.753521 0.422364 0.757393 0.423182 0.756443 0.424368 0.754738 0.424740 0.245419 0.416854 0.242938 0.415488 0.244911 0.412486 0.246695 0.412554 0.241420 0.412123 0.244875 0.409379 0.246988 0.408350 
					</float_array>
					<technique_common>
						<accessor count="5876" offset="0" source="#meshId0-tex0-array" stride="2">
							<param name="S" type="float" />
							<param name="T" type="float" />
						</accessor>
					</technique_common>
				</source>
				<vertices id="meshId0-vertices">
					<input semantic="POSITION" source="#meshId0-positions" />
				</vertices>
				<polylist count="11216" material="defaultMaterial">
					<input offset="0" semantic="VERTEX" source="#meshId0-vertices" />
					<input offset="0" semantic="NORMAL" source="#meshId0-normals" />
					<input offset="0" semantic="TANGENT" source="#meshId0-tangents" />
					<input offset="0" semantic="BINORMAL" source="#meshId0-bitangents" />
					<input offset="0" semantic="TEXCOORD" source="#meshId0-tex0" set="0" />
					<vcount>
						3 3 3 3 3 3 3 3 3 3 3 3 3 3 3 3 3 3 3 3 3 3 3 3 3 3 3 3 3 3 3 3 3 3 3 3 3 3 3 3 3 3 3 3 3 3 3 3 3 3 3 3 3 3 3 3 3 3 3 3 3 3 3 3 
						3 3 3 3 3 3 3 3 3 3 3 3 3 3 3 3 3 3 3 3 3 3 3 3 3 3 3 3 3 3 3 3 3 3 3 3 3 3 3 3 3 3 3 3 3 3 3 3 3 3 3 3 3 3 3 3 3 3 3 3 3 3 3 3 
						3 3 3 3 3 3 3 3 3 3 3 3 3 3 3 3 3 3 3 3 3 3 3 3 3 3 3 3 3 3 3 3 3 3 3 3 3 3 3 3 3 3 3 3 3 3 3 3 3 3 3 3 3 3 3 3 3 3 3 3 3 3 3 3 
						3 3 3 3 3 3 3 3 3 3 3 3 3 3 3 3 3 3 3 3 3 3 3 3 3 3 3 3 3 3 3 3 3 3 3 3 3 3 3 3 3 3 3 3 3 3 3 3 3 3 3 3 3 3 3 3 3 3 3 3 3 3 3 3 
						3 3 3 3 3 3 3 3 3 3 3 3 3 3 3 3 3 3 3 3 3 3 3 3 3 3 3 3 3 3 3 3 3 3 3 3 3 3 3 3 3 3 3 3 3 3 3 3 3 3 3 3 3 3 3 3 3 3 3 3 3 3 3 3 
						3 3 3 3 3 3 3 3 3 3 3 3 3 3 3 3 3 3 3 3 3 3 3 3 3 3 3 3 3 3 3 3 3 3 3 3 3 3 3 3 3 3 3 3 3 3 3 3 3 3 3 3 3 3 3 3 3 3 3 3 3 3 3 3 
						3 3 3 3 3 3 3 3 3 3 3 3 3 3 3 3 3 3 3 3 3 3 3 3 3 3 3 3 3 3 3 3 3 3 3 3 3 3 3 3 3 3 3 3 3 3 3 3 3 3 3 3 3 3 3 3 3 3 3 3 3 3 3 3 
						3 3 3 3 3 3 3 3 3 3 3 3 3 3 3 3 3 3 3 3 3 3 3 3 3 3 3 3 3 3 3 3 3 3 3 3 3 3 3 3 3 3 3 3 3 3 3 3 3 3 3 3 3 3 3 3 3 3 3 3 3 3 3 3 
						3 3 3 3 3 3 3 3 3 3 3 3 3 3 3 3 3 3 3 3 3 3 3 3 3 3 3 3 3 3 3 3 3 3 3 3 3 3 3 3 3 3 3 3 3 3 3 3 3 3 3 3 3 3 3 3 3 3 3 3 3 3 3 3 
						3 3 3 3 3 3 3 3 3 3 3 3 3 3 3 3 3 3 3 3 3 3 3 3 3 3 3 3 3 3 3 3 3 3 3 3 3 3 3 3 3 3 3 3 3 3 3 3 3 3 3 3 3 3 3 3 3 3 3 3 3 3 3 3 
						3 3 3 3 3 3 3 3 3 3 3 3 3 3 3 3 3 3 3 3 3 3 3 3 3 3 3 3 3 3 3 3 3 3 3 3 3 3 3 3 3 3 3 3 3 3 3 3 3 3 3 3 3 3 3 3 3 3 3 3 3 3 3 3 
						3 3 3 3 3 3 3 3 3 3 3 3 3 3 3 3 3 3 3 3 3 3 3 3 3 3 3 3 3 3 3 3 3 3 3 3 3 3 3 3 3 3 3 3 3 3 3 3 3 3 3 3 3 3 3 3 3 3 3 3 3 3 3 3 
						3 3 3 3 3 3 3 3 3 3 3 3 3 3 3 3 3 3 3 3 3 3 3 3 3 3 3 3 3 3 3 3 3 3 3 3 3 3 3 3 3 3 3 3 3 3 3 3 3 3 3 3 3 3 3 3 3 3 3 3 3 3 3 3 
						3 3 3 3 3 3 3 3 3 3 3 3 3 3 3 3 3 3 3 3 3 3 3 3 3 3 3 3 3 3 3 3 3 3 3 3 3 3 3 3 3 3 3 3 3 3 3 3 3 3 3 3 3 3 3 3 3 3 3 3 3 3 3 3 
						3 3 3 3 3 3 3 3 3 3 3 3 3 3 3 3 3 3 3 3 3 3 3 3 3 3 3 3 3 3 3 3 3 3 3 3 3 3 3 3 3 3 3 3 3 3 3 3 3 3 3 3 3 3 3 3 3 3 3 3 3 3 3 3 
						3 3 3 3 3 3 3 3 3 3 3 3 3 3 3 3 3 3 3 3 3 3 3 3 3 3 3 3 3 3 3 3 3 3 3 3 3 3 3 3 3 3 3 3 3 3 3 3 3 3 3 3 3 3 3 3 3 3 3 3 3 3 3 3 
						3 3 3 3 3 3 3 3 3 3 3 3 3 3 3 3 3 3 3 3 3 3 3 3 3 3 3 3 3 3 3 3 3 3 3 3 3 3 3 3 3 3 3 3 3 3 3 3 3 3 3 3 3 3 3 3 3 3 3 3 3 3 3 3 
						3 3 3 3 3 3 3 3 3 3 3 3 3 3 3 3 3 3 3 3 3 3 3 3 3 3 3 3 3 3 3 3 3 3 3 3 3 3 3 3 3 3 3 3 3 3 3 3 3 3 3 3 3 3 3 3 3 3 3 3 3 3 3 3 
						3 3 3 3 3 3 3 3 3 3 3 3 3 3 3 3 3 3 3 3 3 3 3 3 3 3 3 3 3 3 3 3 3 3 3 3 3 3 3 3 3 3 3 3 3 3 3 3 3 3 3 3 3 3 3 3 3 3 3 3 3 3 3 3 
						3 3 3 3 3 3 3 3 3 3 3 3 3 3 3 3 3 3 3 3 3 3 3 3 3 3 3 3 3 3 3 3 3 3 3 3 3 3 3 3 3 3 3 3 3 3 3 3 3 3 3 3 3 3 3 3 3 3 3 3 3 3 3 3 
						3 3 3 3 3 3 3 3 3 3 3 3 3 3 3 3 3 3 3 3 3 3 3 3 3 3 3 3 3 3 3 3 3 3 3 3 3 3 3 3 3 3 3 3 3 3 3 3 3 3 3 3 3 3 3 3 3 3 3 3 3 3 3 3 
						3 3 3 3 3 3 3 3 3 3 3 3 3 3 3 3 3 3 3 3 3 3 3 3 3 3 3 3 3 3 3 3 3 3 3 3 3 3 3 3 3 3 3 3 3 3 3 3 3 3 3 3 3 3 3 3 3 3 3 3 3 3 3 3 
						3 3 3 3 3 3 3 3 3 3 3 3 3 3 3 3 3 3 3 3 3 3 3 3 3 3 3 3 3 3 3 3 3 3 3 3 3 3 3 3 3 3 3 3 3 3 3 3 3 3 3 3 3 3 3 3 3 3 3 3 3 3 3 3 
						3 3 3 3 3 3 3 3 3 3 3 3 3 3 3 3 3 3 3 3 3 3 3 3 3 3 3 3 3 3 3 3 3 3 3 3 3 3 3 3 3 3 3 3 3 3 3 3 3 3 3 3 3 3 3 3 3 3 3 3 3 3 3 3 
						3 3 3 3 3 3 3 3 3 3 3 3 3 3 3 3 3 3 3 3 3 3 3 3 3 3 3 3 3 3 3 3 3 3 3 3 3 3 3 3 3 3 3 3 3 3 3 3 3 3 3 3 3 3 3 3 3 3 3 3 3 3 3 3 
						3 3 3 3 3 3 3 3 3 3 3 3 3 3 3 3 3 3 3 3 3 3 3 3 3 3 3 3 3 3 3 3 3 3 3 3 3 3 3 3 3 3 3 3 3 3 3 3 3 3 3 3 3 3 3 3 3 3 3 3 3 3 3 3 
						3 3 3 3 3 3 3 3 3 3 3 3 3 3 3 3 3 3 3 3 3 3 3 3 3 3 3 3 3 3 3 3 3 3 3 3 3 3 3 3 3 3 3 3 3 3 3 3 3 3 3 3 3 3 3 3 3 3 3 3 3 3 3 3 
						3 3 3 3 3 3 3 3 3 3 3 3 3 3 3 3 3 3 3 3 3 3 3 3 3 3 3 3 3 3 3 3 3 3 3 3 3 3 3 3 3 3 3 3 3 3 3 3 3 3 3 3 3 3 3 3 3 3 3 3 3 3 3 3 
						3 3 3 3 3 3 3 3 3 3 3 3 3 3 3 3 3 3 3 3 3 3 3 3 3 3 3 3 3 3 3 3 3 3 3 3 3 3 3 3 3 3 3 3 3 3 3 3 3 3 3 3 3 3 3 3 3 3 3 3 3 3 3 3 
						3 3 3 3 3 3 3 3 3 3 3 3 3 3 3 3 3 3 3 3 3 3 3 3 3 3 3 3 3 3 3 3 3 3 3 3 3 3 3 3 3 3 3 3 3 3 3 3 3 3 3 3 3 3 3 3 3 3 3 3 3 3 3 3 
						3 3 3 3 3 3 3 3 3 3 3 3 3 3 3 3 3 3 3 3 3 3 3 3 3 3 3 3 3 3 3 3 3 3 3 3 3 3 3 3 3 3 3 3 3 3 3 3 3 3 3 3 3 3 3 3 3 3 3 3 3 3 3 3 
						3 3 3 3 3 3 3 3 3 3 3 3 3 3 3 3 3 3 3 3 3 3 3 3 3 3 3 3 3 3 3 3 3 3 3 3 3 3 3 3 3 3 3 3 3 3 3 3 3 3 3 3 3 3 3 3 3 3 3 3 3 3 3 3 
						3 3 3 3 3 3 3 3 3 3 3 3 3 3 3 3 3 3 3 3 3 3 3 3 3 3 3 3 3 3 3 3 3 3 3 3 3 3 3 3 3 3 3 3 3 3 3 3 3 3 3 3 3 3 3 3 3 3 3 3 3 3 3 3 
						3 3 3 3 3 3 3 3 3 3 3 3 3 3 3 3 3 3 3 3 3 3 3 3 3 3 3 3 3 3 3 3 3 3 3 3 3 3 3 3 3 3 3 3 3 3 3 3 3 3 3 3 3 3 3 3 3 3 3 3 3 3 3 3 
						3 3 3 3 3 3 3 3 3 3 3 3 3 3 3 3 3 3 3 3 3 3 3 3 3 3 3 3 3 3 3 3 3 3 3 3 3 3 3 3 3 3 3 3 3 3 3 3 3 3 3 3 3 3 3 3 3 3 3 3 3 3 3 3 
						3 3 3 3 3 3 3 3 3 3 3 3 3 3 3 3 3 3 3 3 3 3 3 3 3 3 3 3 3 3 3 3 3 3 3 3 3 3 3 3 3 3 3 3 3 3 3 3 3 3 3 3 3 3 3 3 3 3 3 3 3 3 3 3 
						3 3 3 3 3 3 3 3 3 3 3 3 3 3 3 3 3 3 3 3 3 3 3 3 3 3 3 3 3 3 3 3 3 3 3 3 3 3 3 3 3 3 3 3 3 3 3 3 3 3 3 3 3 3 3 3 3 3 3 3 3 3 3 3 
						3 3 3 3 3 3 3 3 3 3 3 3 3 3 3 3 3 3 3 3 3 3 3 3 3 3 3 3 3 3 3 3 3 3 3 3 3 3 3 3 3 3 3 3 3 3 3 3 3 3 3 3 3 3 3 3 3 3 3 3 3 3 3 3 
						3 3 3 3 3 3 3 3 3 3 3 3 3 3 3 3 3 3 3 3 3 3 3 3 3 3 3 3 3 3 3 3 3 3 3 3 3 3 3 3 3 3 3 3 3 3 3 3 3 3 3 3 3 3 3 3 3 3 3 3 3 3 3 3 
						3 3 3 3 3 3 3 3 3 3 3 3 3 3 3 3 3 3 3 3 3 3 3 3 3 3 3 3 3 3 3 3 3 3 3 3 3 3 3 3 3 3 3 3 3 3 3 3 3 3 3 3 3 3 3 3 3 3 3 3 3 3 3 3 
						3 3 3 3 3 3 3 3 3 3 3 3 3 3 3 3 3 3 3 3 3 3 3 3 3 3 3 3 3 3 3 3 3 3 3 3 3 3 3 3 3 3 3 3 3 3 3 3 3 3 3 3 3 3 3 3 3 3 3 3 3 3 3 3 
						3 3 3 3 3 3 3 3 3 3 3 3 3 3 3 3 3 3 3 3 3 3 3 3 3 3 3 3 3 3 3 3 3 3 3 3 3 3 3 3 3 3 3 3 3 3 3 3 3 3 3 3 3 3 3 3 3 3 3 3 3 3 3 3 
						3 3 3 3 3 3 3 3 3 3 3 3 3 3 3 3 3 3 3 3 3 3 3 3 3 3 3 3 3 3 3 3 3 3 3 3 3 3 3 3 3 3 3 3 3 3 3 3 3 3 3 3 3 3 3 3 3 3 3 3 3 3 3 3 
						3 3 3 3 3 3 3 3 3 3 3 3 3 3 3 3 3 3 3 3 3 3 3 3 3 3 3 3 3 3 3 3 3 3 3 3 3 3 3 3 3 3 3 3 3 3 3 3 3 3 3 3 3 3 3 3 3 3 3 3 3 3 3 3 
						3 3 3 3 3 3 3 3 3 3 3 3 3 3 3 3 3 3 3 3 3 3 3 3 3 3 3 3 3 3 3 3 3 3 3 3 3 3 3 3 3 3 3 3 3 3 3 3 3 3 3 3 3 3 3 3 3 3 3 3 3 3 3 3 
						3 3 3 3 3 3 3 3 3 3 3 3 3 3 3 3 3 3 3 3 3 3 3 3 3 3 3 3 3 3 3 3 3 3 3 3 3 3 3 3 3 3 3 3 3 3 3 3 3 3 3 3 3 3 3 3 3 3 3 3 3 3 3 3 
						3 3 3 3 3 3 3 3 3 3 3 3 3 3 3 3 3 3 3 3 3 3 3 3 3 3 3 3 3 3 3 3 3 3 3 3 3 3 3 3 3 3 3 3 3 3 3 3 3 3 3 3 3 3 3 3 3 3 3 3 3 3 3 3 
						3 3 3 3 3 3 3 3 3 3 3 3 3 3 3 3 3 3 3 3 3 3 3 3 3 3 3 3 3 3 3 3 3 3 3 3 3 3 3 3 3 3 3 3 3 3 3 3 3 3 3 3 3 3 3 3 3 3 3 3 3 3 3 3 
						3 3 3 3 3 3 3 3 3 3 3 3 3 3 3 3 3 3 3 3 3 3 3 3 3 3 3 3 3 3 3 3 3 3 3 3 3 3 3 3 3 3 3 3 3 3 3 3 3 3 3 3 3 3 3 3 3 3 3 3 3 3 3 3 
						3 3 3 3 3 3 3 3 3 3 3 3 3 3 3 3 3 3 3 3 3 3 3 3 3 3 3 3 3 3 3 3 3 3 3 3 3 3 3 3 3 3 3 3 3 3 3 3 3 3 3 3 3 3 3 3 3 3 3 3 3 3 3 3 
						3 3 3 3 3 3 3 3 3 3 3 3 3 3 3 3 3 3 3 3 3 3 3 3 3 3 3 3 3 3 3 3 3 3 3 3 3 3 3 3 3 3 3 3 3 3 3 3 3 3 3 3 3 3 3 3 3 3 3 3 3 3 3 3 
						3 3 3 3 3 3 3 3 3 3 3 3 3 3 3 3 3 3 3 3 3 3 3 3 3 3 3 3 3 3 3 3 3 3 3 3 3 3 3 3 3 3 3 3 3 3 3 3 3 3 3 3 3 3 3 3 3 3 3 3 3 3 3 3 
						3 3 3 3 3 3 3 3 3 3 3 3 3 3 3 3 3 3 3 3 3 3 3 3 3 3 3 3 3 3 3 3 3 3 3 3 3 3 3 3 3 3 3 3 3 3 3 3 3 3 3 3 3 3 3 3 3 3 3 3 3 3 3 3 
						3 3 3 3 3 3 3 3 3 3 3 3 3 3 3 3 3 3 3 3 3 3 3 3 3 3 3 3 3 3 3 3 3 3 3 3 3 3 3 3 3 3 3 3 3 3 3 3 3 3 3 3 3 3 3 3 3 3 3 3 3 3 3 3 
						3 3 3 3 3 3 3 3 3 3 3 3 3 3 3 3 3 3 3 3 3 3 3 3 3 3 3 3 3 3 3 3 3 3 3 3 3 3 3 3 3 3 3 3 3 3 3 3 3 3 3 3 3 3 3 3 3 3 3 3 3 3 3 3 
						3 3 3 3 3 3 3 3 3 3 3 3 3 3 3 3 3 3 3 3 3 3 3 3 3 3 3 3 3 3 3 3 3 3 3 3 3 3 3 3 3 3 3 3 3 3 3 3 3 3 3 3 3 3 3 3 3 3 3 3 3 3 3 3 
						3 3 3 3 3 3 3 3 3 3 3 3 3 3 3 3 3 3 3 3 3 3 3 3 3 3 3 3 3 3 3 3 3 3 3 3 3 3 3 3 3 3 3 3 3 3 3 3 3 3 3 3 3 3 3 3 3 3 3 3 3 3 3 3 
						3 3 3 3 3 3 3 3 3 3 3 3 3 3 3 3 3 3 3 3 3 3 3 3 3 3 3 3 3 3 3 3 3 3 3 3 3 3 3 3 3 3 3 3 3 3 3 3 3 3 3 3 3 3 3 3 3 3 3 3 3 3 3 3 
						3 3 3 3 3 3 3 3 3 3 3 3 3 3 3 3 3 3 3 3 3 3 3 3 3 3 3 3 3 3 3 3 3 3 3 3 3 3 3 3 3 3 3 3 3 3 3 3 3 3 3 3 3 3 3 3 3 3 3 3 3 3 3 3 
						3 3 3 3 3 3 3 3 3 3 3 3 3 3 3 3 3 3 3 3 3 3 3 3 3 3 3 3 3 3 3 3 3 3 3 3 3 3 3 3 3 3 3 3 3 3 3 3 3 3 3 3 3 3 3 3 3 3 3 3 3 3 3 3 
						3 3 3 3 3 3 3 3 3 3 3 3 3 3 3 3 3 3 3 3 3 3 3 3 3 3 3 3 3 3 3 3 3 3 3 3 3 3 3 3 3 3 3 3 3 3 3 3 3 3 3 3 3 3 3 3 3 3 3 3 3 3 3 3 
						3 3 3 3 3 3 3 3 3 3 3 3 3 3 3 3 3 3 3 3 3 3 3 3 3 3 3 3 3 3 3 3 3 3 3 3 3 3 3 3 3 3 3 3 3 3 3 3 3 3 3 3 3 3 3 3 3 3 3 3 3 3 3 3 
						3 3 3 3 3 3 3 3 3 3 3 3 3 3 3 3 3 3 3 3 3 3 3 3 3 3 3 3 3 3 3 3 3 3 3 3 3 3 3 3 3 3 3 3 3 3 3 3 3 3 3 3 3 3 3 3 3 3 3 3 3 3 3 3 
						3 3 3 3 3 3 3 3 3 3 3 3 3 3 3 3 3 3 3 3 3 3 3 3 3 3 3 3 3 3 3 3 3 3 3 3 3 3 3 3 3 3 3 3 3 3 3 3 3 3 3 3 3 3 3 3 3 3 3 3 3 3 3 3 
						3 3 3 3 3 3 3 3 3 3 3 3 3 3 3 3 3 3 3 3 3 3 3 3 3 3 3 3 3 3 3 3 3 3 3 3 3 3 3 3 3 3 3 3 3 3 3 3 3 3 3 3 3 3 3 3 3 3 3 3 3 3 3 3 
						3 3 3 3 3 3 3 3 3 3 3 3 3 3 3 3 3 3 3 3 3 3 3 3 3 3 3 3 3 3 3 3 3 3 3 3 3 3 3 3 3 3 3 3 3 3 3 3 3 3 3 3 3 3 3 3 3 3 3 3 3 3 3 3 
						3 3 3 3 3 3 3 3 3 3 3 3 3 3 3 3 3 3 3 3 3 3 3 3 3 3 3 3 3 3 3 3 3 3 3 3 3 3 3 3 3 3 3 3 3 3 3 3 3 3 3 3 3 3 3 3 3 3 3 3 3 3 3 3 
						3 3 3 3 3 3 3 3 3 3 3 3 3 3 3 3 3 3 3 3 3 3 3 3 3 3 3 3 3 3 3 3 3 3 3 3 3 3 3 3 3 3 3 3 3 3 3 3 3 3 3 3 3 3 3 3 3 3 3 3 3 3 3 3 
						3 3 3 3 3 3 3 3 3 3 3 3 3 3 3 3 3 3 3 3 3 3 3 3 3 3 3 3 3 3 3 3 3 3 3 3 3 3 3 3 3 3 3 3 3 3 3 3 3 3 3 3 3 3 3 3 3 3 3 3 3 3 3 3 
						3 3 3 3 3 3 3 3 3 3 3 3 3 3 3 3 3 3 3 3 3 3 3 3 3 3 3 3 3 3 3 3 3 3 3 3 3 3 3 3 3 3 3 3 3 3 3 3 3 3 3 3 3 3 3 3 3 3 3 3 3 3 3 3 
						3 3 3 3 3 3 3 3 3 3 3 3 3 3 3 3 3 3 3 3 3 3 3 3 3 3 3 3 3 3 3 3 3 3 3 3 3 3 3 3 3 3 3 3 3 3 3 3 3 3 3 3 3 3 3 3 3 3 3 3 3 3 3 3 
						3 3 3 3 3 3 3 3 3 3 3 3 3 3 3 3 3 3 3 3 3 3 3 3 3 3 3 3 3 3 3 3 3 3 3 3 3 3 3 3 3 3 3 3 3 3 3 3 3 3 3 3 3 3 3 3 3 3 3 3 3 3 3 3 
						3 3 3 3 3 3 3 3 3 3 3 3 3 3 3 3 3 3 3 3 3 3 3 3 3 3 3 3 3 3 3 3 3 3 3 3 3 3 3 3 3 3 3 3 3 3 3 3 3 3 3 3 3 3 3 3 3 3 3 3 3 3 3 3 
						3 3 3 3 3 3 3 3 3 3 3 3 3 3 3 3 3 3 3 3 3 3 3 3 3 3 3 3 3 3 3 3 3 3 3 3 3 3 3 3 3 3 3 3 3 3 3 3 3 3 3 3 3 3 3 3 3 3 3 3 3 3 3 3 
						3 3 3 3 3 3 3 3 3 3 3 3 3 3 3 3 3 3 3 3 3 3 3 3 3 3 3 3 3 3 3 3 3 3 3 3 3 3 3 3 3 3 3 3 3 3 3 3 3 3 3 3 3 3 3 3 3 3 3 3 3 3 3 3 
						3 3 3 3 3 3 3 3 3 3 3 3 3 3 3 3 3 3 3 3 3 3 3 3 3 3 3 3 3 3 3 3 3 3 3 3 3 3 3 3 3 3 3 3 3 3 3 3 3 3 3 3 3 3 3 3 3 3 3 3 3 3 3 3 
						3 3 3 3 3 3 3 3 3 3 3 3 3 3 3 3 3 3 3 3 3 3 3 3 3 3 3 3 3 3 3 3 3 3 3 3 3 3 3 3 3 3 3 3 3 3 3 3 3 3 3 3 3 3 3 3 3 3 3 3 3 3 3 3 
						3 3 3 3 3 3 3 3 3 3 3 3 3 3 3 3 3 3 3 3 3 3 3 3 3 3 3 3 3 3 3 3 3 3 3 3 3 3 3 3 3 3 3 3 3 3 3 3 3 3 3 3 3 3 3 3 3 3 3 3 3 3 3 3 
						3 3 3 3 3 3 3 3 3 3 3 3 3 3 3 3 3 3 3 3 3 3 3 3 3 3 3 3 3 3 3 3 3 3 3 3 3 3 3 3 3 3 3 3 3 3 3 3 3 3 3 3 3 3 3 3 3 3 3 3 3 3 3 3 
						3 3 3 3 3 3 3 3 3 3 3 3 3 3 3 3 3 3 3 3 3 3 3 3 3 3 3 3 3 3 3 3 3 3 3 3 3 3 3 3 3 3 3 3 3 3 3 3 3 3 3 3 3 3 3 3 3 3 3 3 3 3 3 3 
						3 3 3 3 3 3 3 3 3 3 3 3 3 3 3 3 3 3 3 3 3 3 3 3 3 3 3 3 3 3 3 3 3 3 3 3 3 3 3 3 3 3 3 3 3 3 3 3 3 3 3 3 3 3 3 3 3 3 3 3 3 3 3 3 
						3 3 3 3 3 3 3 3 3 3 3 3 3 3 3 3 3 3 3 3 3 3 3 3 3 3 3 3 3 3 3 3 3 3 3 3 3 3 3 3 3 3 3 3 3 3 3 3 3 3 3 3 3 3 3 3 3 3 3 3 3 3 3 3 
						3 3 3 3 3 3 3 3 3 3 3 3 3 3 3 3 3 3 3 3 3 3 3 3 3 3 3 3 3 3 3 3 3 3 3 3 3 3 3 3 3 3 3 3 3 3 3 3 3 3 3 3 3 3 3 3 3 3 3 3 3 3 3 3 
						3 3 3 3 3 3 3 3 3 3 3 3 3 3 3 3 3 3 3 3 3 3 3 3 3 3 3 3 3 3 3 3 3 3 3 3 3 3 3 3 3 3 3 3 3 3 3 3 3 3 3 3 3 3 3 3 3 3 3 3 3 3 3 3 
						3 3 3 3 3 3 3 3 3 3 3 3 3 3 3 3 3 3 3 3 3 3 3 3 3 3 3 3 3 3 3 3 3 3 3 3 3 3 3 3 3 3 3 3 3 3 3 3 3 3 3 3 3 3 3 3 3 3 3 3 3 3 3 3 
						3 3 3 3 3 3 3 3 3 3 3 3 3 3 3 3 3 3 3 3 3 3 3 3 3 3 3 3 3 3 3 3 3 3 3 3 3 3 3 3 3 3 3 3 3 3 3 3 3 3 3 3 3 3 3 3 3 3 3 3 3 3 3 3 
						3 3 3 3 3 3 3 3 3 3 3 3 3 3 3 3 3 3 3 3 3 3 3 3 3 3 3 3 3 3 3 3 3 3 3 3 3 3 3 3 3 3 3 3 3 3 3 3 3 3 3 3 3 3 3 3 3 3 3 3 3 3 3 3 
						3 3 3 3 3 3 3 3 3 3 3 3 3 3 3 3 3 3 3 3 3 3 3 3 3 3 3 3 3 3 3 3 3 3 3 3 3 3 3 3 3 3 3 3 3 3 3 3 3 3 3 3 3 3 3 3 3 3 3 3 3 3 3 3 
						3 3 3 3 3 3 3 3 3 3 3 3 3 3 3 3 3 3 3 3 3 3 3 3 3 3 3 3 3 3 3 3 3 3 3 3 3 3 3 3 3 3 3 3 3 3 3 3 3 3 3 3 3 3 3 3 3 3 3 3 3 3 3 3 
						3 3 3 3 3 3 3 3 3 3 3 3 3 3 3 3 3 3 3 3 3 3 3 3 3 3 3 3 3 3 3 3 3 3 3 3 3 3 3 3 3 3 3 3 3 3 3 3 3 3 3 3 3 3 3 3 3 3 3 3 3 3 3 3 
						3 3 3 3 3 3 3 3 3 3 3 3 3 3 3 3 3 3 3 3 3 3 3 3 3 3 3 3 3 3 3 3 3 3 3 3 3 3 3 3 3 3 3 3 3 3 3 3 3 3 3 3 3 3 3 3 3 3 3 3 3 3 3 3 
						3 3 3 3 3 3 3 3 3 3 3 3 3 3 3 3 3 3 3 3 3 3 3 3 3 3 3 3 3 3 3 3 3 3 3 3 3 3 3 3 3 3 3 3 3 3 3 3 3 3 3 3 3 3 3 3 3 3 3 3 3 3 3 3 
						3 3 3 3 3 3 3 3 3 3 3 3 3 3 3 3 3 3 3 3 3 3 3 3 3 3 3 3 3 3 3 3 3 3 3 3 3 3 3 3 3 3 3 3 3 3 3 3 3 3 3 3 3 3 3 3 3 3 3 3 3 3 3 3 
						3 3 3 3 3 3 3 3 3 3 3 3 3 3 3 3 3 3 3 3 3 3 3 3 3 3 3 3 3 3 3 3 3 3 3 3 3 3 3 3 3 3 3 3 3 3 3 3 3 3 3 3 3 3 3 3 3 3 3 3 3 3 3 3 
						3 3 3 3 3 3 3 3 3 3 3 3 3 3 3 3 3 3 3 3 3 3 3 3 3 3 3 3 3 3 3 3 3 3 3 3 3 3 3 3 3 3 3 3 3 3 3 3 3 3 3 3 3 3 3 3 3 3 3 3 3 3 3 3 
						3 3 3 3 3 3 3 3 3 3 3 3 3 3 3 3 3 3 3 3 3 3 3 3 3 3 3 3 3 3 3 3 3 3 3 3 3 3 3 3 3 3 3 3 3 3 3 3 3 3 3 3 3 3 3 3 3 3 3 3 3 3 3 3 
						3 3 3 3 3 3 3 3 3 3 3 3 3 3 3 3 3 3 3 3 3 3 3 3 3 3 3 3 3 3 3 3 3 3 3 3 3 3 3 3 3 3 3 3 3 3 3 3 3 3 3 3 3 3 3 3 3 3 3 3 3 3 3 3 
						3 3 3 3 3 3 3 3 3 3 3 3 3 3 3 3 3 3 3 3 3 3 3 3 3 3 3 3 3 3 3 3 3 3 3 3 3 3 3 3 3 3 3 3 3 3 3 3 3 3 3 3 3 3 3 3 3 3 3 3 3 3 3 3 
						3 3 3 3 3 3 3 3 3 3 3 3 3 3 3 3 3 3 3 3 3 3 3 3 3 3 3 3 3 3 3 3 3 3 3 3 3 3 3 3 3 3 3 3 3 3 3 3 3 3 3 3 3 3 3 3 3 3 3 3 3 3 3 3 
						3 3 3 3 3 3 3 3 3 3 3 3 3 3 3 3 3 3 3 3 3 3 3 3 3 3 3 3 3 3 3 3 3 3 3 3 3 3 3 3 3 3 3 3 3 3 3 3 3 3 3 3 3 3 3 3 3 3 3 3 3 3 3 3 
						3 3 3 3 3 3 3 3 3 3 3 3 3 3 3 3 3 3 3 3 3 3 3 3 3 3 3 3 3 3 3 3 3 3 3 3 3 3 3 3 3 3 3 3 3 3 3 3 3 3 3 3 3 3 3 3 3 3 3 3 3 3 3 3 
						3 3 3 3 3 3 3 3 3 3 3 3 3 3 3 3 3 3 3 3 3 3 3 3 3 3 3 3 3 3 3 3 3 3 3 3 3 3 3 3 3 3 3 3 3 3 3 3 3 3 3 3 3 3 3 3 3 3 3 3 3 3 3 3 
						3 3 3 3 3 3 3 3 3 3 3 3 3 3 3 3 3 3 3 3 3 3 3 3 3 3 3 3 3 3 3 3 3 3 3 3 3 3 3 3 3 3 3 3 3 3 3 3 3 3 3 3 3 3 3 3 3 3 3 3 3 3 3 3 
						3 3 3 3 3 3 3 3 3 3 3 3 3 3 3 3 3 3 3 3 3 3 3 3 3 3 3 3 3 3 3 3 3 3 3 3 3 3 3 3 3 3 3 3 3 3 3 3 3 3 3 3 3 3 3 3 3 3 3 3 3 3 3 3 
						3 3 3 3 3 3 3 3 3 3 3 3 3 3 3 3 3 3 3 3 3 3 3 3 3 3 3 3 3 3 3 3 3 3 3 3 3 3 3 3 3 3 3 3 3 3 3 3 3 3 3 3 3 3 3 3 3 3 3 3 3 3 3 3 
						3 3 3 3 3 3 3 3 3 3 3 3 3 3 3 3 3 3 3 3 3 3 3 3 3 3 3 3 3 3 3 3 3 3 3 3 3 3 3 3 3 3 3 3 3 3 3 3 3 3 3 3 3 3 3 3 3 3 3 3 3 3 3 3 
						3 3 3 3 3 3 3 3 3 3 3 3 3 3 3 3 3 3 3 3 3 3 3 3 3 3 3 3 3 3 3 3 3 3 3 3 3 3 3 3 3 3 3 3 3 3 3 3 3 3 3 3 3 3 3 3 3 3 3 3 3 3 3 3 
						3 3 3 3 3 3 3 3 3 3 3 3 3 3 3 3 3 3 3 3 3 3 3 3 3 3 3 3 3 3 3 3 3 3 3 3 3 3 3 3 3 3 3 3 3 3 3 3 3 3 3 3 3 3 3 3 3 3 3 3 3 3 3 3 
						3 3 3 3 3 3 3 3 3 3 3 3 3 3 3 3 3 3 3 3 3 3 3 3 3 3 3 3 3 3 3 3 3 3 3 3 3 3 3 3 3 3 3 3 3 3 3 3 3 3 3 3 3 3 3 3 3 3 3 3 3 3 3 3 
						3 3 3 3 3 3 3 3 3 3 3 3 3 3 3 3 3 3 3 3 3 3 3 3 3 3 3 3 3 3 3 3 3 3 3 3 3 3 3 3 3 3 3 3 3 3 3 3 3 3 3 3 3 3 3 3 3 3 3 3 3 3 3 3 
						3 3 3 3 3 3 3 3 3 3 3 3 3 3 3 3 3 3 3 3 3 3 3 3 3 3 3 3 3 3 3 3 3 3 3 3 3 3 3 3 3 3 3 3 3 3 3 3 3 3 3 3 3 3 3 3 3 3 3 3 3 3 3 3 
						3 3 3 3 3 3 3 3 3 3 3 3 3 3 3 3 3 3 3 3 3 3 3 3 3 3 3 3 3 3 3 3 3 3 3 3 3 3 3 3 3 3 3 3 3 3 3 3 3 3 3 3 3 3 3 3 3 3 3 3 3 3 3 3 
						3 3 3 3 3 3 3 3 3 3 3 3 3 3 3 3 3 3 3 3 3 3 3 3 3 3 3 3 3 3 3 3 3 3 3 3 3 3 3 3 3 3 3 3 3 3 3 3 3 3 3 3 3 3 3 3 3 3 3 3 3 3 3 3 
						3 3 3 3 3 3 3 3 3 3 3 3 3 3 3 3 3 3 3 3 3 3 3 3 3 3 3 3 3 3 3 3 3 3 3 3 3 3 3 3 3 3 3 3 3 3 3 3 3 3 3 3 3 3 3 3 3 3 3 3 3 3 3 3 
						3 3 3 3 3 3 3 3 3 3 3 3 3 3 3 3 3 3 3 3 3 3 3 3 3 3 3 3 3 3 3 3 3 3 3 3 3 3 3 3 3 3 3 3 3 3 3 3 3 3 3 3 3 3 3 3 3 3 3 3 3 3 3 3 
						3 3 3 3 3 3 3 3 3 3 3 3 3 3 3 3 3 3 3 3 3 3 3 3 3 3 3 3 3 3 3 3 3 3 3 3 3 3 3 3 3 3 3 3 3 3 3 3 3 3 3 3 3 3 3 3 3 3 3 3 3 3 3 3 
						3 3 3 3 3 3 3 3 3 3 3 3 3 3 3 3 3 3 3 3 3 3 3 3 3 3 3 3 3 3 3 3 3 3 3 3 3 3 3 3 3 3 3 3 3 3 3 3 3 3 3 3 3 3 3 3 3 3 3 3 3 3 3 3 
						3 3 3 3 3 3 3 3 3 3 3 3 3 3 3 3 3 3 3 3 3 3 3 3 3 3 3 3 3 3 3 3 3 3 3 3 3 3 3 3 3 3 3 3 3 3 3 3 3 3 3 3 3 3 3 3 3 3 3 3 3 3 3 3 
						3 3 3 3 3 3 3 3 3 3 3 3 3 3 3 3 3 3 3 3 3 3 3 3 3 3 3 3 3 3 3 3 3 3 3 3 3 3 3 3 3 3 3 3 3 3 3 3 3 3 3 3 3 3 3 3 3 3 3 3 3 3 3 3 
						3 3 3 3 3 3 3 3 3 3 3 3 3 3 3 3 3 3 3 3 3 3 3 3 3 3 3 3 3 3 3 3 3 3 3 3 3 3 3 3 3 3 3 3 3 3 3 3 3 3 3 3 3 3 3 3 3 3 3 3 3 3 3 3 
						3 3 3 3 3 3 3 3 3 3 3 3 3 3 3 3 3 3 3 3 3 3 3 3 3 3 3 3 3 3 3 3 3 3 3 3 3 3 3 3 3 3 3 3 3 3 3 3 3 3 3 3 3 3 3 3 3 3 3 3 3 3 3 3 
						3 3 3 3 3 3 3 3 3 3 3 3 3 3 3 3 3 3 3 3 3 3 3 3 3 3 3 3 3 3 3 3 3 3 3 3 3 3 3 3 3 3 3 3 3 3 3 3 3 3 3 3 3 3 3 3 3 3 3 3 3 3 3 3 
						3 3 3 3 3 3 3 3 3 3 3 3 3 3 3 3 3 3 3 3 3 3 3 3 3 3 3 3 3 3 3 3 3 3 3 3 3 3 3 3 3 3 3 3 3 3 3 3 3 3 3 3 3 3 3 3 3 3 3 3 3 3 3 3 
						3 3 3 3 3 3 3 3 3 3 3 3 3 3 3 3 3 3 3 3 3 3 3 3 3 3 3 3 3 3 3 3 3 3 3 3 3 3 3 3 3 3 3 3 3 3 3 3 3 3 3 3 3 3 3 3 3 3 3 3 3 3 3 3 
						3 3 3 3 3 3 3 3 3 3 3 3 3 3 3 3 3 3 3 3 3 3 3 3 3 3 3 3 3 3 3 3 3 3 3 3 3 3 3 3 3 3 3 3 3 3 3 3 3 3 3 3 3 3 3 3 3 3 3 3 3 3 3 3 
						3 3 3 3 3 3 3 3 3 3 3 3 3 3 3 3 3 3 3 3 3 3 3 3 3 3 3 3 3 3 3 3 3 3 3 3 3 3 3 3 3 3 3 3 3 3 3 3 3 3 3 3 3 3 3 3 3 3 3 3 3 3 3 3 
						3 3 3 3 3 3 3 3 3 3 3 3 3 3 3 3 3 3 3 3 3 3 3 3 3 3 3 3 3 3 3 3 3 3 3 3 3 3 3 3 3 3 3 3 3 3 3 3 3 3 3 3 3 3 3 3 3 3 3 3 3 3 3 3 
						3 3 3 3 3 3 3 3 3 3 3 3 3 3 3 3 3 3 3 3 3 3 3 3 3 3 3 3 3 3 3 3 3 3 3 3 3 3 3 3 3 3 3 3 3 3 3 3 3 3 3 3 3 3 3 3 3 3 3 3 3 3 3 3 
						3 3 3 3 3 3 3 3 3 3 3 3 3 3 3 3 3 3 3 3 3 3 3 3 3 3 3 3 3 3 3 3 3 3 3 3 3 3 3 3 3 3 3 3 3 3 3 3 3 3 3 3 3 3 3 3 3 3 3 3 3 3 3 3 
						3 3 3 3 3 3 3 3 3 3 3 3 3 3 3 3 3 3 3 3 3 3 3 3 3 3 3 3 3 3 3 3 3 3 3 3 3 3 3 3 3 3 3 3 3 3 3 3 3 3 3 3 3 3 3 3 3 3 3 3 3 3 3 3 
						3 3 3 3 3 3 3 3 3 3 3 3 3 3 3 3 3 3 3 3 3 3 3 3 3 3 3 3 3 3 3 3 3 3 3 3 3 3 3 3 3 3 3 3 3 3 3 3 3 3 3 3 3 3 3 3 3 3 3 3 3 3 3 3 
						3 3 3 3 3 3 3 3 3 3 3 3 3 3 3 3 3 3 3 3 3 3 3 3 3 3 3 3 3 3 3 3 3 3 3 3 3 3 3 3 3 3 3 3 3 3 3 3 3 3 3 3 3 3 3 3 3 3 3 3 3 3 3 3 
						3 3 3 3 3 3 3 3 3 3 3 3 3 3 3 3 3 3 3 3 3 3 3 3 3 3 3 3 3 3 3 3 3 3 3 3 3 3 3 3 3 3 3 3 3 3 3 3 3 3 3 3 3 3 3 3 3 3 3 3 3 3 3 3 
						3 3 3 3 3 3 3 3 3 3 3 3 3 3 3 3 3 3 3 3 3 3 3 3 3 3 3 3 3 3 3 3 3 3 3 3 3 3 3 3 3 3 3 3 3 3 3 3 3 3 3 3 3 3 3 3 3 3 3 3 3 3 3 3 
						3 3 3 3 3 3 3 3 3 3 3 3 3 3 3 3 3 3 3 3 3 3 3 3 3 3 3 3 3 3 3 3 3 3 3 3 3 3 3 3 3 3 3 3 3 3 3 3 3 3 3 3 3 3 3 3 3 3 3 3 3 3 3 3 
						3 3 3 3 3 3 3 3 3 3 3 3 3 3 3 3 3 3 3 3 3 3 3 3 3 3 3 3 3 3 3 3 3 3 3 3 3 3 3 3 3 3 3 3 3 3 3 3 3 3 3 3 3 3 3 3 3 3 3 3 3 3 3 3 
						3 3 3 3 3 3 3 3 3 3 3 3 3 3 3 3 3 3 3 3 3 3 3 3 3 3 3 3 3 3 3 3 3 3 3 3 3 3 3 3 3 3 3 3 3 3 3 3 3 3 3 3 3 3 3 3 3 3 3 3 3 3 3 3 
						3 3 3 3 3 3 3 3 3 3 3 3 3 3 3 3 3 3 3 3 3 3 3 3 3 3 3 3 3 3 3 3 3 3 3 3 3 3 3 3 3 3 3 3 3 3 3 3 3 3 3 3 3 3 3 3 3 3 3 3 3 3 3 3 
						3 3 3 3 3 3 3 3 3 3 3 3 3 3 3 3 3 3 3 3 3 3 3 3 3 3 3 3 3 3 3 3 3 3 3 3 3 3 3 3 3 3 3 3 3 3 3 3 3 3 3 3 3 3 3 3 3 3 3 3 3 3 3 3 
						3 3 3 3 3 3 3 3 3 3 3 3 3 3 3 3 3 3 3 3 3 3 3 3 3 3 3 3 3 3 3 3 3 3 3 3 3 3 3 3 3 3 3 3 3 3 3 3 3 3 3 3 3 3 3 3 3 3 3 3 3 3 3 3 
						3 3 3 3 3 3 3 3 3 3 3 3 3 3 3 3 3 3 3 3 3 3 3 3 3 3 3 3 3 3 3 3 3 3 3 3 3 3 3 3 3 3 3 3 3 3 3 3 3 3 3 3 3 3 3 3 3 3 3 3 3 3 3 3 
						3 3 3 3 3 3 3 3 3 3 3 3 3 3 3 3 3 3 3 3 3 3 3 3 3 3 3 3 3 3 3 3 3 3 3 3 3 3 3 3 3 3 3 3 3 3 3 3 3 3 3 3 3 3 3 3 3 3 3 3 3 3 3 3 
						3 3 3 3 3 3 3 3 3 3 3 3 3 3 3 3 3 3 3 3 3 3 3 3 3 3 3 3 3 3 3 3 3 3 3 3 3 3 3 3 3 3 3 3 3 3 3 3 3 3 3 3 3 3 3 3 3 3 3 3 3 3 3 3 
						3 3 3 3 3 3 3 3 3 3 3 3 3 3 3 3 3 3 3 3 3 3 3 3 3 3 3 3 3 3 3 3 3 3 3 3 3 3 3 3 3 3 3 3 3 3 3 3 3 3 3 3 3 3 3 3 3 3 3 3 3 3 3 3 
						3 3 3 3 3 3 3 3 3 3 3 3 3 3 3 3 3 3 3 3 3 3 3 3 3 3 3 3 3 3 3 3 3 3 3 3 3 3 3 3 3 3 3 3 3 3 3 3 3 3 3 3 3 3 3 3 3 3 3 3 3 3 3 3 
						3 3 3 3 3 3 3 3 3 3 3 3 3 3 3 3 3 3 3 3 3 3 3 3 3 3 3 3 3 3 3 3 3 3 3 3 3 3 3 3 3 3 3 3 3 3 3 3 3 3 3 3 3 3 3 3 3 3 3 3 3 3 3 3 
						3 3 3 3 3 3 3 3 3 3 3 3 3 3 3 3 3 3 3 3 3 3 3 3 3 3 3 3 3 3 3 3 3 3 3 3 3 3 3 3 3 3 3 3 3 3 3 3 3 3 3 3 3 3 3 3 3 3 3 3 3 3 3 3 
						3 3 3 3 3 3 3 3 3 3 3 3 3 3 3 3 3 3 3 3 3 3 3 3 3 3 3 3 3 3 3 3 3 3 3 3 3 3 3 3 3 3 3 3 3 3 3 3 3 3 3 3 3 3 3 3 3 3 3 3 3 3 3 3 
						3 3 3 3 3 3 3 3 3 3 3 3 3 3 3 3 3 3 3 3 3 3 3 3 3 3 3 3 3 3 3 3 3 3 3 3 3 3 3 3 3 3 3 3 3 3 3 3 3 3 3 3 3 3 3 3 3 3 3 3 3 3 3 3 
						3 3 3 3 3 3 3 3 3 3 3 3 3 3 3 3 3 3 3 3 3 3 3 3 3 3 3 3 3 3 3 3 3 3 3 3 3 3 3 3 3 3 3 3 3 3 3 3 3 3 3 3 3 3 3 3 3 3 3 3 3 3 3 3 
						3 3 3 3 3 3 3 3 3 3 3 3 3 3 3 3 3 3 3 3 3 3 3 3 3 3 3 3 3 3 3 3 3 3 3 3 3 3 3 3 3 3 3 3 3 3 3 3 3 3 3 3 3 3 3 3 3 3 3 3 3 3 3 3 
						3 3 3 3 3 3 3 3 3 3 3 3 3 3 3 3 3 3 3 3 3 3 3 3 3 3 3 3 3 3 3 3 3 3 3 3 3 3 3 3 3 3 3 3 3 3 3 3 3 3 3 3 3 3 3 3 3 3 3 3 3 3 3 3 
						3 3 3 3 3 3 3 3 3 3 3 3 3 3 3 3 3 3 3 3 3 3 3 3 3 3 3 3 3 3 3 3 3 3 3 3 3 3 3 3 3 3 3 3 3 3 3 3 3 3 3 3 3 3 3 3 3 3 3 3 3 3 3 3 
						3 3 3 3 3 3 3 3 3 3 3 3 3 3 3 3 3 3 3 3 3 3 3 3 3 3 3 3 3 3 3 3 3 3 3 3 3 3 3 3 3 3 3 3 3 3 3 3 3 3 3 3 3 3 3 3 3 3 3 3 3 3 3 3 
						3 3 3 3 3 3 3 3 3 3 3 3 3 3 3 3 3 3 3 3 3 3 3 3 3 3 3 3 3 3 3 3 3 3 3 3 3 3 3 3 3 3 3 3 3 3 3 3 3 3 3 3 3 3 3 3 3 3 3 3 3 3 3 3 
						3 3 3 3 3 3 3 3 3 3 3 3 3 3 3 3 3 3 3 3 3 3 3 3 3 3 3 3 3 3 3 3 3 3 3 3 3 3 3 3 3 3 3 3 3 3 3 3 3 3 3 3 3 3 3 3 3 3 3 3 3 3 3 3 
						3 3 3 3 3 3 3 3 3 3 3 3 3 3 3 3 3 3 3 3 3 3 3 3 3 3 3 3 3 3 3 3 3 3 3 3 3 3 3 3 3 3 3 3 3 3 3 3 3 3 3 3 3 3 3 3 3 3 3 3 3 3 3 3 
						3 3 3 3 3 3 3 3 3 3 3 3 3 3 3 3 3 3 3 3 3 3 3 3 3 3 3 3 3 3 3 3 3 3 3 3 3 3 3 3 3 3 3 3 3 3 3 3 3 3 3 3 3 3 3 3 3 3 3 3 3 3 3 3 
						3 3 3 3 3 3 3 3 3 3 3 3 3 3 3 3 3 3 3 3 3 3 3 3 3 3 3 3 3 3 3 3 3 3 3 3 3 3 3 3 3 3 3 3 3 3 3 3 3 3 3 3 3 3 3 3 3 3 3 3 3 3 3 3 
						3 3 3 3 3 3 3 3 3 3 3 3 3 3 3 3 3 3 3 3 3 3 3 3 3 3 3 3 3 3 3 3 3 3 3 3 3 3 3 3 3 3 3 3 3 3 3 3 3 3 3 3 3 3 3 3 3 3 3 3 3 3 3 3 
						3 3 3 3 3 3 3 3 3 3 3 3 3 3 3 3 3 3 3 3 3 3 3 3 3 3 3 3 3 3 3 3 3 3 3 3 3 3 3 3 3 3 3 3 3 3 3 3 3 3 3 3 3 3 3 3 3 3 3 3 3 3 3 3 
						3 3 3 3 3 3 3 3 3 3 3 3 3 3 3 3 3 3 3 3 3 3 3 3 3 3 3 3 3 3 3 3 3 3 3 3 3 3 3 3 3 3 3 3 3 3 3 3 3 3 3 3 3 3 3 3 3 3 3 3 3 3 3 3 
						3 3 3 3 3 3 3 3 3 3 3 3 3 3 3 3 3 3 3 3 3 3 3 3 3 3 3 3 3 3 3 3 3 3 3 3 3 3 3 3 3 3 3 3 3 3 3 3 3 3 3 3 3 3 3 3 3 3 3 3 3 3 3 3 
						3 3 3 3 3 3 3 3 3 3 3 3 3 3 3 3 3 3 3 3 3 3 3 3 3 3 3 3 3 3 3 3 3 3 3 3 3 3 3 3 3 3 3 3 3 3 3 3 3 3 3 3 3 3 3 3 3 3 3 3 3 3 3 3 
						3 3 3 3 3 3 3 3 3 3 3 3 3 3 3 3 3 3 3 3 3 3 3 3 3 3 3 3 3 3 3 3 3 3 3 3 3 3 3 3 3 3 3 3 3 3 3 3 3 3 3 3 3 3 3 3 3 3 3 3 3 3 3 3 
						3 3 3 3 3 3 3 3 3 3 3 3 3 3 3 3 3 3 3 3 3 3 3 3 3 3 3 3 3 3 3 3 3 3 3 3 3 3 3 3 3 3 3 3 3 3 3 3 3 3 3 3 3 3 3 3 3 3 3 3 3 3 3 3 
						3 3 3 3 3 3 3 3 3 3 3 3 3 3 3 3 3 3 3 3 3 3 3 3 3 3 3 3 3 3 3 3 3 3 3 3 3 3 3 3 3 3 3 3 3 3 3 3 3 3 3 3 3 3 3 3 3 3 3 3 3 3 3 3 
						3 3 3 3 3 3 3 3 3 3 3 3 3 3 3 3 3 3 3 3 3 3 3 3 3 3 3 3 3 3 3 3 3 3 3 3 3 3 3 3 3 3 3 3 3 3 3 3 3 3 3 3 3 3 3 3 3 3 3 3 3 3 3 3 
						3 3 3 3 3 3 3 3 3 3 3 3 3 3 3 3 3 3 3 3 3 3 3 3 3 3 3 3 3 3 3 3 3 3 3 3 3 3 3 3 3 3 3 3 3 3 3 3 3 3 3 3 3 3 3 3 3 3 3 3 3 3 3 3 
						3 3 3 3 3 3 3 3 3 3 3 3 3 3 3 3 3 3 3 3 3 3 3 3 3 3 3 3 3 3 3 3 3 3 3 3 3 3 3 3 3 3 3 3 3 3 3 3 3 3 3 3 3 3 3 3 3 3 3 3 3 3 3 3 
						3 3 3 3 3 3 3 3 3 3 3 3 3 3 3 3 3 3 3 3 3 3 3 3 3 3 3 3 3 3 3 3 3 3 3 3 3 3 3 3 3 3 3 3 3 3 3 3 3 3 3 3 3 3 3 3 3 3 3 3 3 3 3 3 
						3 3 3 3 3 3 3 3 3 3 3 3 3 3 3 3 3 3 3 3 3 3 3 3 3 3 3 3 3 3 3 3 3 3 3 3 3 3 3 3 3 3 3 3 3 3 3 3 3 3 3 3 3 3 3 3 3 3 3 3 3 3 3 3 
						3 3 3 3 3 3 3 3 3 3 3 3 3 3 3 3 3 3 3 3 3 3 3 3 3 3 3 3 3 3 3 3 3 3 3 3 3 3 3 3 3 3 3 3 3 3 3 3 3 3 3 3 3 3 3 3 3 3 3 3 3 3 3 3 
						3 3 3 3 3 3 3 3 3 3 3 3 3 3 3 3 3 3 3 3 3 3 3 3 3 3 3 3 3 3 3 3 3 3 3 3 3 3 3 3 3 3 3 3 3 3 3 3 3 3 3 3 3 3 3 3 3 3 3 3 3 3 3 3 
						3 3 3 3 3 3 3 3 3 3 3 3 3 3 3 3 3 3 3 3 3 3 3 3 3 3 3 3 3 3 3 3 3 3 3 3 3 3 3 3 3 3 3 3 3 3 3 3 3 3 3 3 3 3 3 3 3 3 3 3 3 3 3 3 
						3 3 3 3 3 3 3 3 3 3 3 3 3 3 3 3 
					</vcount>
					<p>
						3 0 1 1 2 3 2 1 4 4 5 2 7 2 5 5 6 7 8 3 2 2 7 8 5 4 9 9 10 5 10 9 11 11 12 10 14 10 12 12 13 14 6 5 10 10 14 6 16 6 14 14 15 16 15 14 13 13 17 15 19 15 17 17 18 19 20 16 15 15 19 20 22 8 7 7 21 22 21 7 6 6 16 21 23 21 16 16 20 23 24 22 21 21 23 24 1 0 25 25 26 1 26 25 27 27 28 26 30 26 28 28 29 30 4 1 26 26 30 4 28 27 31 31 32 28 32 31 33 33 34 32 36 32 34 34 35 36 29 28 32 32 36 29 38 29 36 36 37 38 37 36 35 35 39 37 41 37 39 39 40 41 42 38 37 37 41 42 9 4 30 30 43 9 43 30 29 29 38 43 44 43 38 38 42 44 11 9 43 43 44 11 
						25 0 45 45 46 25 46 45 47 47 48 46 50 46 48 48 49 50 27 25 46 46 50 27 48 47 51 51 52 48 52 51 53 53 54 52 56 52 54 54 55 56 49 48 52 52 56 49 58 49 56 56 57 58 57 56 55 55 59 57 61 57 59 59 60 61 62 58 57 57 61 62 31 27 50 50 63 31 63 50 49 49 58 63 64 63 58 58 62 64 33 31 63 63 64 33 45 0 3 3 65 45 65 3 8 8 66 65 68 65 66 66 67 68 47 45 65 65 68 47 66 8 22 22 69 66 69 22 24 24 70 69 72 69 70 70 71 72 67 66 69 69 72 67 74 67 72 72 73 74 73 72 71 71 75 73 77 73 75 75 76 77 78 74 73 73 77 78 51 47 68 68 79 51 79 68 67 67 74 79 80 79 74 74 78 80 53 51 79 79 80 53 
						84 81 82 82 83 84 83 82 85 85 86 83 88 83 86 86 87 88 89 84 83 83 88 89 86 85 90 90 91 86 91 90 92 92 93 91 95 91 93 93 94 95 87 86 91 91 95 87 97 87 95 95 96 97 96 95 94 94 98 96 100 96 98 98 99 100 101 97 96 96 100 101 103 89 88 88 102 103 102 88 87 87 97 102 104 102 97 97 101 104 105 103 102 102 104 105 82 81 106 106 107 82 106 108 109 106 109 107 111 107 109 109 110 111 85 82 107 107 111 85 109 108 112 112 113 109 113 112 114 114 115 113 117 113 115 115 116 117 110 109 113 113 117 110 119 110 117 117 118 119 118 117 116 116 120 118 122 118 120 120 121 122 123 119 118 118 122 123 90 85 111 111 124 90 124 111 110 110 119 124 125 124 119 119 123 125 92 90 124 124 125 92 
						106 81 126 126 127 106 127 126 128 128 129 127 131 127 129 129 130 131 108 106 127 127 131 108 129 128 132 132 133 129 133 132 134 134 135 133 137 133 135 135 136 137 130 129 133 133 137 130 139 130 137 137 138 139 138 137 136 136 140 138 142 138 140 140 141 142 143 139 138 138 142 143 112 108 131 131 144 112 144 131 130 130 139 144 145 144 139 139 143 145 114 112 144 144 145 114 126 81 84 84 146 126 146 84 89 89 147 146 149 146 147 147 148 149 128 126 146 146 149 128 147 89 103 103 150 147 150 103 105 105 151 150 153 150 151 151 152 153 148 147 150 150 153 148 155 148 153 153 154 155 154 153 152 152 156 154 158 154 156 156 157 158 159 155 154 154 158 159 132 128 149 149 160 132 160 149 148 148 155 160 161 160 155 155 159 161 134 132 160 160 161 134 
						151 105 162 162 163 151 163 162 164 164 165 163 167 163 165 165 166 167 152 151 163 163 167 152 165 164 168 168 169 165 169 168 170 170 171 169 173 169 171 171 172 173 166 165 169 169 173 166 175 166 173 173 174 175 174 173 172 172 176 174 178 174 176 176 177 178 179 175 174 174 178 179 156 152 167 167 180 156 180 167 166 166 175 180 181 180 175 175 179 181 157 156 180 180 181 157 162 105 104 104 182 162 182 104 101 101 183 182 185 182 183 183 184 185 164 162 182 182 185 164 183 101 100 100 186 183 186 100 99 99 187 186 189 186 187 187 188 189 184 183 186 186 189 184 191 184 189 189 190 191 190 189 188 188 192 190 194 190 192 192 193 194 195 191 190 190 194 195 168 164 185 185 196 168 196 185 184 184 191 196 197 196 191 191 195 197 170 168 196 196 197 170 
						201 198 199 199 200 201 200 199 202 202 203 200 205 200 203 203 204 205 206 201 200 200 205 206 203 202 207 207 208 203 208 207 209 209 210 208 212 208 210 210 211 212 204 203 208 208 212 204 214 204 212 212 213 214 213 212 211 211 215 213 217 213 215 215 216 217 218 214 213 213 217 218 220 206 205 205 219 220 219 205 204 204 214 219 221 219 214 214 218 221 222 220 219 219 221 222 199 198 223 223 224 199 224 223 225 225 226 224 228 224 226 226 227 228 202 199 224 224 228 202 226 225 229 229 230 226 230 229 231 231 232 230 234 230 232 232 233 234 227 226 230 230 234 227 236 227 234 234 235 236 235 234 233 233 237 235 239 235 237 237 238 239 240 236 235 235 239 240 207 202 228 228 241 207 241 228 227 227 236 241 242 241 236 236 240 242 209 207 241 241 242 209 
						223 198 243 243 244 223 244 243 245 245 246 244 248 244 246 246 247 248 225 223 244 244 248 225 246 245 249 249 250 246 250 249 251 251 252 250 254 250 252 252 253 254 247 246 250 250 254 247 256 247 254 254 255 256 255 254 253 253 257 255 259 255 257 257 258 259 260 256 255 255 259 260 229 225 248 248 261 229 261 248 247 247 256 261 262 261 256 256 260 262 231 229 261 261 262 231 243 198 201 201 263 243 263 201 206 206 264 263 266 263 264 264 265 266 245 243 263 263 266 245 264 206 220 220 267 264 267 220 222 222 268 267 270 267 268 268 269 270 265 264 267 267 270 265 272 265 270 270 271 272 271 270 269 269 273 271 275 271 273 273 274 275 276 272 271 271 275 276 249 245 266 266 277 249 277 266 265 265 272 277 278 277 272 272 276 278 251 249 277 277 278 251 
						282 279 280 280 281 282 281 280 283 283 284 281 286 281 284 284 285 286 287 282 281 281 286 287 284 283 288 288 289 284 289 288 290 290 291 289 293 289 291 291 292 293 285 284 289 289 293 285 295 285 293 293 294 295 294 293 292 292 296 294 298 294 296 296 297 298 299 295 294 294 298 299 301 287 286 286 300 301 300 286 285 285 295 300 302 300 295 295 299 302 303 301 300 300 302 303 280 279 304 304 305 280 305 304 306 306 307 305 309 305 307 307 308 309 283 280 305 305 309 283 307 306 310 310 311 307 311 310 312 312 313 311 315 311 313 313 314 315 308 307 311 311 315 308 317 308 315 315 316 317 316 315 314 314 318 316 320 316 318 318 319 320 321 317 316 316 320 321 288 283 309 309 322 288 322 309 308 308 317 322 323 322 317 317 321 323 290 288 322 322 323 290 
						304 279 324 324 325 304 325 324 326 326 327 325 329 325 327 327 328 329 306 304 325 325 329 306 327 326 330 330 331 327 331 330 332 332 333 331 335 331 333 333 334 335 328 327 331 331 335 328 337 328 335 335 336 337 336 335 334 334 338 336 340 336 338 338 339 340 341 337 336 336 340 341 310 306 329 329 342 310 342 329 328 328 337 342 343 342 337 337 341 343 312 310 342 342 343 312 324 279 282 282 344 324 344 282 287 287 345 344 347 344 345 345 346 347 326 324 344 344 347 326 345 287 301 301 348 345 348 301 303 303 349 348 351 348 349 349 350 351 346 345 348 348 351 346 353 346 351 351 352 353 352 351 350 350 354 352 356 352 354 354 355 356 357 353 352 352 356 357 330 326 347 347 358 330 358 347 346 346 353 358 359 358 353 353 357 359 332 330 358 358 359 332 
						363 360 361 361 362 363 362 361 364 364 365 362 367 362 365 365 366 367 368 363 362 362 367 368 365 364 369 369 370 365 370 369 371 371 372 370 374 370 372 372 373 374 366 365 370 370 374 366 376 366 374 374 375 376 375 374 373 373 377 375 379 375 377 377 378 379 380 376 375 375 379 380 382 368 367 367 381 382 381 367 366 366 376 381 383 381 376 376 380 383 384 382 381 381 383 384 361 360 385 385 386 361 386 385 387 387 388 386 390 386 388 388 389 390 364 361 386 386 390 364 388 387 391 391 392 388 392 391 393 393 394 392 396 392 394 394 395 396 389 388 392 392 396 389 398 389 396 396 397 398 397 396 395 395 399 397 401 397 399 399 400 401 402 398 397 397 401 402 369 364 390 390 403 369 403 390 389 389 398 403 404 403 398 398 402 404 371 369 403 403 404 371 
						385 360 405 405 406 385 406 405 407 407 408 406 410 406 408 408 409 410 387 385 406 406 410 387 408 407 411 411 412 408 412 411 18 18 413 412 415 412 413 413 414 415 409 408 412 412 415 409 417 409 415 415 416 417 416 415 414 414 418 416 420 416 418 418 419 420 421 417 416 416 420 421 391 387 410 410 422 391 422 410 409 409 417 422 423 422 417 417 421 423 393 391 422 422 423 393 405 360 363 363 424 405 424 363 368 368 425 424 427 424 425 425 426 427 407 405 424 424 427 407 425 368 382 382 428 425 428 382 384 384 429 428 431 428 429 429 430 431 426 425 428 428 431 426 433 426 431 431 432 433 432 431 430 430 434 432 23 432 434 434 24 23 20 433 432 432 23 20 411 407 427 427 435 411 435 427 426 426 433 435 19 435 433 433 20 19 18 411 435 435 19 18 
						439 436 437 437 438 439 438 437 440 440 441 438 443 438 441 441 442 443 444 439 438 438 443 444 441 440 445 445 446 441 446 445 447 447 448 446 450 446 448 448 449 450 442 441 446 446 450 442 452 442 450 450 451 452 451 450 449 449 453 451 455 451 453 453 454 455 456 452 451 451 455 456 458 444 443 443 457 458 457 443 442 442 452 457 459 457 452 452 456 459 460 458 457 457 459 460 437 436 461 461 462 437 462 461 463 463 464 462 466 462 464 464 465 466 440 437 462 462 466 440 464 463 467 467 468 464 468 467 469 469 470 468 472 468 470 470 471 472 465 464 468 468 472 465 474 465 472 472 473 474 473 472 471 471 475 473 477 473 475 475 476 477 478 474 473 473 477 478 445 440 466 466 479 445 479 466 465 465 474 479 480 479 474 474 478 480 447 445 479 479 480 447 
						461 436 481 481 482 461 482 481 483 483 484 482 486 482 484 484 485 486 463 461 482 482 486 463 484 483 487 487 488 484 488 487 489 489 490 488 492 488 490 490 491 492 485 484 488 488 492 485 494 485 492 492 493 494 493 492 491 491 495 493 497 493 495 495 496 497 498 494 493 493 497 498 467 463 486 486 499 467 499 486 485 485 494 499 500 499 494 494 498 500 469 467 499 499 500 469 481 436 439 439 501 481 501 439 444 444 502 501 504 501 502 502 503 504 483 481 501 501 504 483 502 444 458 458 505 502 505 458 460 460 506 505 508 505 506 506 507 508 503 502 505 505 508 503 510 503 508 508 509 510 509 508 507 507 511 509 512 509 511 511 99 512 513 510 509 509 512 513 487 483 504 504 514 487 514 504 503 503 510 514 515 514 510 510 513 515 489 487 514 514 515 489 
						490 489 516 516 517 490 517 516 518 518 519 517 521 517 519 519 520 521 491 490 517 517 521 491 519 518 522 522 523 519 523 522 524 524 525 523 527 523 525 525 526 527 520 519 523 523 527 520 529 520 527 527 528 529 528 527 526 526 530 528 532 528 530 530 531 532 533 529 528 528 532 533 495 491 521 521 534 495 534 521 520 520 529 534 535 534 529 529 533 535 496 495 534 534 535 496 516 489 515 515 536 516 536 515 513 513 537 536 539 536 537 537 538 539 518 516 536 536 539 518 537 513 512 512 540 537 540 512 99 99 98 540 541 540 98 98 94 541 538 537 540 540 541 538 543 538 541 541 542 543 542 541 94 94 93 542 544 542 93 93 92 544 545 543 542 542 544 545 522 518 539 539 546 522 546 539 538 538 543 546 547 546 543 543 545 547 524 522 546 546 547 524 
						549 355 354 354 548 549 548 354 350 350 550 548 552 548 550 550 551 552 553 549 548 548 552 553 550 350 349 349 554 550 554 349 303 303 555 554 557 554 555 555 556 557 551 550 554 554 557 551 559 551 557 557 558 559 558 557 556 556 560 558 562 558 560 560 561 562 563 559 558 558 562 563 565 553 552 552 564 565 564 552 551 551 559 564 566 564 559 559 563 566 567 565 564 564 566 567 356 355 568 568 569 356 569 568 570 570 571 569 573 569 571 571 572 573 357 356 569 569 573 357 571 570 574 574 575 571 575 574 576 576 577 575 579 575 577 577 578 579 572 571 575 575 579 572 581 572 579 579 580 581 580 579 578 578 582 580 584 580 582 582 583 584 585 581 580 580 584 585 359 357 573 573 586 359 586 573 572 572 581 586 587 586 581 581 585 587 332 359 586 586 587 332 
						568 355 549 549 588 568 588 549 553 553 589 588 591 588 589 589 590 591 570 568 588 588 591 570 565 567 592 592 593 565 593 592 594 594 595 593 589 593 595 595 590 589 553 565 593 593 589 553 599 596 597 597 598 599 598 597 600 600 601 598 595 598 601 601 590 595 594 599 598 598 595 594 605 602 603 603 604 605 604 603 606 606 607 604 601 604 607 607 590 601 600 605 604 604 601 600 609 576 574 574 608 609 608 574 570 570 591 608 607 608 591 591 590 607 606 609 608 608 607 606 611 216 215 215 610 611 610 215 211 211 612 610 614 610 612 612 613 614 615 611 610 610 614 615 612 211 210 210 616 612 616 210 209 209 242 616 617 616 242 242 240 617 613 612 616 616 617 613 619 613 617 617 618 619 618 617 240 240 239 618 620 618 239 239 238 620 621 619 618 618 620 621 
						623 615 614 614 622 623 622 614 613 613 619 622 624 622 619 619 621 624 625 623 622 622 624 625 217 216 626 626 627 217 627 626 628 628 629 627 631 627 629 629 630 631 218 217 627 627 631 218 629 628 632 632 633 629 633 632 634 634 635 633 637 633 635 635 636 637 630 629 633 633 637 630 639 630 637 637 638 639 638 637 636 636 640 638 642 638 640 640 641 642 643 639 638 638 642 643 221 218 631 631 644 221 644 631 630 630 639 644 645 644 639 639 643 645 222 221 644 644 645 222 626 216 611 611 646 626 646 611 615 615 647 646 649 646 647 647 648 649 628 626 646 646 649 628 647 615 623 623 650 647 650 623 625 625 651 650 653 650 651 651 652 653 648 647 650 650 653 648 655 648 653 653 654 655 654 653 652 652 656 654 658 654 656 656 657 658 659 655 654 654 658 659 
						632 628 649 649 660 632 660 649 648 648 655 660 661 660 655 655 659 661 634 632 660 660 661 634 525 524 662 662 663 525 663 662 664 664 665 663 667 663 665 665 666 667 526 525 663 663 667 526 665 664 668 668 669 665 669 668 670 670 671 669 673 669 671 671 672 673 666 665 669 669 673 666 675 666 673 673 674 675 674 673 672 672 676 674 678 674 676 676 677 678 679 675 674 674 678 679 530 526 667 667 680 530 680 667 666 666 675 680 681 680 675 675 679 681 531 530 680 680 681 531 662 524 547 547 682 662 682 547 545 545 683 682 685 682 683 683 684 685 664 662 682 682 685 664 683 545 544 544 686 683 686 544 92 92 125 686 687 686 125 125 123 687 684 683 686 686 687 684 689 684 687 687 688 689 688 687 123 123 122 688 690 688 122 122 121 690 691 689 688 688 690 691 
						668 664 685 685 692 668 692 685 684 684 689 692 693 692 689 689 691 693 670 668 692 692 693 670 413 18 17 17 694 413 694 17 13 13 695 694 697 694 695 695 696 697 414 413 694 694 697 414 12 11 698 698 699 12 699 698 700 700 701 699 695 699 701 701 696 695 13 12 699 699 695 13 705 702 703 703 704 705 704 703 706 706 707 704 701 704 707 707 696 701 700 705 704 704 701 700 711 708 709 709 710 711 710 709 712 712 713 710 707 710 713 713 696 707 706 711 710 710 707 706 715 419 418 418 714 715 714 418 414 414 697 714 713 714 697 697 696 713 712 715 714 714 713 712 719 716 717 717 718 719 718 717 720 720 721 718 723 718 721 721 722 723 724 719 718 718 723 724 721 720 725 725 726 721 726 725 33 33 64 726 727 726 64 64 62 727 722 721 726 726 727 722 
						729 722 727 727 728 729 728 727 62 62 61 728 730 728 61 61 60 730 731 729 728 728 730 731 733 724 723 723 732 733 732 723 722 722 729 732 734 732 729 729 731 734 735 733 732 732 734 735 717 716 736 736 737 717 737 736 738 738 739 737 741 737 739 739 740 741 720 717 737 737 741 720 739 738 742 742 743 739 743 742 744 744 745 743 747 743 745 745 746 747 740 739 743 743 747 740 749 740 747 747 748 749 748 747 746 746 750 748 39 748 750 750 40 39 35 749 748 748 39 35 725 720 741 741 751 725 751 741 740 740 749 751 34 751 749 749 35 34 33 725 751 751 34 33 736 716 752 752 753 736 757 754 755 755 756 757 759 757 756 756 758 759 738 736 753 753 760 738 756 755 761 761 762 756 762 761 141 141 763 762 765 762 763 763 764 765 758 756 762 762 765 758 
						767 758 765 765 766 767 766 765 764 764 768 766 770 766 768 768 769 770 771 767 766 766 770 771 742 738 760 760 772 742 773 759 758 758 767 773 774 773 767 767 771 774 744 742 772 772 775 744 752 716 719 719 776 752 776 719 724 724 777 776 781 778 779 779 780 781 755 754 778 778 781 755 777 724 733 733 782 777 782 733 735 735 783 782 787 784 785 785 786 787 780 779 784 784 787 780 789 780 787 787 788 789 788 787 786 786 790 788 145 788 790 790 114 145 143 789 788 788 145 143 761 755 781 781 791 761 791 781 780 780 789 791 142 791 789 789 143 142 141 761 791 791 142 141 795 792 793 793 794 795 794 793 796 796 797 794 801 798 799 799 800 801 803 802 798 798 801 803 797 796 804 804 805 797 805 804 806 806 807 805 811 808 809 809 810 811 800 799 808 808 811 800 
						813 800 811 811 812 813 812 811 810 810 814 812 318 812 814 814 319 318 314 813 812 812 318 314 816 803 801 801 815 816 815 801 800 800 813 815 313 815 813 813 314 313 312 816 815 815 313 312 793 792 817 817 818 793 818 817 819 819 820 818 822 818 820 820 821 822 796 793 818 818 822 796 820 819 823 823 824 820 824 823 825 825 826 824 828 824 826 826 827 828 821 820 824 824 828 821 830 821 828 828 829 830 829 828 827 827 831 829 833 829 831 831 832 833 834 830 829 829 833 834 804 796 822 822 835 804 835 822 821 821 830 835 836 835 830 830 834 836 806 804 835 835 836 806 817 792 837 837 838 817 838 837 839 839 840 838 842 838 840 840 841 842 819 817 838 838 842 819 840 839 843 843 844 840 844 843 845 845 846 844 848 844 846 846 847 848 841 840 844 844 848 841 
						850 841 848 848 849 850 849 848 847 847 851 849 853 849 851 851 852 853 854 850 849 849 853 854 823 819 842 842 855 823 855 842 841 841 850 855 856 855 850 850 854 856 825 823 855 855 856 825 837 792 795 795 857 837 859 802 803 803 858 859 861 859 858 858 860 861 839 837 857 857 862 839 858 803 816 816 863 858 863 816 312 312 343 863 864 863 343 343 341 864 860 858 863 863 864 860 866 860 864 864 865 866 865 864 341 341 340 865 867 865 340 340 339 867 868 866 865 865 867 868 843 839 862 862 869 843 870 861 860 860 866 870 871 870 866 866 868 871 845 843 869 869 872 845 232 231 873 873 874 232 874 873 875 875 876 874 878 874 876 876 877 878 233 232 874 874 878 233 876 875 879 879 880 876 880 879 881 881 882 880 884 880 882 882 883 884 877 876 880 880 884 877 
						886 877 884 884 885 886 885 884 883 883 887 885 889 885 887 887 888 889 890 886 885 885 889 890 237 233 878 878 891 237 891 878 877 877 886 891 892 891 886 886 890 892 238 237 891 891 892 238 873 231 262 262 893 873 893 262 260 260 894 893 896 893 894 894 895 896 875 873 893 893 896 875 894 260 259 259 897 894 897 259 258 258 898 897 900 897 898 898 899 900 895 894 897 897 900 895 902 895 900 900 901 902 901 900 899 899 903 901 905 901 903 903 904 905 906 902 901 901 905 906 879 875 896 896 907 879 907 896 895 895 902 907 908 907 902 902 906 908 881 879 907 907 908 881 912 909 910 910 911 912 911 910 913 913 914 911 916 911 914 914 915 916 917 912 911 911 916 917 914 913 918 918 919 914 919 918 920 920 921 919 923 919 921 921 922 923 915 914 919 919 923 915 
						925 915 923 923 924 925 924 923 922 922 926 924 928 924 926 926 927 928 929 925 924 924 928 929 931 917 916 916 930 931 930 916 915 915 925 930 932 930 925 925 929 932 933 931 930 930 932 933 910 909 934 934 935 910 935 934 936 936 937 935 939 935 937 937 938 939 913 910 935 935 939 913 937 936 940 940 941 937 941 940 942 942 943 941 945 941 943 943 944 945 938 937 941 941 945 938 947 938 945 945 946 947 946 945 944 944 948 946 950 946 948 948 949 950 951 947 946 946 950 951 918 913 939 939 952 918 952 939 938 938 947 952 953 952 947 947 951 953 920 918 952 952 953 920 934 909 954 954 955 934 959 956 957 957 958 959 961 959 958 958 960 961 936 934 955 955 962 936 958 957 963 963 964 958 964 963 677 677 676 964 965 964 676 676 672 965 960 958 964 964 965 960 
						967 960 965 965 966 967 966 965 672 672 671 966 968 966 671 671 670 968 969 967 966 966 968 969 940 936 962 962 970 940 971 961 960 960 967 971 972 971 967 967 969 972 942 940 970 970 973 942 954 909 912 912 974 954 974 912 917 917 975 974 979 976 977 977 978 979 957 956 976 976 979 957 975 917 931 931 980 975 980 931 933 933 981 980 985 982 983 983 984 985 978 977 982 982 985 978 987 978 985 985 986 987 986 985 984 984 988 986 990 986 988 988 989 990 991 987 986 986 990 991 963 957 979 979 992 963 992 979 978 978 987 992 993 992 987 987 991 993 677 963 992 992 993 677 996 602 994 994 995 996 995 994 997 997 998 995 1000 995 998 998 999 1000 1001 996 995 995 1000 1001 998 997 1002 1002 1003 998 1003 1002 1004 1004 1005 1003 1007 1003 1005 1005 1006 1007 999 998 1003 1003 1007 999 
						1009 999 1007 1007 1008 1009 1008 1007 1006 1006 1010 1008 535 1008 1010 1010 496 535 533 1009 1008 1008 535 533 1012 1001 1000 1000 1011 1012 1011 1000 999 999 1009 1011 532 1011 1009 1009 533 532 531 1012 1011 1011 532 531 994 602 605 605 1013 994 1013 605 600 600 1014 1013 1016 1013 1014 1014 1015 1016 997 994 1013 1013 1016 997 1014 600 597 597 1017 1014 1017 597 596 596 1018 1017 1020 1017 1018 1018 1019 1020 1015 1014 1017 1017 1020 1015 1022 1015 1020 1020 1021 1022 1021 1020 1019 1019 1023 1021 1025 1021 1023 1023 1024 1025 1026 1022 1021 1021 1025 1026 1002 997 1016 1016 1027 1002 1027 1016 1015 1015 1022 1027 1028 1027 1022 1022 1026 1028 1004 1002 1027 1027 1028 1004 603 602 996 996 1029 603 1029 996 1001 1001 1030 1029 1032 1029 1030 1030 1031 1032 606 603 1029 1029 1032 606 1030 1001 1012 1012 1033 1030 1033 1012 531 531 1034 1033 1036 1033 1034 1034 1035 1036 1031 1030 1033 1033 1036 1031 
						1038 1031 1036 1036 1037 1038 1037 1036 1035 1035 1039 1037 582 1037 1039 1039 583 582 578 1038 1037 1037 582 578 609 606 1032 1032 1040 609 1040 1032 1031 1031 1038 1040 577 1040 1038 1038 578 577 576 609 1040 1040 577 576 1005 1004 1041 1041 1042 1005 1042 1041 1043 1043 1044 1042 1046 1042 1044 1044 1045 1046 1006 1005 1042 1042 1046 1006 1044 1043 1047 1047 1048 1044 1048 1047 1049 1049 1050 1048 1052 1048 1050 1050 1051 1052 1045 1044 1048 1048 1052 1045 1054 1045 1052 1052 1053 1054 1053 1052 1051 1051 1055 1053 500 1053 1055 1055 469 500 498 1054 1053 1053 500 498 1010 1006 1046 1046 1056 1010 1056 1046 1045 1045 1054 1056 497 1056 1054 1054 498 497 496 1010 1056 1056 497 496 1041 1004 1028 1028 1057 1041 1057 1028 1026 1026 1058 1057 1060 1057 1058 1058 1059 1060 1043 1041 1057 1057 1060 1043 1058 1026 1025 1025 1061 1058 1061 1025 1024 1024 1062 1061 1064 1061 1062 1062 1063 1064 1059 1058 1061 1061 1064 1059 
						1066 1059 1064 1064 1065 1066 1065 1064 1063 1063 1067 1065 1069 1065 1067 1067 1068 1069 1070 1066 1065 1065 1069 1070 1047 1043 1060 1060 1071 1047 1071 1060 1059 1059 1066 1071 1072 1071 1066 1066 1070 1072 1049 1047 1071 1071 1072 1049 158 157 1073 1073 1074 158 1074 1073 1075 1075 1076 1074 1078 1074 1076 1076 1077 1078 159 158 1074 1074 1078 159 1076 1075 1079 1079 1080 1076 1080 1079 1081 1081 1082 1080 1084 1080 1082 1082 1083 1084 1077 1076 1080 1080 1084 1077 1086 1077 1084 1084 1085 1086 1085 1084 1083 1083 1087 1085 1089 1085 1087 1087 1088 1089 1090 1086 1085 1085 1089 1090 161 159 1078 1078 1091 161 1091 1078 1077 1077 1086 1091 1092 1091 1086 1086 1090 1092 134 161 1091 1091 1092 134 1073 157 181 181 1093 1073 1093 181 179 179 1094 1093 1096 1093 1094 1094 1095 1096 1075 1073 1093 1093 1096 1075 1094 179 178 178 1097 1094 1097 178 177 177 1098 1097 1100 1097 1098 1098 1099 1100 1095 1094 1097 1097 1100 1095 
						1102 1095 1100 1100 1101 1102 1101 1100 1099 1099 1103 1101 1105 1101 1103 1103 1104 1105 1106 1102 1101 1101 1105 1106 1079 1075 1096 1096 1107 1079 1107 1096 1095 1095 1102 1107 1108 1107 1102 1102 1106 1108 1081 1079 1107 1107 1108 1081 1112 1109 1110 1110 1111 1112 1111 1110 1113 1113 1114 1111 1116 1111 1114 1114 1115 1116 1117 1112 1111 1111 1116 1117 1114 1113 1118 1118 1119 1114 1119 1118 1120 1120 1121 1119 1123 1119 1121 1121 1122 1123 1115 1114 1119 1119 1123 1115 1125 1115 1123 1123 1124 1125 1124 1123 1122 1122 1126 1124 1128 1124 1126 1126 1127 1128 1129 1125 1124 1124 1128 1129 1131 1117 1116 1116 1130 1131 1130 1116 1115 1115 1125 1130 1132 1130 1125 1125 1129 1132 1133 1131 1130 1130 1132 1133 1110 1109 1134 1134 1135 1110 1135 1134 1136 1136 1137 1135 1139 1135 1137 1137 1138 1139 1113 1110 1135 1135 1139 1113 1137 1136 1140 1140 1141 1137 1141 1140 1142 1142 1143 1141 1145 1141 1143 1143 1144 1145 1138 1137 1141 1141 1145 1138 
						1147 1138 1145 1145 1146 1147 1146 1145 1144 1144 1148 1146 1150 1146 1148 1148 1149 1150 1151 1147 1146 1146 1150 1151 1118 1113 1139 1139 1152 1118 1152 1139 1138 1138 1147 1152 1153 1152 1147 1147 1151 1153 1120 1118 1152 1152 1153 1120 1134 1109 1154 1154 1155 1134 1155 1154 1156 1156 1157 1155 1159 1155 1157 1157 1158 1159 1136 1134 1155 1155 1159 1136 1157 1156 1160 1160 1161 1157 1161 1160 1162 1162 1163 1161 1165 1161 1163 1163 1164 1165 1158 1157 1161 1161 1165 1158 1167 1158 1165 1165 1166 1167 1166 1165 1164 1164 1168 1166 1170 1166 1168 1168 1169 1170 1171 1167 1166 1166 1170 1171 1140 1136 1159 1159 1172 1140 1172 1159 1158 1158 1167 1172 1173 1172 1167 1167 1171 1173 1142 1140 1172 1172 1173 1142 1154 1109 1112 1112 1174 1154 1174 1112 1117 1117 1175 1174 1177 1174 1175 1175 1176 1177 1156 1154 1174 1174 1177 1156 1175 1117 1131 1131 1178 1175 1178 1131 1133 1133 1179 1178 1181 1178 1179 1179 1180 1181 1176 1175 1178 1178 1181 1176 
						1183 1176 1181 1181 1182 1183 1182 1181 1180 1180 1184 1182 1186 1182 1184 1184 1185 1186 1187 1183 1182 1182 1186 1187 1160 1156 1177 1177 1188 1160 1188 1177 1176 1176 1183 1188 1189 1188 1183 1183 1187 1189 1162 1160 1188 1188 1189 1162 1193 1190 1191 1191 1192 1193 1192 1191 1194 1194 1195 1192 1197 1192 1195 1195 1196 1197 1198 1193 1192 1192 1197 1198 1195 1194 1199 1199 1200 1195 1200 1199 927 927 926 1200 1201 1200 926 926 922 1201 1196 1195 1200 1200 1201 1196 1203 1196 1201 1201 1202 1203 1202 1201 922 922 921 1202 1204 1202 921 921 920 1204 1205 1203 1202 1202 1204 1205 1207 1198 1197 1197 1206 1207 1206 1197 1196 1196 1203 1206 1208 1206 1203 1203 1205 1208 1185 1207 1206 1206 1208 1185 1191 1190 1209 1209 1210 1191 1210 1209 1211 1211 1212 1210 1214 1210 1212 1212 1213 1214 1194 1191 1210 1210 1214 1194 1218 1215 1216 1216 1217 1218 1217 1216 1219 1219 1220 1217 1212 1217 1220 1220 1213 1212 1211 1218 1217 1217 1212 1211 
						1224 1221 1222 1222 1223 1224 1223 1222 1225 1225 1226 1223 1220 1223 1226 1226 1213 1220 1219 1224 1223 1223 1220 1219 1229 852 1227 1227 1228 1229 1228 1227 1230 1230 1231 1228 1226 1228 1231 1231 1213 1226 1225 1229 1228 1228 1226 1225 1233 927 1199 1199 1232 1233 1232 1199 1194 1194 1214 1232 1231 1232 1214 1214 1213 1231 1230 1233 1232 1232 1231 1230 1050 1049 1234 1234 1235 1050 1235 1234 1236 1236 1237 1235 1239 1235 1237 1237 1238 1239 1051 1050 1235 1235 1239 1051 1237 1236 1240 1240 1241 1237 1241 1240 1242 1242 1243 1241 1245 1241 1243 1243 1244 1245 1238 1237 1241 1241 1245 1238 1247 1238 1245 1245 1246 1247 1246 1245 1244 1244 1248 1246 475 1246 1248 1248 476 475 471 1247 1246 1246 475 471 1055 1051 1239 1239 1249 1055 1249 1239 1238 1238 1247 1249 470 1249 1247 1247 471 470 469 1055 1249 1249 470 469 584 583 1250 1250 1251 584 1251 1250 1252 1252 1253 1251 1251 1253 1254 1251 1254 1255 585 584 1251 1251 1255 585 
						1253 1252 1256 1256 1257 1253 1257 1256 989 989 1258 1257 1260 1257 1258 1258 1259 1260 1254 1253 1257 1257 1260 1254 1262 1254 1260 1260 1261 1262 1261 1260 1259 1259 1263 1261 338 1261 1263 1263 339 338 334 1262 1261 1261 338 334 587 585 1255 1255 1264 587 1264 1255 1254 1254 1262 1264 333 1264 1262 1262 334 333 332 587 1264 1264 333 332 1250 583 1039 1039 1265 1250 1265 1039 1035 1035 1266 1265 1268 1265 1266 1266 1267 1268 1252 1250 1265 1265 1268 1252 1266 1035 1034 1034 1269 1266 1269 1034 531 531 681 1269 1270 1269 681 681 679 1270 1267 1266 1269 1269 1270 1267 1272 1267 1270 1270 1271 1272 1271 1270 679 679 678 1271 993 1271 678 678 677 993 991 1272 1271 1271 993 991 1256 1252 1268 1268 1273 1256 1273 1268 1267 1267 1272 1273 990 1273 1272 1272 991 990 989 1256 1273 1273 990 989 1275 53 80 80 1274 1275 1274 80 78 78 1276 1274 1278 1274 1276 1276 1277 1278 1279 1275 1274 1274 1278 1279 
						1276 78 77 77 1280 1276 1280 77 76 76 1281 1280 1283 1280 1281 1281 1282 1283 1277 1276 1280 1280 1283 1277 1285 1277 1283 1283 1284 1285 1284 1283 1282 1282 1286 1284 1288 1284 1286 1286 1287 1288 1289 1285 1284 1284 1288 1289 1291 1279 1278 1278 1290 1291 1290 1278 1277 1277 1285 1290 1292 1290 1285 1285 1289 1292 1169 1291 1290 1290 1292 1169 54 53 1275 1275 1293 54 1293 1275 1279 1279 1294 1293 1296 1293 1294 1294 1295 1296 55 54 1293 1293 1296 55 1294 1279 1291 1291 1297 1294 1297 1291 1169 1169 1298 1297 1300 1297 1298 1298 1299 1300 1295 1294 1297 1297 1300 1295 1302 1295 1300 1300 1301 1302 1301 1300 1299 1299 1303 1301 1305 1301 1303 1303 1304 1305 1306 1302 1301 1301 1305 1306 59 55 1296 1296 1307 59 1307 1296 1295 1295 1302 1307 1308 1307 1302 1302 1306 1308 60 59 1307 1307 1308 60 275 274 1309 1309 1310 275 1310 1309 1311 1311 1312 1310 1314 1310 1312 1312 1313 1314 276 275 1310 1310 1314 276 
						1312 1311 1315 1315 1316 1312 1316 1315 297 297 1317 1316 1319 1316 1317 1317 1318 1319 1313 1312 1316 1316 1319 1313 1321 1313 1319 1319 1320 1321 1320 1319 1318 1318 1322 1320 1323 1320 1322 1322 1081 1323 1324 1321 1320 1320 1323 1324 278 276 1314 1314 1325 278 1325 1314 1313 1313 1321 1325 1326 1325 1321 1321 1324 1326 251 278 1325 1325 1326 251 1309 274 1327 1327 1328 1309 1328 1327 1329 1329 1330 1328 1332 1328 1330 1330 1331 1332 1311 1309 1328 1328 1332 1311 1336 1333 1334 1334 1335 1336 1335 1334 1337 1337 1338 1335 1330 1335 1338 1338 1331 1330 1329 1336 1335 1335 1330 1329 1342 1339 1340 1340 1341 1342 1341 1340 1343 1343 1344 1341 1338 1341 1344 1344 1331 1338 1337 1342 1341 1341 1338 1337 1346 303 302 302 1345 1346 1345 302 299 299 1347 1345 1344 1345 1347 1347 1331 1344 1343 1346 1345 1345 1344 1343 298 297 1315 1315 1348 298 1348 1315 1311 1311 1332 1348 1347 1348 1332 1332 1331 1347 299 298 1348 1348 1347 299 
						1327 274 273 273 1349 1327 1349 273 269 269 1350 1349 1352 1349 1350 1350 1351 1352 1329 1327 1349 1349 1352 1329 1350 269 268 268 1353 1350 1353 268 222 222 645 1353 1354 1353 645 645 643 1354 1351 1350 1353 1353 1354 1351 1356 1351 1354 1354 1355 1356 1355 1354 643 643 642 1355 1357 1355 642 642 641 1357 1358 1356 1355 1355 1357 1358 1336 1329 1352 1352 1359 1336 1359 1352 1351 1351 1356 1359 1360 1359 1356 1356 1358 1360 1333 1336 1359 1359 1360 1333 135 134 1092 1092 1361 135 1361 1092 1090 1090 1362 1361 1364 1361 1362 1362 1363 1364 136 135 1361 1361 1364 136 1362 1090 1089 1089 1365 1362 1365 1089 1088 1088 1366 1365 1368 1365 1366 1366 1367 1368 1363 1362 1365 1365 1368 1363 1370 1363 1368 1368 1369 1370 1369 1368 1367 1367 1371 1369 768 1369 1371 1371 769 768 764 1370 1369 1369 768 764 140 136 1364 1364 1372 140 1372 1364 1363 1363 1370 1372 763 1372 1370 1370 764 763 141 140 1372 1372 763 141 
						1376 1373 1374 1374 1375 1376 1375 1374 1377 1377 1378 1375 1380 1375 1378 1378 1379 1380 1381 1376 1375 1375 1380 1381 1378 1377 1382 1382 1383 1378 1383 1382 1384 1384 1385 1383 1387 1383 1385 1385 1386 1387 1379 1378 1383 1383 1387 1379 1389 1379 1387 1387 1388 1389 1388 1387 1386 1386 1390 1388 1392 1388 1390 1390 1391 1392 1393 1389 1388 1388 1392 1393 1395 1381 1380 1380 1394 1395 1394 1380 1379 1379 1389 1394 1396 1394 1389 1389 1393 1396 1397 1395 1394 1394 1396 1397 1374 1373 1398 1398 1399 1374 1399 1398 1400 1400 1401 1399 1403 1399 1401 1401 1402 1403 1377 1374 1399 1399 1403 1377 1401 1400 1404 1404 1405 1401 1405 1404 454 454 1406 1405 1408 1405 1406 1406 1407 1408 1402 1401 1405 1405 1408 1402 1410 1402 1408 1408 1409 1410 1409 1408 1407 1407 1411 1409 1413 1409 1411 1411 1412 1413 1414 1410 1409 1409 1413 1414 1382 1377 1403 1403 1415 1382 1415 1403 1402 1402 1410 1415 1416 1415 1410 1410 1414 1416 1384 1382 1415 1415 1416 1384 
						1398 1373 1417 1417 1418 1398 1418 1417 1419 1419 1420 1418 1422 1418 1420 1420 1421 1422 1400 1398 1418 1418 1422 1400 1420 1419 1423 1423 1424 1420 1424 1423 1425 1425 1426 1424 1428 1424 1426 1426 1427 1428 1421 1420 1424 1424 1428 1421 1430 1421 1428 1428 1429 1430 1429 1428 1427 1427 1431 1429 459 1429 1431 1431 460 459 456 1430 1429 1429 459 456 1404 1400 1422 1422 1432 1404 1432 1422 1421 1421 1430 1432 455 1432 1430 1430 456 455 454 1404 1432 1432 455 454 1417 1373 1376 1376 1433 1417 1433 1376 1381 1381 1434 1433 1436 1433 1434 1434 1435 1436 1419 1417 1433 1433 1436 1419 1434 1381 1395 1395 1437 1434 1437 1395 1397 1397 1438 1437 1440 1437 1438 1438 1439 1440 1435 1434 1437 1437 1440 1435 1442 1435 1440 1440 1441 1442 1441 1440 1439 1439 1443 1441 1445 1441 1443 1443 1444 1445 1446 1442 1441 1441 1445 1446 1423 1419 1436 1436 1447 1423 1447 1436 1435 1435 1442 1447 1448 1447 1442 1442 1446 1448 1425 1423 1447 1447 1448 1425 
						506 460 1431 1431 1449 506 1449 1431 1427 1427 1450 1449 1452 1449 1450 1450 1451 1452 507 506 1449 1449 1452 507 1450 1427 1426 1426 1453 1450 1453 1426 1425 1425 1454 1453 1456 1453 1454 1454 1455 1456 1451 1450 1453 1453 1456 1451 1458 1451 1456 1456 1457 1458 1457 1456 1455 1455 1459 1457 192 1457 1459 1459 193 192 188 1458 1457 1457 192 188 511 507 1452 1452 1460 511 1460 1452 1451 1451 1458 1460 187 1460 1458 1458 188 187 99 511 1460 1460 187 99 1462 170 197 197 1461 1462 1461 197 195 195 1463 1461 1465 1461 1463 1463 1464 1465 1466 1462 1461 1461 1465 1466 1463 195 194 194 1467 1463 1467 194 193 193 1468 1467 1470 1467 1468 1468 1469 1470 1464 1463 1467 1467 1470 1464 1472 1464 1470 1470 1471 1472 1471 1470 1469 1469 1473 1471 1475 1471 1473 1473 1474 1475 1476 1472 1471 1471 1475 1476 1478 1466 1465 1465 1477 1478 1477 1465 1464 1464 1472 1477 1479 1477 1472 1472 1476 1479 1480 1478 1477 1477 1479 1480 
						171 170 1462 1462 1481 171 1481 1462 1466 1466 1482 1481 1484 1481 1482 1482 1483 1484 172 171 1481 1481 1484 172 1482 1466 1478 1478 1485 1482 1485 1478 1480 1480 1486 1485 1488 1485 1486 1486 1487 1488 1483 1482 1485 1485 1488 1483 1490 1483 1488 1488 1489 1490 1489 1488 1487 1487 1491 1489 1493 1489 1491 1491 1492 1493 1494 1490 1489 1489 1493 1494 176 172 1484 1484 1495 176 1495 1484 1483 1483 1490 1495 1496 1495 1490 1490 1494 1496 177 176 1495 1495 1496 177 698 11 44 44 1497 698 1497 44 42 42 1498 1497 1500 1497 1498 1498 1499 1500 700 698 1497 1497 1500 700 1498 42 41 41 1501 1498 1501 41 40 40 1502 1501 1504 1501 1502 1502 1503 1504 1499 1498 1501 1501 1504 1499 1506 1499 1504 1504 1505 1506 1505 1504 1503 1503 1507 1505 1508 1505 1507 1507 832 1508 1509 1506 1505 1505 1508 1509 705 700 1500 1500 1510 705 1510 1500 1499 1499 1506 1510 1511 1510 1506 1506 1509 1511 702 705 1510 1510 1511 702 
						1513 806 836 836 1512 1513 1512 836 834 834 1514 1512 1516 1512 1514 1514 1515 1516 1517 1513 1512 1512 1516 1517 1514 834 833 833 1518 1514 1518 833 832 832 1507 1518 1519 1518 1507 1507 1503 1519 1515 1514 1518 1518 1519 1515 1521 1515 1519 1519 1520 1521 1520 1519 1503 1503 1502 1520 750 1520 1502 1502 40 750 746 1521 1520 1520 750 746 1523 1517 1516 1516 1522 1523 1522 1516 1515 1515 1521 1522 745 1522 1521 1521 746 745 744 1523 1522 1522 745 744 807 806 1513 1513 1524 807 1524 1513 1517 1517 1525 1524 1529 1526 1527 1527 1528 1529 810 809 1526 1526 1529 810 1525 1517 1523 1523 1530 1525 1530 1523 744 744 775 1530 1532 1531 774 774 771 1532 1528 1527 1531 1531 1532 1528 1534 1528 1532 1532 1533 1534 1533 1532 771 771 770 1533 1535 1533 770 770 769 1535 1536 1534 1533 1533 1535 1536 814 810 1529 1529 1537 814 1537 1529 1528 1528 1534 1537 1538 1537 1534 1534 1536 1538 319 814 1537 1537 1538 319 
						1540 942 973 973 1539 1540 1542 972 969 969 1541 1542 1544 1542 1541 1541 1543 1544 1546 1540 1539 1539 1545 1546 1541 969 968 968 1547 1541 1547 968 670 670 693 1547 1548 1547 693 693 691 1548 1543 1541 1547 1547 1548 1543 1550 1543 1548 1548 1549 1550 1549 1548 691 691 690 1549 1551 1549 690 690 121 1551 1552 1550 1549 1549 1551 1552 1554 1546 1545 1545 1553 1554 1555 1544 1543 1543 1550 1555 1556 1555 1550 1550 1552 1556 1558 1554 1553 1553 1557 1558 943 942 1540 1540 1559 943 1559 1540 1546 1546 1560 1559 1562 1559 1560 1560 1561 1562 944 943 1559 1559 1562 944 1560 1546 1554 1554 1563 1560 1563 1554 1558 1558 1564 1563 1566 1563 1564 1564 1565 1566 1561 1560 1563 1563 1566 1561 1568 1561 1566 1566 1567 1568 1567 1566 1565 1565 1569 1567 1570 1567 1569 1569 1304 1570 1571 1568 1567 1567 1570 1571 948 944 1562 1562 1572 948 1572 1562 1561 1561 1568 1572 1573 1572 1568 1568 1571 1573 949 948 1572 1572 1573 949 
						1577 1574 1575 1575 1576 1577 1576 1575 1578 1578 1579 1576 1581 1576 1579 1579 1580 1581 1582 1577 1576 1576 1581 1582 1579 1578 1583 1583 1584 1579 1584 1583 1585 1585 1586 1584 1588 1584 1586 1586 1587 1588 1580 1579 1584 1584 1588 1580 1590 1580 1588 1588 1589 1590 1589 1588 1587 1587 1591 1589 1593 1589 1591 1591 1592 1593 1594 1590 1589 1589 1593 1594 1596 1582 1581 1581 1595 1596 1595 1581 1580 1580 1590 1595 1597 1595 1590 1590 1594 1597 1598 1596 1595 1595 1597 1598 1600 1574 1577 1577 1599 1600 1599 1577 1582 1582 1601 1599 1605 1602 1603 1603 1604 1605 1607 1606 1602 1602 1605 1607 1601 1582 1596 1596 1608 1601 1608 1596 1598 1598 1609 1608 1613 1610 1611 1611 1612 1613 1604 1603 1610 1610 1613 1604 1615 1604 1613 1613 1614 1615 1614 1613 1612 1612 1616 1614 1618 1614 1616 1616 1617 1618 1619 1615 1614 1614 1618 1619 1621 1607 1605 1605 1620 1621 1620 1605 1604 1604 1615 1620 1622 1620 1615 1615 1619 1622 1623 1621 1620 1620 1622 1623 
						1625 1598 1597 1597 1624 1625 1624 1597 1594 1594 1626 1624 1628 1624 1626 1626 1627 1628 1629 1625 1624 1624 1628 1629 1626 1594 1593 1593 1630 1626 1630 1593 1592 1592 1631 1630 1633 1630 1631 1631 1632 1633 1627 1626 1630 1630 1633 1627 1635 1627 1633 1633 1634 1635 1634 1633 1632 1632 1636 1634 1638 1634 1636 1636 1637 1638 1639 1635 1634 1634 1638 1639 1641 1629 1628 1628 1640 1641 1640 1628 1627 1627 1635 1640 1642 1640 1635 1635 1639 1642 1643 1641 1640 1640 1642 1643 1609 1598 1625 1625 1644 1609 1644 1625 1629 1629 1645 1644 1649 1646 1647 1647 1648 1649 1612 1611 1646 1646 1649 1612 1645 1629 1641 1641 1650 1645 1650 1641 1643 1643 1651 1650 1655 1652 1653 1653 1654 1655 1648 1647 1652 1652 1655 1648 1657 1648 1655 1655 1656 1657 1656 1655 1654 1654 1658 1656 1660 1656 1658 1658 1659 1660 1661 1657 1656 1656 1660 1661 1616 1612 1649 1649 1662 1616 1662 1649 1648 1648 1657 1662 1663 1662 1657 1657 1661 1663 1617 1616 1662 1662 1663 1617 
						1665 1088 1087 1087 1664 1665 1664 1087 1083 1083 1666 1664 1668 1664 1666 1666 1667 1668 1669 1665 1664 1664 1668 1669 1666 1083 1082 1082 1670 1666 1670 1082 1081 1081 1322 1670 1671 1670 1322 1322 1318 1671 1667 1666 1670 1670 1671 1667 1673 1667 1671 1671 1672 1673 1672 1671 1318 1318 1317 1672 296 1672 1317 1317 297 296 292 1673 1672 1672 296 292 1675 1669 1668 1668 1674 1675 1674 1668 1667 1667 1673 1674 291 1674 1673 1673 292 291 290 1675 1674 1674 291 290 1366 1088 1665 1665 1676 1366 1676 1665 1669 1669 1677 1676 1679 1676 1677 1677 1678 1679 1367 1366 1676 1676 1679 1367 1677 1669 1675 1675 1680 1677 1680 1675 290 290 323 1680 1681 1680 323 323 321 1681 1678 1677 1680 1680 1681 1678 1683 1678 1681 1681 1682 1683 1682 1681 321 321 320 1682 1538 1682 320 320 319 1538 1536 1683 1682 1682 1538 1536 1371 1367 1679 1679 1684 1371 1684 1679 1678 1678 1683 1684 1535 1684 1683 1683 1536 1535 769 1371 1684 1684 1535 769 
						1688 1685 1686 1686 1687 1688 1687 1686 1689 1689 1690 1687 1692 1687 1690 1690 1691 1692 1693 1688 1687 1687 1692 1693 1690 1689 1694 1694 1695 1690 1695 1694 1696 1696 1697 1695 1699 1695 1697 1697 1698 1699 1691 1690 1695 1695 1699 1691 1701 1691 1699 1699 1700 1701 1700 1699 1698 1698 1702 1700 1704 1700 1702 1702 1703 1704 1705 1701 1700 1700 1704 1705 1707 1693 1692 1692 1706 1707 1706 1692 1691 1691 1701 1706 1708 1706 1701 1701 1705 1708 1709 1707 1706 1706 1708 1709 1686 1685 1710 1710 1711 1686 1711 1710 1712 1712 1713 1711 1715 1711 1713 1713 1714 1715 1689 1686 1711 1711 1715 1689 1713 1712 1716 1716 1717 1713 1717 1716 1718 1718 1719 1717 1721 1717 1719 1719 1720 1721 1714 1713 1717 1717 1721 1714 1723 1714 1721 1721 1722 1723 1722 1721 1720 1720 1724 1722 1726 1722 1724 1724 1725 1726 1727 1723 1722 1722 1726 1727 1694 1689 1715 1715 1728 1694 1728 1715 1714 1714 1723 1728 1729 1728 1723 1723 1727 1729 1696 1694 1728 1728 1729 1696 
						1710 1685 1730 1730 1731 1710 1735 1732 1733 1733 1734 1735 1737 1735 1734 1734 1736 1737 1712 1710 1731 1731 1738 1712 1734 1733 1739 1739 1740 1734 1740 1739 1127 1127 1126 1740 1741 1740 1126 1126 1122 1741 1736 1734 1740 1740 1741 1736 1743 1736 1741 1741 1742 1743 1742 1741 1122 1122 1121 1742 1744 1742 1121 1121 1120 1744 1745 1743 1742 1742 1744 1745 1716 1712 1738 1738 1746 1716 1747 1737 1736 1736 1743 1747 1748 1747 1743 1743 1745 1748 1718 1716 1746 1746 1749 1718 1730 1685 1688 1688 1750 1730 1750 1688 1693 1693 1751 1750 1755 1752 1753 1753 1754 1755 1733 1732 1752 1752 1755 1733 1707 1709 1756 1756 1757 1707 1761 1758 1759 1759 1760 1761 1753 1761 1760 1760 1754 1753 1693 1707 1757 1757 1751 1693 1765 1762 1763 1763 1764 1765 1764 1763 1766 1766 1767 1764 1760 1764 1767 1767 1754 1760 1759 1765 1764 1764 1760 1759 1771 1768 1769 1769 1770 1771 1770 1769 1772 1772 1773 1770 1767 1770 1773 1773 1754 1767 1766 1771 1770 1770 1767 1766 
						1775 1127 1739 1739 1774 1775 1774 1739 1733 1733 1755 1774 1773 1774 1755 1755 1754 1773 1772 1775 1774 1774 1773 1772 429 384 1776 1776 1777 429 1777 1776 1778 1778 1779 1777 1781 1777 1779 1779 1780 1781 430 429 1777 1777 1781 430 1779 1778 1782 1782 1783 1779 1783 1782 1784 1784 1785 1783 1787 1783 1785 1785 1786 1787 1780 1779 1783 1783 1787 1780 1789 1780 1787 1787 1788 1789 1788 1787 1786 1786 1790 1788 1792 1788 1790 1790 1791 1792 1793 1789 1788 1788 1792 1793 434 430 1781 1781 1794 434 1794 1781 1780 1780 1789 1794 1795 1794 1789 1789 1793 1795 24 434 1794 1794 1795 24 1776 384 383 383 1796 1776 1796 383 380 380 1797 1796 1799 1796 1797 1797 1798 1799 1778 1776 1796 1796 1799 1778 1797 380 379 379 1800 1797 1800 379 378 378 1801 1800 1803 1800 1801 1801 1802 1803 1798 1797 1800 1800 1803 1798 1805 1798 1803 1803 1804 1805 1804 1803 1802 1802 1806 1804 1808 1804 1806 1806 1807 1808 1809 1805 1804 1804 1808 1809 
						1782 1778 1799 1799 1810 1782 1810 1799 1798 1798 1805 1810 1811 1810 1805 1805 1809 1811 1784 1782 1810 1810 1811 1784 1756 1709 1812 1812 1813 1756 1813 1812 1814 1814 1815 1813 1819 1816 1817 1817 1818 1819 1759 1758 1816 1816 1819 1759 1823 1820 1821 1821 1822 1823 1827 1824 1825 1825 1826 1827 1817 1827 1826 1826 1818 1817 1814 1823 1822 1822 1815 1814 1829 1762 1765 1765 1828 1829 1828 1765 1759 1759 1819 1828 1826 1828 1819 1819 1818 1826 1825 1829 1828 1828 1826 1825 1812 1709 1708 1708 1830 1812 1830 1708 1705 1705 1831 1830 1833 1830 1831 1831 1832 1833 1814 1812 1830 1830 1833 1814 1831 1705 1704 1704 1834 1831 1834 1704 1703 1703 1835 1834 1837 1834 1835 1835 1836 1837 1832 1831 1834 1834 1837 1832 1839 1832 1837 1837 1838 1839 1838 1837 1836 1836 1840 1838 1842 1838 1840 1840 1841 1842 1843 1839 1838 1838 1842 1843 1823 1814 1833 1833 1844 1823 1844 1833 1832 1832 1839 1844 1845 1844 1839 1839 1843 1845 1820 1823 1844 1844 1845 1820 
						1849 1846 1847 1847 1848 1849 1848 1847 1850 1850 1851 1848 1853 1848 1851 1851 1852 1853 1854 1849 1848 1848 1853 1854 1851 1850 1855 1855 1856 1851 1856 1855 1643 1643 1642 1856 1857 1856 1642 1642 1639 1857 1852 1851 1856 1856 1857 1852 1859 1852 1857 1857 1858 1859 1858 1857 1639 1639 1638 1858 1860 1858 1638 1638 1637 1860 1861 1859 1858 1858 1860 1861 1863 1854 1853 1853 1862 1863 1862 1853 1852 1852 1859 1862 1864 1862 1859 1859 1861 1864 1865 1863 1862 1862 1864 1865 1847 1846 1866 1866 1867 1847 1871 1868 1869 1869 1870 1871 1873 1871 1870 1870 1872 1873 1850 1847 1867 1867 1874 1850 1870 1869 1875 1875 1876 1870 1876 1875 1877 1877 1878 1876 1880 1876 1878 1878 1879 1880 1872 1870 1876 1876 1880 1872 1882 1872 1880 1880 1881 1882 1881 1880 1879 1879 1883 1881 1658 1881 1883 1883 1659 1658 1654 1882 1881 1881 1658 1654 1855 1850 1874 1874 1884 1855 1885 1873 1872 1872 1882 1885 1653 1885 1882 1882 1654 1653 1643 1855 1884 1884 1651 1643 
						1866 1846 1886 1886 1887 1866 1887 1886 1888 1888 1889 1887 1893 1890 1891 1891 1892 1893 1869 1868 1890 1890 1893 1869 1889 1888 1894 1894 1895 1889 1895 1894 1896 1896 1897 1895 1901 1898 1899 1899 1900 1901 1892 1891 1898 1898 1901 1892 1903 1892 1901 1901 1902 1903 1902 1901 1900 1900 1904 1902 1905 1902 1904 1904 1149 1905 1906 1903 1902 1902 1905 1906 1875 1869 1893 1893 1907 1875 1907 1893 1892 1892 1903 1907 1908 1907 1903 1903 1906 1908 1877 1875 1907 1907 1908 1877 1886 1846 1849 1849 1909 1886 1909 1849 1854 1854 1910 1909 1912 1909 1910 1910 1911 1912 1888 1886 1909 1909 1912 1888 1910 1854 1863 1863 1913 1910 1913 1863 1865 1865 1914 1913 1916 1913 1914 1914 1915 1916 1911 1910 1913 1913 1916 1911 1918 1911 1916 1916 1917 1918 1917 1916 1915 1915 1919 1917 1920 1917 1919 1919 1412 1920 1921 1918 1917 1917 1920 1921 1894 1888 1912 1912 1922 1894 1922 1912 1911 1911 1918 1922 1923 1922 1918 1918 1921 1923 1896 1894 1922 1922 1923 1896 
						1927 1924 1925 1925 1926 1927 1926 1925 1928 1928 1929 1926 1931 1926 1929 1929 1930 1931 1932 1927 1926 1926 1931 1932 1929 1928 1933 1933 1934 1929 1934 1933 1935 1935 1936 1934 1938 1934 1936 1936 1937 1938 1930 1929 1934 1934 1938 1930 1940 1930 1938 1938 1939 1940 1939 1938 1937 1937 1941 1939 1943 1939 1941 1941 1942 1943 1944 1940 1939 1939 1943 1944 1946 1932 1931 1931 1945 1946 1945 1931 1930 1930 1940 1945 1947 1945 1940 1940 1944 1947 1948 1946 1945 1945 1947 1948 1925 1924 1949 1949 1950 1925 1950 1949 1951 1951 1952 1950 1954 1950 1952 1952 1953 1954 1928 1925 1950 1950 1954 1928 1952 1951 1955 1955 1956 1952 1956 1955 1877 1877 1908 1956 1957 1956 1908 1908 1906 1957 1953 1952 1956 1956 1957 1953 1959 1953 1957 1957 1958 1959 1958 1957 1906 1906 1905 1958 1960 1958 1905 1905 1149 1960 1961 1959 1958 1958 1960 1961 1933 1928 1954 1954 1962 1933 1962 1954 1953 1953 1959 1962 1963 1962 1959 1959 1961 1963 1935 1933 1962 1962 1963 1935 
						1949 1924 1964 1964 1965 1949 1965 1964 1966 1966 1967 1965 1969 1965 1967 1967 1968 1969 1951 1949 1965 1965 1969 1951 1967 1966 1970 1970 1971 1967 1971 1970 1972 1972 1973 1971 1975 1971 1973 1973 1974 1975 1968 1967 1971 1971 1975 1968 1977 1968 1975 1975 1976 1977 1976 1975 1974 1974 1978 1976 1883 1976 1978 1978 1659 1883 1879 1977 1976 1976 1883 1879 1955 1951 1969 1969 1979 1955 1979 1969 1968 1968 1977 1979 1878 1979 1977 1977 1879 1878 1877 1955 1979 1979 1878 1877 1964 1924 1927 1927 1980 1964 1980 1927 1932 1932 1981 1980 1983 1980 1981 1981 1982 1983 1966 1964 1980 1980 1983 1966 1981 1932 1946 1946 1984 1981 1984 1946 1948 1948 1985 1984 1987 1984 1985 1985 1986 1987 1982 1981 1984 1984 1987 1982 1989 1982 1987 1987 1988 1989 1988 1987 1986 1986 1990 1988 1992 1988 1990 1990 1991 1992 1993 1989 1988 1988 1992 1993 1970 1966 1983 1983 1994 1970 1994 1983 1982 1982 1989 1994 1995 1994 1989 1989 1993 1995 1972 1970 1994 1994 1995 1972 
						1997 1162 1189 1189 1996 1997 1996 1189 1187 1187 1998 1996 2000 1996 1998 1998 1999 2000 2001 1997 1996 1996 2000 2001 1998 1187 1186 1186 2002 1998 2002 1186 1185 1185 1208 2002 2003 2002 1208 1208 1205 2003 1999 1998 2002 2002 2003 1999 2005 1999 2003 2003 2004 2005 2004 2003 1205 1205 1204 2004 953 2004 1204 1204 920 953 951 2005 2004 2004 953 951 2007 2001 2000 2000 2006 2007 2006 2000 1999 1999 2005 2006 950 2006 2005 2005 951 950 949 2007 2006 2006 950 949 1163 1162 1997 1997 2008 1163 2008 1997 2001 2001 2009 2008 2011 2008 2009 2009 2010 2011 1164 1163 2008 2008 2011 1164 2009 2001 2007 2007 2012 2009 2012 2007 949 949 1573 2012 2013 2012 1573 1573 1571 2013 2010 2009 2012 2012 2013 2010 2015 2010 2013 2013 2014 2015 2014 2013 1571 1571 1570 2014 1303 2014 1570 1570 1304 1303 1299 2015 2014 2014 1303 1299 1168 1164 2011 2011 2016 1168 2016 2011 2010 2010 2015 2016 1298 2016 2015 2015 1299 1298 1169 1168 2016 2016 1298 1169 
						2018 1133 1132 1132 2017 2018 2017 1132 1129 1129 2019 2017 2021 2017 2019 2019 2020 2021 2022 2018 2017 2017 2021 2022 2019 1129 1128 1128 2023 2019 2023 1128 1127 1127 1775 2023 2024 2023 1775 1775 1772 2024 2020 2019 2023 2023 2024 2020 2026 2020 2024 2024 2025 2026 2025 2024 1772 1772 1769 2025 2027 2025 1769 1769 1768 2027 2028 2026 2025 2025 2027 2028 2030 2022 2021 2021 2029 2030 2029 2021 2020 2020 2026 2029 2031 2029 2026 2026 2028 2031 2032 2030 2029 2029 2031 2032 1243 1242 2033 2033 2034 1243 2034 2033 2035 2035 2036 2034 2038 2034 2036 2036 2037 2038 1244 1243 2034 2034 2038 1244 2036 2035 2039 2039 2040 2036 2040 2039 1703 1703 1702 2040 2041 2040 1702 1702 1698 2041 2037 2036 2040 2040 2041 2037 2043 2037 2041 2041 2042 2043 2042 2041 1698 1698 1697 2042 2044 2042 1697 1697 1696 2044 2045 2043 2042 2042 2044 2045 1248 1244 2038 2038 2046 1248 2046 2038 2037 2037 2043 2046 2047 2046 2043 2043 2045 2047 476 1248 2046 2046 2047 476 
						448 447 2048 2048 2049 448 2049 2048 2050 2050 2051 2049 2053 2049 2051 2051 2052 2053 449 448 2049 2049 2053 449 2051 2050 2054 2054 2055 2051 2055 2054 1725 1725 2056 2055 2058 2055 2056 2056 2057 2058 2052 2051 2055 2055 2058 2052 2060 2052 2058 2058 2059 2060 2059 2058 2057 2057 2061 2059 1411 2059 2061 2061 1412 1411 1407 2060 2059 2059 1411 1407 453 449 2053 2053 2062 453 2062 2053 2052 2052 2060 2062 1406 2062 2060 2060 1407 1406 454 453 2062 2062 1406 454 2048 447 480 480 2063 2048 2063 480 478 478 2064 2063 2066 2063 2064 2064 2065 2066 2050 2048 2063 2063 2066 2050 2064 478 477 477 2067 2064 2067 477 476 476 2047 2067 2068 2067 2047 2047 2045 2068 2065 2064 2067 2067 2068 2065 2070 2065 2068 2068 2069 2070 2069 2068 2045 2045 2044 2069 1729 2069 2044 2044 1696 1729 1727 2070 2069 2069 1729 1727 2054 2050 2066 2066 2071 2054 2071 2066 2065 2065 2070 2071 1726 2071 2070 2070 1727 1726 1725 2054 2071 2071 1726 1725 
						620 238 892 892 2072 620 2072 892 890 890 2073 2072 2075 2072 2073 2073 2074 2075 621 620 2072 2072 2075 621 2073 890 889 889 2076 2073 2076 889 888 888 2077 2076 2079 2076 2077 2077 2078 2079 2074 2073 2076 2076 2079 2074 2081 2074 2079 2079 2080 2081 2080 2079 2078 2078 2082 2080 2084 2080 2082 2082 2083 2084 2085 2081 2080 2080 2084 2085 624 621 2075 2075 2086 624 2086 2075 2074 2074 2081 2086 2087 2086 2081 2081 2085 2087 625 624 2086 2086 2087 625 1973 1972 2088 2088 2089 1973 2089 2088 2090 2090 2091 2089 2093 2089 2091 2091 2092 2093 1974 1973 2089 2089 2093 1974 2091 2090 2094 2094 2095 2091 2095 2094 2096 2096 2097 2095 2099 2095 2097 2097 2098 2099 2092 2091 2095 2095 2099 2092 2101 2092 2099 2099 2100 2101 2100 2099 2098 2098 2102 2100 1663 2100 2102 2102 1617 1663 1661 2101 2100 2100 1663 1661 1978 1974 2093 2093 2103 1978 2103 2093 2092 2092 2101 2103 1660 2103 2101 2101 1661 1660 1659 1978 2103 2103 1660 1659 
						2088 1972 1995 1995 2104 2088 2104 1995 1993 1993 2105 2104 2107 2104 2105 2105 2106 2107 2090 2088 2104 2104 2107 2090 2105 1993 1992 1992 2108 2105 2108 1992 1991 1991 2109 2108 2111 2108 2109 2109 2110 2111 2106 2105 2108 2108 2111 2106 2113 2106 2111 2111 2112 2113 2112 2111 2110 2110 2114 2112 2116 2112 2114 2114 2115 2116 2117 2113 2112 2112 2116 2117 2094 2090 2107 2107 2118 2094 2118 2107 2106 2106 2113 2118 2119 2118 2113 2113 2117 2119 2096 2094 2118 2118 2119 2096 2121 1142 1173 1173 2120 2121 2120 1173 1171 1171 2122 2120 2124 2120 2122 2122 2123 2124 2125 2121 2120 2120 2124 2125 2122 1171 1170 1170 2126 2122 2126 1170 1169 1169 1292 2126 2127 2126 1292 1292 1289 2127 2123 2122 2126 2126 2127 2123 2129 2123 2127 2127 2128 2129 2128 2127 1289 1289 1288 2128 2130 2128 1288 1288 1287 2130 2131 2129 2128 2128 2130 2131 2133 2125 2124 2124 2132 2133 2132 2124 2123 2123 2129 2132 2134 2132 2129 2129 2131 2134 2135 2133 2132 2132 2134 2135 
						1143 1142 2121 2121 2136 1143 2136 2121 2125 2125 2137 2136 2139 2136 2137 2137 2138 2139 1144 1143 2136 2136 2139 1144 2137 2125 2133 2133 2140 2137 2140 2133 2135 2135 2141 2140 2143 2140 2141 2141 2142 2143 2138 2137 2140 2140 2143 2138 2145 2138 2143 2143 2144 2145 2144 2143 2142 2142 2146 2144 1963 2144 2146 2146 1935 1963 1961 2145 2144 2144 1963 1961 1148 1144 2139 2139 2147 1148 2147 2139 2138 2138 2145 2147 1960 2147 2145 2145 1961 1960 1149 1148 2147 2147 1960 1149 2151 2148 2149 2149 2150 2151 2150 2149 2152 2152 2153 2150 2155 2150 2153 2153 2154 2155 2156 2151 2150 2150 2155 2156 2153 2152 2157 2157 2158 2153 2158 2157 2159 2159 2160 2158 2162 2158 2160 2160 2161 2162 2154 2153 2158 2158 2162 2154 2164 2154 2162 2162 2163 2164 2163 2162 2161 2161 2165 2163 2167 2163 2165 2165 2166 2167 2168 2164 2163 2163 2167 2168 2170 2156 2155 2155 2169 2170 2169 2155 2154 2154 2164 2169 2171 2169 2164 2164 2168 2171 2172 2170 2169 2169 2171 2172 
						2149 2148 2173 2173 2174 2149 2174 2173 2175 2175 2176 2174 2178 2174 2176 2176 2177 2178 2152 2149 2174 2174 2178 2152 2182 2179 2180 2180 2181 2182 2181 2180 2183 2183 2184 2181 2176 2181 2184 2184 2177 2176 2175 2182 2181 2181 2176 2175 2188 2185 2186 2186 2187 2188 2187 2186 2189 2189 2190 2187 2184 2187 2190 2190 2177 2184 2183 2188 2187 2187 2184 2183 2193 1623 2191 2191 2192 2193 2192 2191 2194 2194 2195 2192 2190 2192 2195 2195 2177 2190 2189 2193 2192 2192 2190 2189 2197 2159 2157 2157 2196 2197 2196 2157 2152 2152 2178 2196 2195 2196 2178 2178 2177 2195 2194 2197 2196 2196 2195 2194 2199 2159 2197 2197 2198 2199 2198 2197 2194 2194 2200 2198 2202 2198 2200 2200 2201 2202 2203 2199 2198 2198 2202 2203 2200 2194 2191 2191 2204 2200 2204 2191 1623 1623 1622 2204 2205 2204 1622 1622 1619 2205 2201 2200 2204 2204 2205 2201 2207 2201 2205 2205 2206 2207 2206 2205 1619 1619 1618 2206 2102 2206 1618 1618 1617 2102 2098 2207 2206 2206 2102 2098 
						2209 2203 2202 2202 2208 2209 2208 2202 2201 2201 2207 2208 2097 2208 2207 2207 2098 2097 2096 2209 2208 2208 2097 2096 2160 2159 2199 2199 2210 2160 2210 2199 2203 2203 2211 2210 2213 2210 2211 2211 2212 2213 2161 2160 2210 2210 2213 2161 2211 2203 2209 2209 2214 2211 2214 2209 2096 2096 2119 2214 2215 2214 2119 2119 2117 2215 2212 2211 2214 2214 2215 2212 2217 2212 2215 2215 2216 2217 2216 2215 2117 2117 2116 2216 2218 2216 2116 2116 2115 2218 2219 2217 2216 2216 2218 2219 2165 2161 2213 2213 2220 2165 2220 2213 2212 2212 2217 2220 2221 2220 2217 2217 2219 2221 2166 2165 2220 2220 2221 2166 252 251 1326 1326 2222 252 2222 1326 1324 1324 2223 2222 2225 2222 2223 2223 2224 2225 253 252 2222 2222 2225 253 2223 1324 1323 1323 2226 2223 2226 1323 1081 1081 1108 2226 2227 2226 1108 1108 1106 2227 2224 2223 2226 2226 2227 2224 2229 2224 2227 2227 2228 2229 2228 2227 1106 1106 1105 2228 2230 2228 1105 1105 1104 2230 2231 2229 2228 2228 2230 2231 
						257 253 2225 2225 2232 257 2232 2225 2224 2224 2229 2232 2233 2232 2229 2229 2231 2233 258 257 2232 2232 2233 258 2235 1384 1416 1416 2234 2235 2234 1416 1414 1414 2236 2234 2238 2234 2236 2236 2237 2238 2239 2235 2234 2234 2238 2239 2236 1414 1413 1413 2240 2236 2240 1413 1412 1412 1919 2240 2241 2240 1919 1919 1915 2241 2237 2236 2240 2240 2241 2237 2243 2237 2241 2241 2242 2243 2242 2241 1915 1915 1914 2242 2244 2242 1914 1914 1865 2244 2245 2243 2242 2242 2244 2245 2247 2239 2238 2238 2246 2247 2246 2238 2237 2237 2243 2246 2248 2246 2243 2243 2245 2248 2249 2247 2246 2246 2248 2249 1385 1384 2235 2235 2250 1385 2250 2235 2239 2239 2251 2250 2253 2250 2251 2251 2252 2253 1386 1385 2250 2250 2253 1386 2251 2239 2247 2247 2254 2251 2254 2247 2249 2249 2255 2254 2257 2254 2255 2255 2256 2257 2252 2251 2254 2254 2257 2252 2259 2252 2257 2257 2258 2259 2258 2257 2256 2256 2260 2258 2262 2258 2260 2260 2261 2262 2263 2259 2258 2258 2262 2263 
						1390 1386 2253 2253 2264 1390 2264 2253 2252 2252 2259 2264 2265 2264 2259 2259 2263 2265 1391 1390 2264 2264 2265 1391 1454 1425 1448 1448 2266 1454 2266 1448 1446 1446 2267 2266 2269 2266 2267 2267 2268 2269 1455 1454 2266 2266 2269 1455 2267 1446 1445 1445 2270 2267 2270 1445 1444 1444 2271 2270 2273 2270 2271 2271 2272 2273 2268 2267 2270 2270 2273 2268 2275 2268 2273 2273 2274 2275 2274 2273 2272 2272 2276 2274 1473 2274 2276 2276 1474 1473 1469 2275 2274 2274 1473 1469 1459 1455 2269 2269 2277 1459 2277 2269 2268 2268 2275 2277 1468 2277 2275 2275 1469 1468 193 1459 2277 2277 1468 193 1936 1935 2146 2146 2278 1936 2278 2146 2142 2142 2279 2278 2281 2278 2279 2279 2280 2281 1937 1936 2278 2278 2281 1937 2279 2142 2141 2141 2282 2279 2282 2141 2135 2135 2283 2282 2285 2282 2283 2283 2284 2285 2280 2279 2282 2282 2285 2280 2287 2280 2285 2285 2286 2287 2286 2285 2284 2284 2288 2286 2290 2286 2288 2288 2289 2290 2291 2287 2286 2286 2290 2291 
						1941 1937 2281 2281 2292 1941 2292 2281 2280 2280 2287 2292 2293 2292 2287 2287 2291 2293 1942 1941 2292 2292 2293 1942 2297 2294 2295 2295 2296 2297 2296 2295 2298 2298 2299 2296 2301 2296 2299 2299 2300 2301 2302 2297 2296 2296 2301 2302 2299 2298 2303 2303 2304 2299 2304 2303 2305 2305 2306 2304 2308 2304 2306 2306 2307 2308 2300 2299 2304 2304 2308 2300 2310 2300 2308 2308 2309 2310 2309 2308 2307 2307 2311 2309 2313 2309 2311 2311 2312 2313 2314 2310 2309 2309 2313 2314 2316 2302 2301 2301 2315 2316 2315 2301 2300 2300 2310 2315 2317 2315 2310 2310 2314 2317 2318 2316 2315 2315 2317 2318 2320 2294 2297 2297 2319 2320 2319 2297 2302 2302 2321 2319 2323 2319 2321 2321 2322 2323 2324 2320 2319 2319 2323 2324 2321 2302 2316 2316 2325 2321 2325 2316 2318 2318 2326 2325 2328 2325 2326 2326 2327 2328 2322 2321 2325 2325 2328 2322 2330 2322 2328 2328 2329 2330 2329 2328 2327 2327 2331 2329 1636 2329 2331 2331 1637 1636 1632 2330 2329 2329 1636 1632 
						2333 2324 2323 2323 2332 2333 2332 2323 2322 2322 2330 2332 1631 2332 2330 2330 1632 1631 1592 2333 2332 2332 1631 1592 2335 2318 2317 2317 2334 2335 2334 2317 2314 2314 2336 2334 2338 2334 2336 2336 2337 2338 2339 2335 2334 2334 2338 2339 2336 2314 2313 2313 2340 2336 2340 2313 2312 2312 2341 2340 2343 2340 2341 2341 2342 2343 2337 2336 2340 2340 2343 2337 2345 2337 2343 2343 2344 2345 2344 2343 2342 2342 2346 2344 2260 2344 2346 2346 2261 2260 2256 2345 2344 2344 2260 2256 2348 2339 2338 2338 2347 2348 2347 2338 2337 2337 2345 2347 2255 2347 2345 2345 2256 2255 2249 2348 2347 2347 2255 2249 2326 2318 2335 2335 2349 2326 2349 2335 2339 2339 2350 2349 2352 2349 2350 2350 2351 2352 2327 2326 2349 2349 2352 2327 2350 2339 2348 2348 2353 2350 2353 2348 2249 2249 2248 2353 2354 2353 2248 2248 2245 2354 2351 2350 2353 2353 2354 2351 2356 2351 2354 2354 2355 2356 2355 2354 2245 2245 2244 2355 1864 2355 2244 2244 1865 1864 1861 2356 2355 2355 1864 1861 
						2331 2327 2352 2352 2357 2331 2357 2352 2351 2351 2356 2357 1860 2357 2356 2356 1861 1860 1637 2331 2357 2357 1860 1637 2130 1287 2358 2358 2359 2130 2359 2358 2360 2360 2361 2359 2363 2359 2361 2361 2362 2363 2131 2130 2359 2359 2363 2131 2361 2360 2364 2364 2365 2361 2365 2364 2366 2366 2367 2365 2369 2365 2367 2367 2368 2369 2362 2361 2365 2365 2369 2362 2371 2362 2369 2369 2370 2371 2370 2369 2368 2368 2372 2370 2288 2370 2372 2372 2289 2288 2284 2371 2370 2370 2288 2284 2134 2131 2363 2363 2373 2134 2373 2363 2362 2362 2371 2373 2283 2373 2371 2371 2284 2283 2135 2134 2373 2373 2283 2135 2358 1287 1286 1286 2374 2358 2374 1286 1282 1282 2375 2374 2377 2374 2375 2375 2376 2377 2360 2358 2374 2374 2377 2360 2375 1282 1281 1281 2378 2375 2378 1281 76 76 2379 2378 2381 2378 2379 2379 2380 2381 2376 2375 2378 2378 2381 2376 2383 2376 2381 2381 2382 2383 2382 2381 2380 2380 2384 2382 2386 2382 2384 2384 2385 2386 2387 2383 2382 2382 2386 2387 
						2364 2360 2377 2377 2388 2364 2388 2377 2376 2376 2383 2388 2389 2388 2383 2383 2387 2389 2366 2364 2388 2388 2389 2366 1098 177 1496 1496 2390 1098 2390 1496 1494 1494 2391 2390 2393 2390 2391 2391 2392 2393 1099 1098 2390 2390 2393 1099 2391 1494 1493 1493 2394 2391 2394 1493 1492 1492 2395 2394 2397 2394 2395 2395 2396 2397 2392 2391 2394 2394 2397 2392 2399 2392 2397 2397 2398 2399 2398 2397 2396 2396 2400 2398 2402 2398 2400 2400 2401 2402 2403 2399 2398 2398 2402 2403 1103 1099 2393 2393 2404 1103 2404 2393 2392 2392 2399 2404 2405 2404 2399 2399 2403 2405 1104 1103 2404 2404 2405 1104 2230 1104 2405 2405 2406 2230 2406 2405 2403 2403 2407 2406 2409 2406 2407 2407 2408 2409 2231 2230 2406 2406 2409 2231 2407 2403 2402 2402 2410 2407 2410 2402 2401 2401 2411 2410 2413 2410 2411 2411 2412 2413 2408 2407 2410 2410 2413 2408 2415 2408 2413 2413 2414 2415 2414 2413 2412 2412 2416 2414 903 2414 2416 2416 904 903 899 2415 2414 2414 903 899 
						2233 2231 2409 2409 2417 2233 2417 2409 2408 2408 2415 2417 898 2417 2415 2415 899 898 258 2233 2417 2417 898 258 2379 76 75 75 2418 2379 2418 75 71 71 2419 2418 2421 2418 2419 2419 2420 2421 2380 2379 2418 2418 2421 2380 2419 71 70 70 2422 2419 2422 70 24 24 1795 2422 2423 2422 1795 1795 1793 2423 2420 2419 2422 2422 2423 2420 2425 2420 2423 2423 2424 2425 2424 2423 1793 1793 1792 2424 2426 2424 1792 1792 1791 2426 2427 2425 2424 2424 2426 2427 2384 2380 2421 2421 2428 2384 2428 2421 2420 2420 2425 2428 2429 2428 2425 2425 2427 2429 2385 2384 2428 2428 2429 2385 2431 371 404 404 2430 2431 2430 404 402 402 2432 2430 2434 2430 2432 2432 2433 2434 2435 2431 2430 2430 2434 2435 2432 402 401 401 2436 2432 2436 401 400 400 2437 2436 2439 2436 2437 2437 2438 2439 2433 2432 2436 2436 2439 2433 2443 2440 2441 2441 2442 2443 2442 2441 2444 2444 2445 2442 2447 2442 2445 2445 2446 2447 2448 2443 2442 2442 2447 2448 
						2452 2449 2450 2450 2451 2452 2451 2450 2440 2440 2443 2451 2453 2451 2443 2443 2448 2453 2083 2452 2451 2451 2453 2083 372 371 2431 2431 2454 372 2454 2431 2435 2435 2455 2454 2457 2454 2455 2455 2456 2457 373 372 2454 2454 2457 373 2459 2449 2452 2452 2458 2459 2458 2452 2083 2083 2082 2458 2460 2458 2082 2082 2078 2460 2461 2459 2458 2458 2460 2461 2463 2461 2460 2460 2462 2463 2462 2460 2078 2078 2077 2462 2464 2462 2077 2077 888 2464 2465 2463 2462 2462 2464 2465 377 373 2457 2457 2466 377 2466 2457 2456 2456 2467 2466 2469 2466 2467 2467 2468 2469 378 377 2466 2466 2469 378 1801 378 2469 2469 2470 1801 2470 2469 2468 2468 2471 2470 2473 2470 2471 2471 2472 2473 1802 1801 2470 2470 2473 1802 2475 2465 2464 2464 2474 2475 2474 2464 888 888 887 2474 2476 2474 887 887 883 2476 2477 2475 2474 2474 2476 2477 2479 2477 2476 2476 2478 2479 2478 2476 883 883 882 2478 2480 2478 882 882 881 2480 2481 2479 2478 2478 2480 2481 
						1806 1802 2473 2473 2482 1806 2482 2473 2472 2472 2483 2482 2485 2482 2483 2483 2484 2485 1807 1806 2482 2482 2485 1807 1897 1896 2486 2486 2487 1897 2487 2486 2488 2488 2489 2487 2493 2490 2491 2491 2492 2493 1900 1899 2490 2490 2493 1900 2489 2488 2494 2494 2495 2489 2495 2494 1718 1718 1749 2495 2497 2496 1748 1748 1745 2497 2492 2491 2496 2496 2497 2492 2499 2492 2497 2497 2498 2499 2498 2497 1745 1745 1744 2498 1153 2498 1744 1744 1120 1153 1151 2499 2498 2498 1153 1151 1904 1900 2493 2493 2500 1904 2500 2493 2492 2492 2499 2500 1150 2500 2499 2499 1151 1150 1149 1904 2500 2500 1150 1149 2486 1896 1923 1923 2501 2486 2501 1923 1921 1921 2502 2501 2504 2501 2502 2502 2503 2504 2488 2486 2501 2501 2504 2488 2502 1921 1920 1920 2505 2502 2505 1920 1412 1412 2061 2505 2506 2505 2061 2061 2057 2506 2503 2502 2505 2505 2506 2503 2508 2503 2506 2506 2507 2508 2507 2506 2057 2057 2056 2507 1724 2507 2056 2056 1725 1724 1720 2508 2507 2507 1724 1720 
						2494 2488 2504 2504 2509 2494 2509 2504 2503 2503 2508 2509 1719 2509 2508 2508 1720 1719 1718 2494 2509 2509 1719 1718 846 845 2510 2510 2511 846 2511 2510 2512 2512 2513 2511 2515 2511 2513 2513 2514 2515 847 846 2511 2511 2515 847 2513 2512 2516 2516 2517 2513 2517 2516 933 933 932 2517 2518 2517 932 932 929 2518 2514 2513 2517 2517 2518 2514 2520 2514 2518 2518 2519 2520 2519 2518 929 929 928 2519 1233 2519 928 928 927 1233 1230 2520 2519 2519 1233 1230 851 847 2515 2515 2521 851 2521 2515 2514 2514 2520 2521 1227 2521 2520 2520 1230 1227 852 851 2521 2521 1227 852 2510 845 872 872 2522 2510 2524 871 868 868 2523 2524 2526 2524 2523 2523 2525 2526 2512 2510 2522 2522 2527 2512 2523 868 867 867 2528 2523 2528 867 339 339 1263 2528 2529 2528 1263 1263 1259 2529 2525 2523 2528 2528 2529 2525 2531 2525 2529 2529 2530 2531 2530 2529 1259 1259 1258 2530 988 2530 1258 1258 989 988 984 2531 2530 2530 988 984 
						2516 2512 2527 2527 2532 2516 2533 2526 2525 2525 2531 2533 983 2533 2531 2531 984 983 933 2516 2532 2532 981 933 1564 1558 2534 2534 2535 1564 2535 2534 2536 2536 2537 2535 2539 2535 2537 2537 2538 2539 1565 1564 2535 2535 2539 1565 2537 2536 2540 2540 2541 2537 2541 2540 735 735 734 2541 2542 2541 734 734 731 2542 2538 2537 2541 2541 2542 2538 2544 2538 2542 2542 2543 2544 2543 2542 731 731 730 2543 1308 2543 730 730 60 1308 1306 2544 2543 2543 1308 1306 1569 1565 2539 2539 2545 1569 2545 2539 2538 2538 2544 2545 1305 2545 2544 2544 1306 1305 1304 1569 2545 2545 1305 1304 2534 1558 1557 1557 2546 2534 2548 1556 1552 1552 2547 2548 2550 2548 2547 2547 2549 2550 2536 2534 2546 2546 2551 2536 2547 1552 1551 1551 2552 2547 2552 1551 121 121 120 2552 2553 2552 120 120 116 2553 2549 2547 2552 2552 2553 2549 2555 2549 2553 2553 2554 2555 2554 2553 116 116 115 2554 790 2554 115 115 114 790 786 2555 2554 2554 790 786 
						2540 2536 2551 2551 2556 2540 2557 2550 2549 2549 2555 2557 785 2557 2555 2555 786 785 735 2540 2556 2556 783 735 2559 2172 2171 2171 2558 2559 2558 2171 2168 2168 2560 2558 2562 2558 2560 2560 2561 2562 2563 2559 2558 2558 2562 2563 2560 2168 2167 2167 2564 2560 2564 2167 2166 2166 2565 2564 2567 2564 2565 2565 2566 2567 2561 2560 2564 2564 2567 2561 2571 2568 2569 2569 2570 2571 2570 2569 2572 2572 2573 2570 2311 2570 2573 2573 2312 2311 2307 2571 2570 2570 2311 2307 2577 2574 2575 2575 2576 2577 2576 2575 2568 2568 2571 2576 2306 2576 2571 2571 2307 2306 2305 2577 2576 2576 2306 2305 2579 2172 2559 2559 2578 2579 2578 2559 2563 2563 2580 2578 2582 2578 2580 2580 2581 2582 2583 2579 2578 2578 2582 2583 2585 2574 2577 2577 2584 2585 2584 2577 2305 2305 2586 2584 2588 2584 2586 2586 2587 2588 2589 2585 2584 2584 2588 2589 2591 2589 2588 2588 2590 2591 2590 2588 2587 2587 2592 2590 2594 2590 2592 2592 2593 2594 2595 2591 2590 2590 2594 2595 
						2597 2583 2582 2582 2596 2597 2596 2582 2581 2581 2598 2596 2600 2596 2598 2598 2599 2600 2601 2597 2596 2596 2600 2601 2565 2166 2221 2221 2602 2565 2602 2221 2219 2219 2603 2602 2605 2602 2603 2603 2604 2605 2566 2565 2602 2602 2605 2566 2603 2219 2218 2218 2606 2603 2606 2218 2115 2115 2607 2606 2609 2606 2607 2607 2608 2609 2604 2603 2606 2606 2609 2604 2613 2610 2611 2611 2612 2613 2612 2611 2614 2614 2615 2612 2346 2612 2615 2615 2261 2346 2342 2613 2612 2612 2346 2342 2573 2572 2616 2616 2617 2573 2617 2616 2610 2610 2613 2617 2341 2617 2613 2613 2342 2341 2312 2573 2617 2617 2341 2312 2607 2115 2114 2114 2618 2607 2618 2114 2110 2110 2619 2618 2621 2618 2619 2619 2620 2621 2608 2607 2618 2618 2621 2608 2619 2110 2109 2109 2622 2619 2622 2109 1991 1991 2623 2622 2625 2622 2623 2623 2624 2625 2620 2619 2622 2622 2625 2620 2629 2626 2627 2627 2628 2629 2628 2627 2630 2630 2631 2628 2265 2628 2631 2631 1391 2265 2263 2629 2628 2628 2265 2263 
						2615 2614 2632 2632 2633 2615 2633 2632 2626 2626 2629 2633 2262 2633 2629 2629 2263 2262 2261 2615 2633 2633 2262 2261 2623 1991 1990 1990 2634 2623 2634 1990 1986 1986 2635 2634 2637 2634 2635 2635 2636 2637 2624 2623 2634 2634 2637 2624 2635 1986 1985 1985 2638 2635 2638 1985 1948 1948 2639 2638 2641 2638 2639 2639 2640 2641 2636 2635 2638 2638 2641 2636 2645 2642 2643 2643 2644 2645 2644 2643 2646 2646 2647 2644 1396 2644 2647 2647 1397 1396 1393 2645 2644 2644 1396 1393 2631 2630 2648 2648 2649 2631 2649 2648 2642 2642 2645 2649 1392 2649 2645 2645 1393 1392 1391 2631 2649 2649 1392 1391 2639 1948 1947 1947 2650 2639 2650 1947 1944 1944 2651 2650 2653 2650 2651 2651 2652 2653 2640 2639 2650 2650 2653 2640 2651 1944 1943 1943 2654 2651 2654 1943 1942 1942 2655 2654 2657 2654 2655 2655 2656 2657 2652 2651 2654 2654 2657 2652 2661 2658 2659 2659 2660 2661 2660 2659 2662 2662 2663 2660 1443 2660 2663 2663 1444 1443 1439 2661 2660 2660 1443 1439 
						2647 2646 2664 2664 2665 2647 2665 2664 2658 2658 2661 2665 1438 2665 2661 2661 1439 1438 1397 2647 2665 2665 1438 1397 2655 1942 2293 2293 2666 2655 2666 2293 2291 2291 2667 2666 2669 2666 2667 2667 2668 2669 2656 2655 2666 2666 2669 2656 2667 2291 2290 2290 2670 2667 2670 2290 2289 2289 2671 2670 2673 2670 2671 2671 2672 2673 2668 2667 2670 2670 2673 2668 2677 2674 2675 2675 2676 2677 2676 2675 2678 2678 2679 2676 2276 2676 2679 2679 1474 2276 2272 2677 2676 2676 2276 2272 2663 2662 2680 2680 2681 2663 2681 2680 2674 2674 2677 2681 2271 2681 2677 2677 2272 2271 1444 2663 2681 2681 2271 1444 2671 2289 2372 2372 2682 2671 2682 2372 2368 2368 2683 2682 2685 2682 2683 2683 2684 2685 2672 2671 2682 2682 2685 2672 2683 2368 2367 2367 2686 2683 2686 2367 2366 2366 2687 2686 2689 2686 2687 2687 2688 2689 2684 2683 2686 2686 2689 2684 2693 2690 2691 2691 2692 2693 2692 2691 2694 2694 2695 2692 1479 2692 2695 2695 1480 1479 1476 2693 2692 2692 1479 1476 
						2679 2678 2696 2696 2697 2679 2697 2696 2690 2690 2693 2697 1475 2697 2693 2693 1476 1475 1474 2679 2697 2697 1475 1474 2687 2366 2389 2389 2698 2687 2698 2389 2387 2387 2699 2698 2701 2698 2699 2699 2700 2701 2688 2687 2698 2698 2701 2688 2699 2387 2386 2386 2702 2699 2702 2386 2385 2385 2703 2702 2705 2702 2703 2703 2704 2705 2700 2699 2702 2702 2705 2700 2709 2706 2707 2707 2708 2709 2708 2707 2710 2710 2711 2708 1491 2708 2711 2711 1492 1491 1487 2709 2708 2708 1491 1487 2695 2694 2712 2712 2713 2695 2713 2712 2706 2706 2709 2713 1486 2713 2709 2709 1487 1486 1480 2695 2713 2713 1486 1480 2703 2385 2429 2429 2714 2703 2714 2429 2427 2427 2715 2714 2717 2714 2715 2715 2716 2717 2704 2703 2714 2714 2717 2704 2715 2427 2426 2426 2718 2715 2718 2426 1791 1791 2719 2718 2721 2718 2719 2719 2720 2721 2716 2715 2718 2718 2721 2716 2725 2722 2723 2723 2724 2725 2724 2723 2726 2726 2727 2724 2400 2724 2727 2727 2401 2400 2396 2725 2724 2724 2400 2396 
						2711 2710 2728 2728 2729 2711 2729 2728 2722 2722 2725 2729 2395 2729 2725 2725 2396 2395 1492 2711 2729 2729 2395 1492 2719 1791 1790 1790 2730 2719 2730 1790 1786 1786 2731 2730 2733 2730 2731 2731 2732 2733 2720 2719 2730 2730 2733 2720 2731 1786 1785 1785 2734 2731 2734 1785 1784 1784 2735 2734 2737 2734 2735 2735 2736 2737 2732 2731 2734 2734 2737 2732 2741 2738 2739 2739 2740 2741 2740 2739 2742 2742 2743 2740 2416 2740 2743 2743 904 2416 2412 2741 2740 2740 2416 2412 2727 2726 2744 2744 2745 2727 2745 2744 2738 2738 2741 2745 2411 2745 2741 2741 2412 2411 2401 2727 2745 2745 2411 2401 2735 1784 1811 1811 2746 2735 2746 1811 1809 1809 2747 2746 2749 2746 2747 2747 2748 2749 2736 2735 2746 2746 2749 2736 2747 1809 1808 1808 2750 2747 2750 1808 1807 1807 2485 2750 2751 2750 2485 2485 2484 2751 2748 2747 2750 2750 2751 2748 2755 2752 2753 2753 2754 2755 2754 2753 2481 2481 2480 2754 908 2754 2480 2480 881 908 906 2755 2754 2754 908 906 
						2743 2742 2756 2756 2757 2743 2757 2756 2752 2752 2755 2757 905 2757 2755 2755 906 905 904 2743 2757 2757 905 904 2761 2758 2759 2759 2760 2761 2760 2759 2762 2762 2763 2760 2765 2760 2763 2763 2764 2765 2766 2761 2760 2760 2765 2766 2768 1215 1218 1218 2767 2768 2767 1218 1211 1211 2769 2767 2763 2767 2769 2769 2764 2763 2762 2768 2767 2767 2763 2762 1209 1190 2770 2770 2771 1209 2771 2770 2766 2766 2765 2771 2769 2771 2765 2765 2764 2769 1211 1209 2771 2771 2769 1211 2775 2772 2773 2773 2774 2775 2774 2773 2776 2776 2777 2774 2779 2774 2777 2777 2778 2779 2780 2775 2774 2774 2779 2780 2777 2776 2781 2781 2782 2777 2782 2781 2758 2758 2761 2782 2783 2782 2761 2761 2766 2783 2778 2777 2782 2782 2783 2778 2785 2778 2783 2783 2784 2785 2784 2783 2766 2766 2770 2784 1193 2784 2770 2770 1190 1193 1198 2785 2784 2784 1193 1198 2787 2780 2779 2779 2786 2787 2786 2779 2778 2778 2785 2786 1207 2786 2785 2785 1198 1207 1185 2787 2786 2786 1207 1185 
						2597 2601 2788 2788 2789 2597 2789 2788 2790 2790 2791 2789 2793 2789 2791 2791 2792 2793 2583 2597 2789 2789 2793 2583 2791 2790 2794 2794 2795 2791 2795 2794 2796 2796 2797 2795 2799 2795 2797 2797 2798 2799 2792 2791 2795 2795 2799 2792 2801 2792 2799 2799 2800 2801 2800 2799 2798 2798 2802 2800 2151 2800 2802 2802 2148 2151 2156 2801 2800 2800 2151 2156 2579 2583 2793 2793 2803 2579 2803 2793 2792 2792 2801 2803 2170 2803 2801 2801 2156 2170 2172 2579 2803 2803 2170 2172 2797 2796 2804 2804 2805 2797 2805 2804 2806 2806 2807 2805 2809 2805 2807 2807 2808 2809 2798 2797 2805 2805 2809 2798 2811 2179 2182 2182 2810 2811 2810 2182 2175 2175 2812 2810 2807 2810 2812 2812 2808 2807 2806 2811 2810 2810 2807 2806 2173 2148 2802 2802 2813 2173 2813 2802 2798 2798 2809 2813 2812 2813 2809 2809 2808 2812 2175 2173 2813 2813 2812 2175 2447 2446 2814 2814 2815 2447 2815 2814 2816 2816 2817 2815 2819 2815 2817 2817 2818 2819 2448 2447 2815 2815 2819 2448 
						2817 2816 2820 2820 2821 2817 2821 2820 657 657 656 2821 2822 2821 656 656 652 2822 2818 2817 2821 2821 2822 2818 2824 2818 2822 2822 2823 2824 2823 2822 652 652 651 2823 2087 2823 651 651 625 2087 2085 2824 2823 2823 2087 2085 2453 2448 2819 2819 2825 2453 2825 2819 2818 2818 2824 2825 2084 2825 2824 2824 2085 2084 2083 2453 2825 2825 2084 2083 1069 1068 2826 2826 2827 1069 2827 2826 2828 2828 2829 2827 2831 2827 2829 2829 2830 2831 1070 1069 2827 2827 2831 1070 2829 2828 2832 2832 2833 2829 2833 2832 2834 2834 2835 2833 2837 2833 2835 2835 2836 2837 2830 2829 2833 2833 2837 2830 2839 2830 2837 2837 2838 2839 2838 2837 2836 2836 2840 2838 1240 2838 2840 2840 1242 1240 1236 2839 2838 2838 1240 1236 1072 1070 2831 2831 2841 1072 2841 2831 2830 2830 2839 2841 1234 2841 2839 2839 1236 1234 1049 1072 2841 2841 1234 1049 2835 2834 2842 2842 2843 2835 2843 2842 2844 2844 2845 2843 2847 2843 2845 2845 2846 2847 2836 2835 2843 2843 2847 2836 
						2845 2844 2848 2848 2849 2845 2849 2848 1841 1841 1840 2849 2850 2849 1840 1840 1836 2850 2846 2845 2849 2849 2850 2846 2852 2846 2850 2850 2851 2852 2851 2850 1836 1836 1835 2851 2039 2851 1835 1835 1703 2039 2035 2852 2851 2851 2039 2035 2840 2836 2847 2847 2853 2840 2853 2847 2846 2846 2852 2853 2033 2853 2852 2852 2035 2033 1242 2840 2853 2853 2033 1242 2857 2854 2855 2855 2856 2857 2856 2855 2858 2858 2859 2856 2861 2856 2859 2859 2860 2861 2862 2857 2856 2856 2861 2862 2866 2863 2864 2864 2865 2866 2865 2864 2867 2867 2868 2865 2859 2865 2868 2868 2860 2859 2858 2866 2865 2865 2859 2858 2870 702 1511 1511 2869 2870 2869 1511 1509 1509 2871 2869 2868 2869 2871 2871 2860 2868 2867 2870 2869 2869 2868 2867 1508 832 831 831 2872 1508 2872 831 827 827 2873 2872 2871 2872 2873 2873 2860 2871 1509 1508 2872 2872 2871 1509 826 825 2874 2874 2875 826 2875 2874 2862 2862 2861 2875 2873 2875 2861 2861 2860 2873 827 826 2875 2875 2873 827 
						2864 2863 2876 2876 2877 2864 2877 2876 2878 2878 2879 2877 2881 2877 2879 2879 2880 2881 2867 2864 2877 2877 2881 2867 2885 2882 2883 2883 2884 2885 2884 2883 2886 2886 2887 2884 2879 2884 2887 2887 2880 2879 2878 2885 2884 2884 2879 2878 2889 702 2870 2870 2888 2889 2888 2870 2867 2867 2881 2888 2887 2888 2881 2881 2880 2887 2886 2889 2888 2888 2887 2886 1222 1221 2890 2890 2891 1222 2891 2890 2892 2892 2893 2891 2895 2891 2893 2893 2894 2895 1225 1222 2891 2891 2895 1225 2893 2892 2896 2896 2897 2893 2897 2896 2854 2854 2857 2897 2898 2897 2857 2857 2862 2898 2894 2893 2897 2897 2898 2894 2900 2894 2898 2898 2899 2900 2899 2898 2862 2862 2874 2899 856 2899 2874 2874 825 856 854 2900 2899 2899 856 854 1229 1225 2895 2895 2901 1229 2901 2895 2894 2894 2900 2901 853 2901 2900 2900 854 853 852 1229 2901 2901 853 852 2905 2902 2903 2903 2904 2905 2904 2903 2906 2906 2907 2904 2909 2904 2907 2907 2908 2909 2910 2905 2904 2904 2909 2910 
						2907 2906 2911 2911 2912 2907 2912 2911 2913 2913 2914 2912 2916 2912 2914 2914 2915 2916 2908 2907 2912 2912 2916 2908 2918 2908 2916 2916 2917 2918 2917 2916 2915 2915 2919 2917 1583 2917 2919 2919 1585 1583 1578 2918 2917 2917 1583 1578 2921 2910 2909 2909 2920 2921 2920 2909 2908 2908 2918 2920 1575 2920 2918 2918 1578 1575 1574 2921 2920 2920 1575 1574 2186 2185 2922 2922 2923 2186 2923 2922 2924 2924 2925 2923 2927 2923 2925 2925 2926 2927 2189 2186 2923 2923 2927 2189 2925 2924 2928 2928 2929 2925 2931 2930 2902 2902 2905 2931 2932 2931 2905 2905 2910 2932 2926 2925 2929 2929 2933 2926 2935 2926 2933 2933 2934 2935 2936 2932 2910 2910 2921 2936 1600 2936 2921 2921 1574 1600 1607 2935 2934 2934 1606 1607 2193 2189 2927 2927 2937 2193 2937 2927 2926 2926 2935 2937 1621 2937 2935 2935 1607 1621 1623 2193 2937 2937 1621 1623 2030 2032 2938 2938 2939 2030 2939 2938 2940 2940 2941 2939 2943 2939 2941 2941 2942 2943 2022 2030 2939 2939 2943 2022 
						2941 2940 2944 2944 2945 2941 2945 2944 2772 2772 2775 2945 2946 2945 2775 2775 2780 2946 2942 2941 2945 2945 2946 2942 2948 2942 2946 2946 2947 2948 2947 2946 2780 2780 2787 2947 1184 2947 2787 2787 1185 1184 1180 2948 2947 2947 1184 1180 2018 2022 2943 2943 2949 2018 2949 2943 2942 2942 2948 2949 1179 2949 2948 2948 1180 1179 1133 2018 2949 2949 1179 1133 2914 2913 2950 2950 2951 2914 2951 2950 2952 2952 2953 2951 2955 2951 2953 2953 2954 2955 2915 2914 2951 2951 2955 2915 2959 2956 2957 2957 2958 2959 2958 2957 2960 2960 2961 2958 2953 2958 2961 2961 2954 2953 2952 2959 2958 2958 2953 2952 2963 1585 2919 2919 2962 2963 2962 2919 2915 2915 2955 2962 2961 2962 2955 2955 2954 2961 2960 2963 2962 2962 2961 2960 2957 2956 2964 2964 2965 2957 2965 2964 2966 2966 2967 2965 2969 2965 2967 2967 2968 2969 2960 2957 2965 2965 2969 2960 2973 2970 2971 2971 2972 2973 2972 2971 2974 2974 2975 2972 2967 2972 2975 2975 2968 2967 2966 2973 2972 2972 2967 2966 
						2977 2294 2320 2320 2976 2977 2976 2320 2324 2324 2978 2976 2975 2976 2978 2978 2968 2975 2974 2977 2976 2976 2975 2974 2333 1592 1591 1591 2979 2333 2979 1591 1587 1587 2980 2979 2978 2979 2980 2980 2968 2978 2324 2333 2979 2979 2978 2324 1586 1585 2963 2963 2981 1586 2981 2963 2960 2960 2969 2981 2980 2981 2969 2969 2968 2980 1587 1586 2981 2981 2980 1587 2971 2970 2982 2982 2983 2971 2983 2982 2984 2984 2985 2983 2987 2983 2985 2985 2986 2987 2974 2971 2983 2983 2987 2974 2985 2984 2988 2988 2989 2985 2989 2988 2593 2593 2592 2989 2990 2989 2592 2592 2587 2990 2986 2985 2989 2989 2990 2986 2992 2986 2990 2990 2991 2992 2991 2990 2587 2587 2586 2991 2303 2991 2586 2586 2305 2303 2298 2992 2991 2991 2303 2298 2977 2974 2987 2987 2993 2977 2993 2987 2986 2986 2992 2993 2295 2993 2992 2992 2298 2295 2294 2977 2993 2993 2295 2294 2883 2882 2994 2994 2995 2883 2995 2994 2996 2996 2997 2995 2999 2995 2997 2997 2998 2999 2886 2883 2995 2995 2999 2886 
						3001 708 711 711 3000 3001 3000 711 706 706 3002 3000 2997 3000 3002 3002 2998 2997 2996 3001 3000 3000 2997 2996 703 702 2889 2889 3003 703 3003 2889 2886 2886 2999 3003 3002 3003 2999 2999 2998 3002 706 703 3003 3003 3002 706 1340 1339 3004 3004 3005 1340 3005 3004 3006 3006 3007 3005 3009 3005 3007 3007 3008 3009 1343 1340 3005 3005 3009 1343 3011 561 560 560 3010 3011 3010 560 556 556 3012 3010 3007 3010 3012 3012 3008 3007 3006 3011 3010 3010 3007 3006 555 303 1346 1346 3013 555 3013 1346 1343 1343 3009 3013 3012 3013 3009 3009 3008 3012 556 555 3013 3013 3012 556 3017 3014 3015 3015 3016 3017 3016 3015 3018 3018 3019 3016 3021 3016 3019 3019 3020 3021 3022 3017 3016 3016 3021 3022 3019 3018 3023 3023 3024 3019 3024 3023 3025 3025 3026 3024 3028 3024 3026 3026 3027 3028 3020 3019 3024 3024 3028 3020 3030 3020 3028 3028 3029 3030 3029 3028 3027 3027 3031 3029 3033 3029 3031 3031 3032 3033 3034 3030 3029 3029 3033 3034 
						3036 3022 3021 3021 3035 3036 3035 3021 3020 3020 3030 3035 3037 3035 3030 3030 3034 3037 3038 3036 3035 3035 3037 3038 3040 3014 3017 3017 3039 3040 3039 3017 3022 3022 3041 3039 3043 3039 3041 3041 3042 3043 3044 3040 3039 3039 3043 3044 3041 3022 3036 3036 3045 3041 3045 3036 3038 3038 3046 3045 3048 3045 3046 3046 3047 3048 3042 3041 3045 3045 3048 3042 3050 3042 3048 3048 3049 3050 3049 3048 3047 3047 3051 3049 3053 3049 3051 3051 3052 3053 3054 3050 3049 3049 3053 3054 3056 3044 3043 3043 3055 3056 3055 3043 3042 3042 3050 3055 3057 3055 3050 3050 3054 3057 3058 3056 3055 3055 3057 3058 3060 3014 3040 3040 3059 3060 3059 3040 3044 3044 3061 3059 3063 3059 3061 3061 3062 3063 3064 3060 3059 3059 3063 3064 3061 3044 3056 3056 3065 3061 3065 3056 3058 3058 3066 3065 3068 3065 3066 3066 3067 3068 3062 3061 3065 3065 3068 3062 3070 3062 3068 3068 3069 3070 3069 3068 3067 3067 3071 3069 3073 3069 3071 3071 3072 3073 3074 3070 3069 3069 3073 3074 
						3076 3064 3063 3063 3075 3076 3075 3063 3062 3062 3070 3075 3077 3075 3070 3070 3074 3077 3078 3076 3075 3075 3077 3078 3015 3014 3060 3060 3079 3015 3079 3060 3064 3064 3080 3079 3082 3079 3080 3080 3081 3082 3018 3015 3079 3079 3082 3018 3080 3064 3076 3076 3083 3080 3083 3076 3078 3078 3084 3083 3086 3083 3084 3084 3085 3086 3081 3080 3083 3083 3086 3081 3088 3081 3086 3086 3087 3088 3087 3086 3085 3085 3089 3087 3091 3087 3089 3089 3090 3091 3092 3088 3087 3087 3091 3092 3023 3018 3082 3082 3093 3023 3093 3082 3081 3081 3088 3093 3094 3093 3088 3088 3092 3094 3025 3023 3093 3093 3094 3025 3098 3095 3096 3096 3097 3098 3097 3096 3099 3099 3100 3097 3102 3097 3100 3100 3101 3102 3103 3098 3097 3097 3102 3103 3100 3099 3104 3104 3105 3100 3105 3104 3106 3106 3107 3105 3109 3105 3107 3107 3108 3109 3101 3100 3105 3105 3109 3101 3111 3101 3109 3109 3110 3111 3110 3109 3108 3108 3112 3110 3114 3110 3112 3112 3113 3114 3115 3111 3110 3110 3114 3115 
						3117 3103 3102 3102 3116 3117 3116 3102 3101 3101 3111 3116 3118 3116 3111 3111 3115 3118 3119 3117 3116 3116 3118 3119 3121 3095 3098 3098 3120 3121 3120 3098 3103 3103 3122 3120 3124 3120 3122 3122 3123 3124 3121 3120 3124 3121 3124 3125 3122 3103 3117 3117 3126 3122 3126 3117 3119 3119 3127 3126 3129 3126 3127 3127 3128 3129 3123 3122 3126 3126 3129 3123 3131 3123 3129 3129 3130 3131 3130 3129 3128 3128 3132 3130 3134 3130 3132 3132 3133 3134 3135 3131 3130 3130 3134 3135 3137 3125 3124 3124 3136 3137 3136 3124 3123 3123 3131 3136 3138 3136 3131 3131 3135 3138 3139 3137 3136 3136 3138 3139 3141 3095 3121 3121 3140 3141 3140 3121 3125 3125 3142 3140 3144 3140 3142 3142 3143 3144 3145 3141 3140 3140 3144 3145 3142 3125 3137 3137 3146 3142 3146 3137 3139 3139 3147 3146 3149 3146 3147 3147 3148 3149 3143 3142 3146 3146 3149 3143 3151 3143 3149 3149 3150 3151 3150 3149 3148 3148 3152 3150 3154 3150 3152 3152 3153 3154 3155 3151 3150 3150 3154 3155 
						3157 3145 3144 3144 3156 3157 3156 3144 3143 3143 3151 3156 3158 3156 3151 3151 3155 3158 3159 3157 3156 3156 3158 3159 3096 3095 3141 3141 3160 3096 3160 3141 3145 3145 3161 3160 3163 3160 3161 3161 3162 3163 3099 3096 3160 3160 3163 3099 3161 3145 3157 3157 3164 3161 3164 3157 3159 3159 3165 3164 3167 3164 3165 3165 3166 3167 3162 3161 3164 3164 3167 3162 3169 3162 3167 3167 3168 3169 3168 3167 3166 3166 3170 3168 3172 3168 3170 3170 3171 3172 3173 3169 3168 3168 3172 3173 3104 3099 3163 3163 3174 3104 3174 3163 3162 3162 3169 3174 3175 3174 3169 3169 3173 3175 3106 3104 3174 3174 3175 3106 3177 3106 3175 3175 3176 3177 3176 3175 3173 3173 3178 3176 3180 3176 3178 3178 3179 3180 3181 3177 3176 3176 3180 3181 3178 3173 3172 3172 3182 3178 3182 3172 3171 3171 3183 3182 3185 3182 3183 3183 3184 3185 3179 3178 3182 3182 3185 3179 3187 3179 3185 3185 3186 3187 3186 3185 3184 3184 3188 3186 3190 3186 3188 3188 3189 3190 3191 3187 3186 3186 3190 3191 
						3193 3181 3180 3180 3192 3193 3192 3180 3179 3179 3187 3192 3194 3192 3187 3187 3191 3194 3195 3193 3192 3192 3194 3195 3107 3106 3177 3177 3196 3107 3196 3177 3181 3181 3197 3196 3199 3196 3197 3197 3198 3199 3108 3107 3196 3196 3199 3108 3197 3181 3193 3193 3200 3197 3200 3193 3195 3195 3201 3200 3203 3200 3201 3201 3202 3203 3198 3197 3200 3200 3203 3198 3205 3198 3203 3203 3204 3205 3204 3203 3202 3202 3206 3204 3208 3204 3206 3206 3207 3208 3209 3205 3204 3204 3208 3209 3112 3108 3199 3199 3210 3112 3210 3199 3198 3198 3205 3210 3211 3210 3205 3205 3209 3211 3113 3112 3210 3210 3211 3113 3215 3212 3213 3213 3214 3215 3214 3213 3216 3216 3217 3214 3219 3214 3217 3217 3218 3219 3220 3215 3214 3214 3219 3220 3217 3216 3221 3221 3222 3217 3222 3221 3223 3223 3224 3222 3226 3222 3224 3224 3225 3226 3218 3217 3222 3222 3226 3218 3228 3218 3226 3226 3227 3228 3227 3226 3225 3225 3229 3227 3231 3227 3229 3229 3230 3231 3232 3228 3227 3227 3231 3232 
						3234 3220 3219 3219 3233 3234 3233 3219 3218 3218 3228 3233 3235 3233 3228 3228 3232 3235 3236 3234 3233 3233 3235 3236 3238 3212 3215 3215 3237 3238 3237 3215 3220 3220 3239 3237 3241 3237 3239 3239 3240 3241 3242 3238 3237 3237 3241 3242 3239 3220 3234 3234 3243 3239 3243 3234 3236 3236 3244 3243 3246 3243 3244 3244 3245 3246 3240 3239 3243 3243 3246 3240 3248 3240 3246 3246 3247 3248 3247 3246 3245 3245 3249 3247 3251 3247 3249 3249 3250 3251 3252 3248 3247 3247 3251 3252 3254 3242 3241 3241 3253 3254 3253 3241 3240 3240 3248 3253 3255 3253 3248 3248 3252 3255 3256 3254 3253 3253 3255 3256 3258 3212 3238 3238 3257 3258 3257 3238 3242 3242 3259 3257 3261 3257 3259 3259 3260 3261 3262 3258 3257 3257 3261 3262 3259 3242 3254 3254 3263 3259 3263 3254 3256 3256 3264 3263 3266 3263 3264 3264 3265 3266 3260 3259 3263 3263 3266 3260 3268 3260 3266 3266 3267 3268 3267 3266 3265 3265 3269 3267 3271 3267 3269 3269 3270 3271 3272 3268 3267 3267 3271 3272 
						3274 3262 3261 3261 3273 3274 3273 3261 3260 3260 3268 3273 3275 3273 3268 3268 3272 3275 3276 3274 3273 3273 3275 3276 3213 3212 3258 3258 3277 3213 3277 3258 3262 3262 3278 3277 3280 3277 3278 3278 3279 3280 3216 3213 3277 3277 3280 3216 3278 3262 3274 3274 3281 3278 3281 3274 3276 3276 3282 3281 3284 3281 3282 3282 3283 3284 3279 3278 3281 3281 3284 3279 3286 3279 3284 3284 3285 3286 3285 3284 3283 3283 3287 3285 3289 3285 3287 3287 3288 3289 3290 3286 3285 3285 3289 3290 3221 3216 3280 3280 3291 3221 3291 3280 3279 3279 3286 3291 3292 3291 3286 3286 3290 3292 3223 3221 3291 3291 3292 3223 3296 3293 3294 3294 3295 3296 3295 3294 3297 3297 3298 3295 3300 3295 3298 3298 3299 3300 3301 3296 3295 3295 3300 3301 3298 3297 3302 3302 3303 3298 3303 3302 3304 3304 3305 3303 3307 3303 3305 3305 3306 3307 3299 3298 3303 3303 3307 3299 3309 3299 3307 3307 3308 3309 3308 3307 3306 3306 3310 3308 3312 3308 3310 3310 3311 3312 3313 3309 3308 3308 3312 3313 
						3315 3301 3300 3300 3314 3315 3314 3300 3299 3299 3309 3314 3316 3314 3309 3309 3313 3316 3317 3315 3314 3314 3316 3317 3319 3293 3296 3296 3318 3319 3318 3296 3301 3301 3320 3318 3322 3318 3320 3320 3321 3322 3323 3319 3318 3318 3322 3323 3320 3301 3315 3315 3324 3320 3324 3315 3317 3317 3325 3324 3327 3324 3325 3325 3326 3327 3321 3320 3324 3324 3327 3321 3329 3321 3327 3327 3328 3329 3328 3327 3326 3326 3330 3328 3332 3328 3330 3330 3331 3332 3333 3329 3328 3328 3332 3333 3335 3323 3322 3322 3334 3335 3334 3322 3321 3321 3329 3334 3336 3334 3329 3329 3333 3336 3337 3335 3334 3334 3336 3337 3339 3293 3319 3319 3338 3339 3338 3319 3323 3323 3340 3338 3342 3338 3340 3340 3341 3342 3343 3339 3338 3338 3342 3343 3340 3323 3335 3335 3344 3340 3344 3335 3337 3337 3345 3344 3347 3344 3345 3345 3346 3347 3341 3340 3344 3344 3347 3341 3349 3341 3347 3347 3348 3349 3348 3347 3346 3346 3350 3348 3352 3348 3350 3350 3351 3352 3353 3349 3348 3348 3352 3353 
						3355 3343 3342 3342 3354 3355 3354 3342 3341 3341 3349 3354 3356 3354 3349 3349 3353 3356 3357 3355 3354 3354 3356 3357 3294 3293 3339 3339 3358 3294 3358 3339 3343 3343 3359 3358 3361 3358 3359 3359 3360 3361 3297 3294 3358 3358 3361 3297 3359 3343 3355 3355 3362 3359 3362 3355 3357 3357 3363 3362 3365 3362 3363 3363 3364 3365 3360 3359 3362 3362 3365 3360 3367 3360 3365 3365 3366 3367 3366 3365 3364 3364 3368 3366 3370 3366 3368 3368 3369 3370 3371 3367 3366 3366 3370 3371 3302 3297 3361 3361 3372 3302 3372 3361 3360 3360 3367 3372 3373 3372 3367 3367 3371 3373 3304 3302 3372 3372 3373 3304 3377 3374 3375 3375 3376 3377 3376 3375 3378 3378 3379 3376 3381 3376 3379 3379 3380 3381 3382 3377 3376 3376 3381 3382 3379 3378 3383 3383 3384 3379 3384 3383 3385 3385 3386 3384 3388 3384 3386 3386 3387 3388 3380 3379 3384 3384 3388 3380 3390 3380 3388 3388 3389 3390 3389 3388 3387 3387 3391 3389 3393 3389 3391 3391 3392 3393 3394 3390 3389 3389 3393 3394 
						3396 3382 3381 3381 3395 3396 3395 3381 3380 3380 3390 3395 3397 3395 3390 3390 3394 3397 3398 3396 3395 3395 3397 3398 3400 3374 3377 3377 3399 3400 3399 3377 3382 3382 3401 3399 3403 3399 3401 3401 3402 3403 3404 3400 3399 3399 3403 3404 3401 3382 3396 3396 3405 3401 3405 3396 3398 3398 3406 3405 3408 3405 3406 3406 3407 3408 3402 3401 3405 3405 3408 3402 3410 3402 3408 3408 3409 3410 3409 3408 3407 3407 3411 3409 399 3409 3411 3411 400 399 395 3410 3409 3409 399 395 3413 3404 3403 3403 3412 3413 3412 3403 3402 3402 3410 3412 394 3412 3410 3410 395 394 393 3413 3412 3412 394 393 3415 3374 3400 3400 3414 3415 3414 3400 3404 3404 3416 3414 3418 3414 3416 3416 3417 3418 3419 3415 3414 3414 3418 3419 3416 3404 3413 3413 3420 3416 3420 3413 393 393 423 3420 3421 3420 423 423 421 3421 3417 3416 3420 3420 3421 3417 3423 3417 3421 3421 3422 3423 3422 3421 421 421 420 3422 3424 3422 420 420 419 3424 3425 3423 3422 3422 3424 3425 
						3427 3419 3418 3418 3426 3427 3426 3418 3417 3417 3423 3426 3428 3426 3423 3423 3425 3428 3032 3427 3426 3426 3428 3032 3375 3374 3415 3415 3429 3375 3429 3415 3419 3419 3430 3429 3432 3429 3430 3430 3431 3432 3378 3375 3429 3429 3432 3378 3430 3419 3427 3427 3433 3430 3433 3427 3032 3032 3031 3433 3434 3433 3031 3031 3027 3434 3431 3430 3433 3433 3434 3431 3436 3431 3434 3434 3435 3436 3435 3434 3027 3027 3026 3435 3437 3435 3026 3026 3025 3437 3438 3436 3435 3435 3437 3438 3383 3378 3432 3432 3439 3383 3439 3432 3431 3431 3436 3439 3440 3439 3436 3436 3438 3440 3385 3383 3439 3439 3440 3385 3444 3441 3442 3442 3443 3444 3443 3442 3445 3445 3446 3443 3448 3443 3446 3446 3447 3448 3449 3444 3443 3443 3448 3449 3446 3445 3450 3450 3451 3446 3451 3450 3452 3452 3453 3451 3455 3451 3453 3453 3454 3455 3447 3446 3451 3451 3455 3447 3457 3447 3455 3455 3456 3457 3456 3455 3454 3454 3458 3456 3460 3456 3458 3458 3459 3460 3461 3457 3456 3456 3460 3461 
						3463 3449 3448 3448 3462 3463 3462 3448 3447 3447 3457 3462 3464 3462 3457 3457 3461 3464 3465 3463 3462 3462 3464 3465 3467 3441 3444 3444 3466 3467 3466 3444 3449 3449 3468 3466 3470 3466 3468 3468 3469 3470 3471 3467 3466 3466 3470 3471 3468 3449 3463 3463 3472 3468 3472 3463 3465 3465 3473 3472 3475 3472 3473 3473 3474 3475 3469 3468 3472 3472 3475 3469 3477 3469 3475 3475 3476 3477 3476 3475 3474 3474 3478 3476 3480 3476 3478 3478 3479 3480 3481 3477 3476 3476 3480 3481 3483 3471 3470 3470 3482 3483 3482 3470 3469 3469 3477 3482 3484 3482 3477 3477 3481 3484 3485 3483 3482 3482 3484 3485 3487 3441 3467 3467 3486 3487 3486 3467 3471 3471 3488 3486 3490 3486 3488 3488 3489 3490 3491 3487 3486 3486 3490 3491 3488 3471 3483 3483 3492 3488 3492 3483 3485 3485 3493 3492 3495 3492 3493 3493 3494 3495 3489 3488 3492 3492 3495 3489 3497 3489 3495 3495 3496 3497 3496 3495 3494 3494 3498 3496 3500 3496 3498 3498 3499 3500 3501 3497 3496 3496 3500 3501 
						3503 3491 3490 3490 3502 3503 3502 3490 3489 3489 3497 3502 3504 3502 3497 3497 3501 3504 3505 3503 3502 3502 3504 3505 3442 3441 3487 3487 3506 3442 3506 3487 3491 3491 3507 3506 3509 3506 3507 3507 3508 3509 3445 3442 3506 3506 3509 3445 3507 3491 3503 3503 3510 3507 3510 3503 3505 3505 3511 3510 3513 3510 3511 3511 3512 3513 3508 3507 3510 3510 3513 3508 3515 3508 3513 3513 3514 3515 3514 3513 3512 3512 3516 3514 3517 3514 3516 3516 3113 3517 3518 3515 3514 3514 3517 3518 3450 3445 3509 3509 3519 3450 3519 3509 3508 3508 3515 3519 3520 3519 3515 3515 3518 3520 3452 3450 3519 3519 3520 3452 3522 3505 3504 3504 3521 3522 3521 3504 3501 3501 3523 3521 3525 3521 3523 3523 3524 3525 3526 3522 3521 3521 3525 3526 3523 3501 3500 3500 3527 3523 3527 3500 3499 3499 3528 3527 3530 3527 3528 3528 3529 3530 3524 3523 3527 3527 3530 3524 3532 3524 3530 3530 3531 3532 3531 3530 3529 3529 3533 3531 3535 3531 3533 3533 3534 3535 3536 3532 3531 3531 3535 3536 
						3538 3526 3525 3525 3537 3538 3537 3525 3524 3524 3532 3537 3539 3537 3532 3532 3536 3539 3540 3538 3537 3537 3539 3540 3511 3505 3522 3522 3541 3511 3541 3522 3526 3526 3542 3541 3544 3541 3542 3542 3543 3544 3512 3511 3541 3541 3544 3512 3542 3526 3538 3538 3545 3542 3545 3538 3540 3540 3546 3545 3548 3545 3546 3546 3547 3548 3543 3542 3545 3545 3548 3543 3550 3543 3548 3548 3549 3550 3549 3548 3547 3547 3551 3549 3118 3549 3551 3551 3119 3118 3115 3550 3549 3549 3118 3115 3516 3512 3544 3544 3552 3516 3552 3544 3543 3543 3550 3552 3114 3552 3550 3550 3115 3114 3113 3516 3552 3552 3114 3113 3370 3369 3553 3553 3554 3370 3554 3553 3555 3555 3556 3554 3558 3554 3556 3556 3557 3558 3371 3370 3554 3554 3558 3371 3556 3555 3559 3559 3560 3556 3560 3559 567 567 566 3560 3561 3560 566 566 563 3561 3557 3556 3560 3560 3561 3557 3563 3557 3561 3561 3562 3563 3562 3561 563 563 562 3562 3564 3562 562 562 561 3564 3565 3563 3562 3562 3564 3565 
						3373 3371 3558 3558 3566 3373 3566 3558 3557 3557 3563 3566 3567 3566 3563 3563 3565 3567 3304 3373 3566 3566 3567 3304 3569 3369 3368 3368 3568 3569 3568 3368 3364 3364 3570 3568 3572 3568 3570 3570 3571 3572 3573 3569 3568 3568 3572 3573 3570 3364 3363 3363 3574 3570 3574 3363 3357 3357 3575 3574 3577 3574 3575 3575 3576 3577 3571 3570 3574 3574 3577 3571 3579 3571 3577 3577 3578 3579 3578 3577 3576 3576 3580 3578 3582 3578 3580 3580 3581 3582 3583 3579 3578 3578 3582 3583 3585 3573 3572 3572 3584 3585 3584 3572 3571 3571 3579 3584 3586 3584 3579 3579 3583 3586 3587 3585 3584 3584 3586 3587 3553 3369 3569 3569 3588 3553 3588 3569 3573 3573 3589 3588 3591 3588 3589 3589 3590 3591 3555 3553 3588 3588 3591 3555 3585 3587 3592 3592 3593 3585 3593 3592 3594 3594 3595 3593 3589 3593 3595 3595 3590 3589 3573 3585 3593 3593 3589 3573 3599 3596 3597 3597 3598 3599 3598 3597 3600 3600 3601 3598 3595 3598 3601 3601 3590 3595 3594 3599 3598 3598 3595 3594 
						3603 596 599 599 3602 3603 3602 599 594 594 3604 3602 3601 3602 3604 3604 3590 3601 3600 3603 3602 3602 3601 3600 592 567 3559 3559 3605 592 3605 3559 3555 3555 3591 3605 3604 3605 3591 3591 3590 3604 594 592 3605 3605 3604 594 3231 3230 3606 3606 3607 3231 3607 3606 3608 3608 3609 3607 3611 3607 3609 3609 3610 3611 3232 3231 3607 3607 3611 3232 3609 3608 3612 3612 3613 3609 3613 3612 3614 3614 3615 3613 3617 3613 3615 3615 3616 3617 3610 3609 3613 3613 3617 3610 3619 3610 3617 3617 3618 3619 3618 3617 3616 3616 3620 3618 3249 3618 3620 3620 3250 3249 3245 3619 3618 3618 3249 3245 3235 3232 3611 3611 3621 3235 3621 3611 3610 3610 3619 3621 3244 3621 3619 3619 3245 3244 3236 3235 3621 3621 3244 3236 3623 3230 3229 3229 3622 3623 3622 3229 3225 3225 3624 3622 3626 3622 3624 3624 3625 3626 3627 3623 3622 3622 3626 3627 3624 3225 3224 3224 3628 3624 3628 3224 3223 3223 3629 3628 3631 3628 3629 3629 3630 3631 3625 3624 3628 3628 3631 3625 
						3633 3625 3631 3631 3632 3633 3632 3631 3630 3630 3634 3632 640 3632 3634 3634 641 640 636 3633 3632 3632 640 636 3636 3627 3626 3626 3635 3636 3635 3626 3625 3625 3633 3635 635 3635 3633 3633 636 635 634 3636 3635 3635 635 634 3606 3230 3623 3623 3637 3606 3637 3623 3627 3627 3638 3637 3640 3637 3638 3638 3639 3640 3608 3606 3637 3637 3640 3608 3638 3627 3636 3636 3641 3638 3641 3636 634 634 661 3641 3642 3641 661 661 659 3642 3639 3638 3641 3641 3642 3639 3644 3639 3642 3642 3643 3644 3643 3642 659 659 658 3643 3645 3643 658 658 657 3645 3646 3644 3643 3643 3645 3646 3612 3608 3640 3640 3647 3612 3647 3640 3639 3639 3644 3647 3648 3647 3644 3644 3646 3648 3614 3612 3647 3647 3648 3614 3650 3540 3539 3539 3649 3650 3649 3539 3536 3536 3651 3649 3653 3649 3651 3651 3652 3653 3654 3650 3649 3649 3653 3654 3651 3536 3535 3535 3655 3651 3655 3535 3534 3534 3656 3655 3658 3655 3656 3656 3657 3658 3652 3651 3655 3655 3658 3652 
						3660 3652 3658 3658 3659 3660 3659 3658 3657 3657 3661 3659 3663 3659 3661 3661 3662 3663 3664 3660 3659 3659 3663 3664 3666 3654 3653 3653 3665 3666 3665 3653 3652 3652 3660 3665 3667 3665 3660 3660 3664 3667 3668 3666 3665 3665 3667 3668 3546 3540 3650 3650 3669 3546 3669 3650 3654 3654 3670 3669 3672 3669 3670 3670 3671 3672 3547 3546 3669 3669 3672 3547 3670 3654 3666 3666 3673 3670 3673 3666 3668 3668 3674 3673 3676 3673 3674 3674 3675 3676 3671 3670 3673 3673 3676 3671 3678 3671 3676 3676 3677 3678 3677 3676 3675 3675 3679 3677 3132 3677 3679 3679 3133 3132 3128 3678 3677 3677 3132 3128 3551 3547 3672 3672 3680 3551 3680 3672 3671 3671 3678 3680 3127 3680 3678 3678 3128 3127 3119 3551 3680 3680 3127 3119 3033 3032 3428 3428 3681 3033 3681 3428 3425 3425 3682 3681 3684 3681 3682 3682 3683 3684 3034 3033 3681 3681 3684 3034 3424 419 715 715 3685 3424 3685 715 712 712 3686 3685 3682 3685 3686 3686 3683 3682 3425 3424 3685 3685 3682 3425 
						709 708 3687 3687 3688 709 3688 3687 3689 3689 3690 3688 3686 3688 3690 3690 3683 3686 712 709 3688 3688 3686 712 3694 3691 3692 3692 3693 3694 3693 3692 3695 3695 3696 3693 3690 3693 3696 3696 3683 3690 3689 3694 3693 3693 3690 3689 3698 3038 3037 3037 3697 3698 3697 3037 3034 3034 3684 3697 3696 3697 3684 3684 3683 3696 3695 3698 3697 3697 3696 3695 3702 3699 3700 3700 3701 3702 3701 3700 3703 3703 3704 3701 3706 3701 3704 3704 3705 3706 3707 3702 3701 3701 3706 3707 3704 3703 3708 3708 3709 3704 3709 3708 3710 3710 3711 3709 3713 3709 3711 3711 3712 3713 3705 3704 3709 3709 3713 3705 3715 3705 3713 3713 3714 3715 3714 3713 3712 3712 3716 3714 3071 3714 3716 3716 3072 3071 3067 3715 3714 3714 3071 3067 3718 3707 3706 3706 3717 3718 3717 3706 3705 3705 3715 3717 3066 3717 3715 3715 3067 3066 3058 3718 3717 3717 3066 3058 3720 3699 3702 3702 3719 3720 3719 3702 3707 3707 3721 3719 3723 3719 3721 3721 3722 3723 3724 3720 3719 3719 3723 3724 
						3721 3707 3718 3718 3725 3721 3725 3718 3058 3058 3057 3725 3726 3725 3057 3057 3054 3726 3722 3721 3725 3725 3726 3722 3728 3722 3726 3726 3727 3728 3727 3726 3054 3054 3053 3727 3729 3727 3053 3053 3052 3729 3730 3728 3727 3727 3729 3730 3732 3724 3723 3723 3731 3732 3731 3723 3722 3722 3728 3731 3733 3731 3728 3728 3730 3733 3734 3732 3731 3731 3733 3734 3736 3699 3720 3720 3735 3736 3735 3720 3724 3724 3737 3735 3741 3738 3739 3739 3740 3741 3743 3742 3738 3738 3741 3743 3737 3724 3732 3732 3744 3737 3744 3732 3734 3734 3745 3744 3749 3746 3747 3747 3748 3749 3740 3739 3746 3746 3749 3740 3751 3740 3749 3749 3750 3751 3750 3749 3748 3748 3752 3750 3754 3750 3752 3752 3753 3754 3755 3751 3750 3750 3754 3755 3757 3743 3741 3741 3756 3757 3756 3741 3740 3740 3751 3756 3758 3756 3751 3751 3755 3758 3153 3757 3756 3756 3758 3153 3700 3699 3736 3736 3759 3700 3761 3742 3743 3743 3760 3761 3763 3761 3760 3760 3762 3763 3703 3700 3759 3759 3764 3703 
						3760 3743 3757 3757 3765 3760 3765 3757 3153 3153 3152 3765 3766 3765 3152 3152 3148 3766 3762 3760 3765 3765 3766 3762 3768 3762 3766 3766 3767 3768 3767 3766 3148 3148 3147 3767 3769 3767 3147 3147 3139 3769 3770 3768 3767 3767 3769 3770 3708 3703 3764 3764 3771 3708 3772 3763 3762 3762 3768 3772 3773 3772 3768 3768 3770 3773 3710 3708 3771 3771 3774 3710 3778 3775 3776 3776 3777 3778 3782 3779 3780 3780 3781 3782 3784 3782 3781 3781 3783 3784 3786 3778 3777 3777 3785 3786 3781 3780 3787 3787 3788 3781 3788 3787 3337 3337 3336 3788 3789 3788 3336 3336 3333 3789 3783 3781 3788 3788 3789 3783 3791 3783 3789 3789 3790 3791 3790 3789 3333 3333 3332 3790 3792 3790 3332 3332 3331 3792 3793 3791 3790 3790 3792 3793 3795 3786 3785 3785 3794 3795 3796 3784 3783 3783 3791 3796 3797 3796 3791 3791 3793 3797 3799 3795 3794 3794 3798 3799 3801 3775 3778 3778 3800 3801 3800 3778 3786 3786 3802 3800 3804 3800 3802 3802 3803 3804 3805 3801 3800 3800 3804 3805 
						3802 3786 3795 3795 3806 3802 3806 3795 3799 3799 3807 3806 3809 3806 3807 3807 3808 3809 3803 3802 3806 3806 3809 3803 3811 3803 3809 3809 3810 3811 3810 3809 3808 3808 3812 3810 3814 3810 3812 3812 3813 3814 3815 3811 3810 3810 3814 3815 3817 3805 3804 3804 3816 3817 3816 3804 3803 3803 3811 3816 3818 3816 3811 3811 3815 3818 3819 3817 3816 3816 3818 3819 3821 3775 3801 3801 3820 3821 3820 3801 3805 3805 3822 3820 3824 3820 3822 3822 3823 3824 3825 3821 3820 3820 3824 3825 3822 3805 3817 3817 3826 3822 3826 3817 3819 3819 3827 3826 3829 3826 3827 3827 3828 3829 3823 3822 3826 3826 3829 3823 3831 3823 3829 3829 3830 3831 3830 3829 3828 3828 3832 3830 3834 3830 3832 3832 3833 3834 3835 3831 3830 3830 3834 3835 3837 3825 3824 3824 3836 3837 3836 3824 3823 3823 3831 3836 3838 3836 3831 3831 3835 3838 3839 3837 3836 3836 3838 3839 3776 3775 3821 3821 3840 3776 3840 3821 3825 3825 3841 3840 3845 3842 3843 3843 3844 3845 3780 3779 3842 3842 3845 3780 
						3841 3825 3837 3837 3846 3841 3846 3837 3839 3839 3847 3846 3851 3848 3849 3849 3850 3851 3844 3843 3848 3848 3851 3844 3853 3844 3851 3851 3852 3853 3852 3851 3850 3850 3854 3852 3350 3852 3854 3854 3351 3350 3346 3853 3852 3852 3350 3346 3787 3780 3845 3845 3855 3787 3855 3845 3844 3844 3853 3855 3345 3855 3853 3853 3346 3345 3337 3787 3855 3855 3345 3337 3857 3256 3255 3255 3856 3857 3856 3255 3252 3252 3858 3856 3860 3856 3858 3858 3859 3860 3861 3857 3856 3856 3860 3861 3858 3252 3251 3251 3862 3858 3862 3251 3250 3250 3863 3862 3865 3862 3863 3863 3864 3865 3859 3858 3862 3862 3865 3859 3867 3859 3865 3865 3866 3867 3866 3865 3864 3864 3868 3866 3870 3866 3868 3868 3869 3870 3871 3867 3866 3866 3870 3871 3873 3861 3860 3860 3872 3873 3872 3860 3859 3859 3867 3872 3874 3872 3867 3867 3871 3874 3875 3873 3872 3872 3874 3875 3264 3256 3857 3857 3876 3264 3876 3857 3861 3861 3877 3876 3879 3876 3877 3877 3878 3879 3265 3264 3876 3876 3879 3265 
						3877 3861 3873 3873 3880 3877 3880 3873 3875 3875 3881 3880 3883 3880 3881 3881 3882 3883 3878 3877 3880 3880 3883 3878 3885 3878 3883 3883 3884 3885 3884 3883 3882 3882 3886 3884 3888 3884 3886 3886 3887 3888 3889 3885 3884 3884 3888 3889 3269 3265 3879 3879 3890 3269 3890 3879 3878 3878 3885 3890 3891 3890 3885 3885 3889 3891 3270 3269 3890 3890 3891 3270 3895 3892 3893 3893 3894 3895 3894 3893 3896 3896 3897 3894 3899 3894 3897 3897 3898 3899 3900 3895 3894 3894 3899 3900 3897 3896 3901 3901 3902 3897 3902 3901 3903 3903 3904 3902 3906 3902 3904 3904 3905 3906 3898 3897 3902 3902 3906 3898 3908 3898 3906 3906 3907 3908 3907 3906 3905 3905 3909 3907 3911 3907 3909 3909 3910 3911 3912 3908 3907 3907 3911 3912 3914 3900 3899 3899 3913 3914 3913 3899 3898 3898 3908 3913 3915 3913 3908 3908 3912 3915 3916 3914 3913 3913 3915 3916 3918 3892 3895 3895 3917 3918 3917 3895 3900 3900 3919 3917 3921 3917 3919 3919 3920 3921 3922 3918 3917 3917 3921 3922 
						3919 3900 3914 3914 3923 3919 3923 3914 3916 3916 3924 3923 3926 3923 3924 3924 3925 3926 3920 3919 3923 3923 3926 3920 3928 3920 3926 3926 3927 3928 3927 3926 3925 3925 3929 3927 3931 3927 3929 3929 3930 3931 3932 3928 3927 3927 3931 3932 3934 3922 3921 3921 3933 3934 3933 3921 3920 3920 3928 3933 3935 3933 3928 3928 3932 3935 3936 3934 3933 3933 3935 3936 3938 3892 3918 3918 3937 3938 3937 3918 3922 3922 3939 3937 3943 3940 3941 3941 3942 3943 3945 3944 3940 3940 3943 3945 3939 3922 3934 3934 3946 3939 3946 3934 3936 3936 3947 3946 3951 3948 3949 3949 3950 3951 3942 3941 3948 3948 3951 3942 3953 3942 3951 3951 3952 3953 3952 3951 3950 3950 3954 3952 3667 3952 3954 3954 3668 3667 3664 3953 3952 3952 3667 3664 3956 3945 3943 3943 3955 3956 3955 3943 3942 3942 3953 3955 3663 3955 3953 3953 3664 3663 3662 3956 3955 3955 3663 3662 3893 3892 3938 3938 3957 3893 3959 3944 3945 3945 3958 3959 3961 3959 3958 3958 3960 3961 3896 3893 3957 3957 3962 3896 
						3958 3945 3956 3956 3963 3958 3963 3956 3662 3662 3964 3963 3966 3963 3964 3964 3965 3966 3960 3958 3963 3963 3966 3960 3968 3960 3966 3966 3967 3968 3967 3966 3965 3965 3969 3967 3971 3967 3969 3969 3970 3971 3972 3968 3967 3967 3971 3972 3901 3896 3962 3962 3973 3901 3974 3961 3960 3960 3968 3974 3975 3974 3968 3968 3972 3975 3903 3901 3973 3973 3976 3903 3979 3596 3977 3977 3978 3979 3978 3977 3980 3980 3981 3978 3983 3978 3981 3981 3982 3983 3984 3979 3978 3978 3983 3984 3981 3980 3985 3985 3986 3981 3986 3985 3534 3534 3533 3986 3987 3986 3533 3533 3529 3987 3982 3981 3986 3986 3987 3982 3989 3982 3987 3987 3988 3989 3988 3987 3529 3529 3528 3988 3990 3988 3528 3528 3499 3990 3991 3989 3988 3988 3990 3991 3993 3984 3983 3983 3992 3993 3992 3983 3982 3982 3989 3992 3994 3992 3989 3989 3991 3994 3995 3993 3992 3992 3994 3995 3597 3596 3979 3979 3996 3597 3996 3979 3984 3984 3997 3996 3999 3996 3997 3997 3998 3999 3600 3597 3996 3996 3999 3600 
						3997 3984 3993 3993 4000 3997 4000 3993 3995 3995 4001 4000 4003 4000 4001 4001 4002 4003 3998 3997 4000 4000 4003 3998 4005 3998 4003 4003 4004 4005 4004 4003 4002 4002 4006 4004 1023 4004 4006 4006 1024 1023 1019 4005 4004 4004 1023 1019 3603 3600 3999 3999 4007 3603 4007 3999 3998 3998 4005 4007 1018 4007 4005 4005 1019 1018 596 3603 4007 4007 1018 596 3977 3596 3599 3599 4008 3977 4008 3599 3594 3594 4009 4008 4011 4008 4009 4009 4010 4011 3980 3977 4008 4008 4011 3980 4009 3594 3592 3592 4012 4009 4012 3592 3587 3587 3586 4012 4013 4012 3586 3586 3583 4013 4010 4009 4012 4012 4013 4010 4015 4010 4013 4013 4014 4015 4014 4013 3583 3583 3582 4014 4016 4014 3582 3582 3581 4016 4017 4015 4014 4014 4016 4017 3985 3980 4011 4011 4018 3985 4018 4011 4010 4010 4015 4018 4019 4018 4015 4015 4017 4019 3534 3985 4018 4018 4019 3534 4021 3995 3994 3994 4020 4021 4020 3994 3991 3991 4022 4020 4024 4020 4022 4022 4023 4024 4025 4021 4020 4020 4024 4025 
						4022 3991 3990 3990 4026 4022 4026 3990 3499 3499 3498 4026 4027 4026 3498 3498 3494 4027 4023 4022 4026 4026 4027 4023 4029 4023 4027 4027 4028 4029 4028 4027 3494 3494 3493 4028 4030 4028 3493 3493 3485 4030 4031 4029 4028 4028 4030 4031 4033 4025 4024 4024 4032 4033 4032 4024 4023 4023 4029 4032 4034 4032 4029 4029 4031 4034 4035 4033 4032 4032 4034 4035 4001 3995 4021 4021 4036 4001 4036 4021 4025 4025 4037 4036 4039 4036 4037 4037 4038 4039 4002 4001 4036 4036 4039 4002 4037 4025 4033 4033 4040 4037 4040 4033 4035 4035 4041 4040 4043 4040 4041 4041 4042 4043 4038 4037 4040 4040 4043 4038 4045 4038 4043 4043 4044 4045 4044 4043 4042 4042 4046 4044 1067 4044 4046 4046 1068 1067 1063 4045 4044 4044 1067 1063 4006 4002 4039 4039 4047 4006 4047 4039 4038 4038 4045 4047 1062 4047 4045 4045 1063 1062 1024 4006 4047 4047 1062 1024 4049 3171 3170 3170 4048 4049 4048 3170 3166 3166 4050 4048 4052 4048 4050 4050 4051 4052 4053 4049 4048 4048 4052 4053 
						4050 3166 3165 3165 4054 4050 4054 3165 3159 3159 4055 4054 4057 4054 4055 4055 4056 4057 4051 4050 4054 4054 4057 4051 4059 4051 4057 4057 4058 4059 4058 4057 4056 4056 4060 4058 4062 4058 4060 4060 4061 4062 4063 4059 4058 4058 4062 4063 4065 4053 4052 4052 4064 4065 4064 4052 4051 4051 4059 4064 4066 4064 4059 4059 4063 4066 4067 4065 4064 4064 4066 4067 3183 3171 4049 4049 4068 3183 4068 4049 4053 4053 4069 4068 4071 4068 4069 4069 4070 4071 3184 3183 4068 4068 4071 3184 4069 4053 4065 4065 4072 4069 4072 4065 4067 4067 4073 4072 4075 4072 4073 4073 4074 4075 4070 4069 4072 4072 4075 4070 4077 4070 4075 4075 4076 4077 4076 4075 4074 4074 4078 4076 4080 4076 4078 4078 4079 4080 4081 4077 4076 4076 4080 4081 3188 3184 4071 4071 4082 3188 4082 4071 4070 4070 4077 4082 4083 4082 4077 4077 4081 4083 3189 3188 4082 4082 4083 3189 4087 4084 4085 4085 4086 4087 4086 4085 4088 4088 4089 4086 4091 4086 4089 4089 4090 4091 4092 4087 4086 4086 4091 4092 
						4089 4088 4093 4093 4094 4089 4094 4093 4095 4095 4096 4094 4098 4094 4096 4096 4097 4098 4090 4089 4094 4094 4098 4090 4100 4090 4098 4098 4099 4100 4099 4098 4097 4097 4101 4099 4103 4099 4101 4101 4102 4103 4104 4100 4099 4099 4103 4104 4106 4092 4091 4091 4105 4106 4105 4091 4090 4090 4100 4105 4107 4105 4100 4100 4104 4107 4108 4106 4105 4105 4107 4108 4110 4084 4087 4087 4109 4110 4109 4087 4092 4092 4111 4109 4113 4109 4111 4111 4112 4113 4114 4110 4109 4109 4113 4114 4111 4092 4106 4106 4115 4111 4115 4106 4108 4108 4116 4115 4118 4115 4116 4116 4117 4118 4112 4111 4115 4115 4118 4112 4120 4112 4118 4118 4119 4120 4119 4118 4117 4117 4121 4119 4123 4119 4121 4121 4122 4123 4124 4120 4119 4119 4123 4124 4126 4114 4113 4113 4125 4126 4125 4113 4112 4112 4120 4125 4127 4125 4120 4120 4124 4127 4128 4126 4125 4125 4127 4128 4130 4084 4110 4110 4129 4130 4129 4110 4114 4114 4131 4129 4133 4129 4131 4131 4132 4133 4134 4130 4129 4129 4133 4134 
						4131 4114 4126 4126 4135 4131 4135 4126 4128 4128 4136 4135 4138 4135 4136 4136 4137 4138 4132 4131 4135 4135 4138 4132 4140 4132 4138 4138 4139 4140 4139 4138 4137 4137 4141 4139 4143 4139 4141 4141 4142 4143 4144 4140 4139 4139 4143 4144 4146 4134 4133 4133 4145 4146 4145 4133 4132 4132 4140 4145 4147 4145 4140 4140 4144 4147 4148 4146 4145 4145 4147 4148 4085 4084 4130 4130 4149 4085 4149 4130 4134 4134 4150 4149 4152 4149 4150 4150 4151 4152 4088 4085 4149 4149 4152 4088 4150 4134 4146 4146 4153 4150 4153 4146 4148 4148 4154 4153 4156 4153 4154 4154 4155 4156 4151 4150 4153 4153 4156 4151 4158 4151 4156 4156 4157 4158 4157 4156 4155 4155 4159 4157 4161 4157 4159 4159 4160 4161 4162 4158 4157 4157 4161 4162 4093 4088 4152 4152 4163 4093 4163 4152 4151 4151 4158 4163 4164 4163 4158 4158 4162 4164 4095 4093 4163 4163 4164 4095 4168 4165 4166 4166 4167 4168 4167 4166 4169 4169 4170 4167 4172 4167 4170 4170 4171 4172 4173 4168 4167 4167 4172 4173 
						4170 4169 4174 4174 4175 4170 4175 4174 4160 4160 4176 4175 4178 4175 4176 4176 4177 4178 4171 4170 4175 4175 4178 4171 4180 4171 4178 4178 4179 4180 4179 4178 4177 4177 4181 4179 3915 4179 4181 4181 3916 3915 3912 4180 4179 4179 3915 3912 4183 4173 4172 4172 4182 4183 4182 4172 4171 4171 4180 4182 3911 4182 4180 4180 3912 3911 3910 4183 4182 4182 3911 3910 4185 4165 4168 4168 4184 4185 4184 4168 4173 4173 4186 4184 4188 4184 4186 4186 4187 4188 4189 4185 4184 4184 4188 4189 4183 3910 4190 4190 4191 4183 4191 4190 4192 4192 4193 4191 4186 4191 4193 4193 4187 4186 4173 4183 4191 4191 4186 4173 4196 3833 4194 4194 4195 4196 4195 4194 4197 4197 4198 4195 4193 4195 4198 4198 4187 4193 4192 4196 4195 4195 4193 4192 4200 1221 1224 1224 4199 4200 4199 1224 1219 1219 4201 4199 4198 4199 4201 4201 4187 4198 4197 4200 4199 4199 4198 4197 1216 1215 4202 4202 4203 1216 4203 4202 4189 4189 4188 4203 4201 4203 4188 4188 4187 4201 1219 1216 4203 4203 4201 1219 
						4205 4035 4034 4034 4204 4205 4204 4034 4031 4031 4206 4204 4208 4204 4206 4206 4207 4208 4209 4205 4204 4204 4208 4209 4206 4031 4030 4030 4210 4206 4210 4030 3485 3485 3484 4210 4211 4210 3484 3484 3481 4211 4207 4206 4210 4210 4211 4207 4213 4207 4211 4211 4212 4213 4212 4211 3481 3481 3480 4212 4214 4212 3480 3480 3479 4214 4215 4213 4212 4212 4214 4215 4217 4209 4208 4208 4216 4217 4216 4208 4207 4207 4213 4216 4218 4216 4213 4213 4215 4218 4219 4217 4216 4216 4218 4219 4221 3581 3580 3580 4220 4221 4220 3580 3576 3576 4222 4220 4220 4222 4223 4220 4223 4224 4225 4221 4220 4220 4224 4225 4222 3576 3575 3575 4226 4222 4226 3575 3357 3357 3356 4226 4227 4226 3356 3356 3353 4227 4223 4222 4226 4226 4227 4223 4229 4223 4227 4227 4228 4229 4228 4227 3353 3353 3352 4228 4230 4228 3352 3352 3351 4230 4231 4229 4228 4228 4230 4231 4233 4225 4224 4224 4232 4233 4232 4224 4223 4223 4229 4232 4234 4232 4229 4229 4231 4234 3970 4233 4232 4232 4234 3970 
						4016 3581 4221 4221 4235 4016 4235 4221 4225 4225 4236 4235 4238 4235 4236 4236 4237 4238 4017 4016 4235 4235 4238 4017 4236 4225 4233 4233 4239 4236 4239 4233 3970 3970 3969 4239 4240 4239 3969 3969 3965 4240 4237 4236 4239 4239 4240 4237 4242 4237 4240 4240 4241 4242 4241 4240 3965 3965 3964 4241 3661 4241 3964 3964 3662 3661 3657 4242 4241 4241 3661 3657 4019 4017 4238 4238 4243 4019 4243 4238 4237 4237 4242 4243 3656 4243 4242 4242 3657 3656 3534 4019 4243 4243 3656 3534 3084 3078 4244 4244 4245 3084 4245 4244 4246 4246 4247 4245 4249 4245 4247 4247 4248 4249 3085 3084 4245 4245 4249 3085 4247 4246 4250 4250 4251 4247 4251 4250 4142 4142 4252 4251 4254 4251 4252 4252 4253 4254 4248 4247 4251 4251 4254 4248 4256 4248 4254 4254 4255 4256 4255 4254 4253 4253 4257 4255 4259 4255 4257 4257 4258 4259 4260 4256 4255 4255 4259 4260 3089 3085 4249 4249 4261 3089 4261 4249 4248 4248 4256 4261 4262 4261 4256 4256 4260 4262 3090 3089 4261 4261 4262 3090 
						4244 3078 3077 3077 4263 4244 4263 3077 3074 3074 4264 4263 4266 4263 4264 4264 4265 4266 4246 4244 4263 4263 4266 4246 4264 3074 3073 3073 4267 4264 4267 3073 3072 3072 4268 4267 4270 4267 4268 4268 4269 4270 4265 4264 4267 4267 4270 4265 4272 4265 4270 4270 4271 4272 4271 4270 4269 4269 4273 4271 4275 4271 4273 4273 4274 4275 4276 4272 4271 4271 4275 4276 4250 4246 4266 4266 4277 4250 4277 4266 4265 4265 4272 4277 4278 4277 4272 4272 4276 4278 4142 4250 4277 4277 4278 4142 4280 3288 3287 3287 4279 4280 4279 3287 3283 3283 4281 4279 4283 4279 4281 4281 4282 4283 4284 4280 4279 4279 4283 4284 4281 3283 3282 3282 4285 4281 4285 3282 3276 3276 4286 4285 4288 4285 4286 4286 4287 4288 4282 4281 4285 4285 4288 4282 4290 4282 4288 4288 4289 4290 4289 4288 4287 4287 4291 4289 4292 4289 4291 4291 4067 4292 4293 4290 4289 4289 4292 4293 4295 4284 4283 4283 4294 4295 4294 4283 4282 4282 4290 4294 4296 4294 4290 4290 4293 4296 3311 4295 4294 4294 4296 3311 
						4298 3288 4280 4280 4297 4298 4297 4280 4284 4284 4299 4297 4301 4297 4299 4299 4300 4301 4302 4298 4297 4297 4301 4302 4295 3311 3310 3310 4303 4295 4303 3310 3306 3306 4304 4303 4299 4303 4304 4304 4300 4299 4284 4295 4303 4303 4299 4284 3305 3304 4305 4305 4306 3305 4306 4305 4307 4307 4308 4306 4304 4306 4308 4308 4300 4304 3306 3305 4306 4306 4304 3306 4310 1339 1342 1342 4309 4310 4309 1342 1337 1337 4311 4309 4308 4309 4311 4311 4300 4308 4307 4310 4309 4309 4308 4307 1334 1333 4312 4312 4313 1334 4313 4312 4302 4302 4301 4313 4311 4313 4301 4301 4300 4311 1337 1334 4313 4313 4311 1337 3289 3288 4298 4298 4314 3289 4314 4298 4302 4302 4315 4314 4317 4314 4315 4315 4316 4317 3290 3289 4314 4314 4317 3290 4315 4302 4312 4312 4318 4315 4318 4312 1333 1333 1360 4318 4319 4318 1360 1360 1358 4319 4316 4315 4318 4318 4319 4316 4321 4316 4319 4319 4320 4321 4320 4319 1358 1358 1357 4320 3634 4320 1357 1357 641 3634 3630 4321 4320 4320 3634 3630 
						3292 3290 4317 4317 4322 3292 4322 4317 4316 4316 4321 4322 3629 4322 4321 4321 3630 3629 3223 3292 4322 4322 3629 3223 4055 3159 3158 3158 4323 4055 4323 3158 3155 3155 4324 4323 4326 4323 4324 4324 4325 4326 4056 4055 4323 4323 4326 4056 4324 3155 3154 3154 4327 4324 4327 3154 3153 3153 3758 4327 4328 4327 3758 3758 3755 4328 4325 4324 4327 4327 4328 4325 4330 4325 4328 4328 4329 4330 4329 4328 3755 3755 3754 4329 4331 4329 3754 3754 3753 4331 4332 4330 4329 4329 4331 4332 4060 4056 4326 4326 4333 4060 4333 4326 4325 4325 4330 4333 4334 4333 4330 4330 4332 4334 4061 4060 4333 4333 4334 4061 4338 4335 4336 4336 4337 4338 4337 4336 4339 4339 4340 4337 4342 4337 4340 4340 4341 4342 4343 4338 4337 4337 4342 4343 4340 4339 4344 4344 4345 4340 4345 4344 4346 4346 4347 4345 4349 4345 4347 4347 4348 4349 4341 4340 4345 4345 4349 4341 4351 4341 4349 4349 4350 4351 4350 4349 4348 4348 4352 4350 4354 4350 4352 4352 4353 4354 4355 4351 4350 4350 4354 4355 
						4357 4343 4342 4342 4356 4357 4356 4342 4341 4341 4351 4356 4358 4356 4351 4351 4355 4358 4359 4357 4356 4356 4358 4359 4361 4335 4338 4338 4360 4361 4360 4338 4343 4343 4362 4360 4364 4360 4362 4362 4363 4364 4365 4361 4360 4360 4364 4365 4362 4343 4357 4357 4366 4362 4366 4357 4359 4359 4367 4366 4369 4366 4367 4367 4368 4369 4363 4362 4366 4366 4369 4363 4371 4363 4369 4369 4370 4371 4370 4369 4368 4368 4372 4370 4374 4370 4372 4372 4373 4374 4375 4371 4370 4370 4374 4375 4377 4365 4364 4364 4376 4377 4376 4364 4363 4363 4371 4376 4378 4376 4371 4371 4375 4378 3459 4377 4376 4376 4378 3459 4380 4335 4361 4361 4379 4380 4379 4361 4365 4365 4381 4379 4383 4379 4381 4381 4382 4383 4384 4380 4379 4379 4383 4384 4381 4365 4377 4377 4385 4381 4385 4377 3459 3459 3458 4385 4386 4385 3458 3458 3454 4386 4382 4381 4385 4385 4386 4382 4388 4382 4386 4386 4387 4388 4387 4386 3454 3454 3453 4387 4389 4387 3453 3453 3452 4389 4390 4388 4387 4387 4389 4390 
						4392 4384 4383 4383 4391 4392 4391 4383 4382 4382 4388 4391 4393 4391 4388 4388 4390 4393 4394 4392 4391 4391 4393 4394 4336 4335 4380 4380 4395 4336 4395 4380 4384 4384 4396 4395 4398 4395 4396 4396 4397 4398 4339 4336 4395 4395 4398 4339 4396 4384 4392 4392 4399 4396 4399 4392 4394 4394 4400 4399 4402 4399 4400 4400 4401 4402 4397 4396 4399 4399 4402 4397 4404 4397 4402 4402 4403 4404 4403 4402 4401 4401 4405 4403 4407 4403 4405 4405 4406 4407 4408 4404 4403 4403 4407 4408 4344 4339 4398 4398 4409 4344 4409 4398 4397 4397 4404 4409 4410 4409 4404 4404 4408 4410 4346 4344 4409 4409 4410 4346 4389 3452 3520 3520 4411 4389 4411 3520 3518 3518 4412 4411 4414 4411 4412 4412 4413 4414 4390 4389 4411 4411 4414 4390 4412 3518 3517 3517 4415 4412 4415 3517 3113 3113 3211 4415 4416 4415 3211 3211 3209 4416 4413 4412 4415 4415 4416 4413 4418 4413 4416 4416 4417 4418 4417 4416 3209 3209 3208 4417 4419 4417 3208 3208 3207 4419 4420 4418 4417 4417 4419 4420 
						4393 4390 4414 4414 4421 4393 4421 4414 4413 4413 4418 4421 4422 4421 4418 4418 4420 4422 4394 4393 4421 4421 4422 4394 3201 3195 4423 4423 4424 3201 4424 4423 4425 4425 4426 4424 4428 4424 4426 4426 4427 4428 3202 3201 4424 4424 4428 3202 4426 4425 4429 4429 4430 4426 4430 4429 4431 4431 4432 4430 4434 4430 4432 4432 4433 4434 4427 4426 4430 4430 4434 4427 4436 4427 4434 4434 4435 4436 4435 4434 4433 4433 4437 4435 4439 4435 4437 4437 4438 4439 4440 4436 4435 4435 4439 4440 3206 3202 4428 4428 4441 3206 4441 4428 4427 4427 4436 4441 4442 4441 4436 4436 4440 4442 3207 3206 4441 4441 4442 3207 4423 3195 3194 3194 4443 4423 4443 3194 3191 3191 4444 4443 4446 4443 4444 4444 4445 4446 4425 4423 4443 4443 4446 4425 4444 3191 3190 3190 4447 4444 4447 3190 3189 3189 4448 4447 4450 4447 4448 4448 4449 4450 4445 4444 4447 4447 4450 4445 4452 4445 4450 4450 4451 4452 4451 4450 4449 4449 4453 4451 4455 4451 4453 4453 4454 4455 4456 4452 4451 4451 4455 4456 
						4429 4425 4446 4446 4457 4429 4457 4446 4445 4445 4452 4457 4458 4457 4452 4452 4456 4458 4431 4429 4457 4457 4458 4431 3046 3038 3698 3698 4459 3046 4459 3698 3695 3695 4460 4459 4462 4459 4460 4460 4461 4462 3047 3046 4459 4459 4462 3047 4460 3695 3692 3692 4463 4460 4463 3692 3691 3691 4464 4463 4466 4463 4464 4464 4465 4466 4461 4460 4463 4463 4466 4461 4468 4461 4466 4466 4467 4468 4467 4466 4465 4465 4469 4467 4470 4467 4469 4469 3813 4470 4471 4468 4467 4467 4470 4471 3051 3047 4462 4462 4472 3051 4472 4462 4461 4461 4468 4472 4473 4472 4468 4468 4471 4473 3052 3051 4472 4472 4473 3052 3807 3799 4474 4474 4475 3807 4475 4474 4476 4476 4477 4475 4479 4475 4477 4477 4478 4479 3808 3807 4475 4475 4479 3808 4477 4476 4480 4480 4481 4477 4481 4480 3734 3734 3733 4481 4482 4481 3733 3733 3730 4482 4478 4477 4481 4481 4482 4478 4484 4478 4482 4482 4483 4484 4483 4482 3730 3730 3729 4483 4473 4483 3729 3729 3052 4473 4471 4484 4483 4483 4473 4471 
						3812 3808 4479 4479 4485 3812 4485 4479 4478 4478 4484 4485 4470 4485 4484 4484 4471 4470 3813 3812 4485 4485 4470 3813 4474 3799 3798 3798 4486 4474 4488 3797 3793 3793 4487 4488 4490 4488 4487 4487 4489 4490 4476 4474 4486 4486 4491 4476 4487 3793 3792 3792 4492 4487 4492 3792 3331 3331 4493 4492 4495 4492 4493 4493 4494 4495 4489 4487 4492 4492 4495 4489 4497 4489 4495 4495 4496 4497 4496 4495 4494 4494 4498 4496 3752 4496 4498 4498 3753 3752 3748 4497 4496 4496 3752 3748 4480 4476 4491 4491 4499 4480 4500 4490 4489 4489 4497 4500 3747 4500 4497 4497 3748 3747 3734 4480 4499 4499 3745 3734 3947 3936 4501 4501 4502 3947 4502 4501 4503 4503 4504 4502 4508 4505 4506 4506 4507 4508 3950 3949 4505 4505 4508 3950 4504 4503 4509 4509 4510 4504 4510 4509 4511 4511 4512 4510 4516 4513 4514 4514 4515 4516 4507 4506 4513 4513 4516 4507 4518 4507 4516 4516 4517 4518 4517 4516 4515 4515 4519 4517 3679 4517 4519 4519 3133 3679 3675 4518 4517 4517 3679 3675 
						3954 3950 4508 4508 4520 3954 4520 4508 4507 4507 4518 4520 3674 4520 4518 4518 3675 3674 3668 3954 4520 4520 3674 3668 4501 3936 3935 3935 4521 4501 4521 3935 3932 3932 4522 4521 4524 4521 4522 4522 4523 4524 4503 4501 4521 4521 4524 4503 4522 3932 3931 3931 4525 4522 4525 3931 3930 3930 4526 4525 4528 4525 4526 4526 4527 4528 4523 4522 4525 4525 4528 4523 4530 4523 4528 4528 4529 4530 4529 4528 4527 4527 4531 4529 4532 4529 4531 4531 4274 4532 4533 4530 4529 4529 4532 4533 4509 4503 4524 4524 4534 4509 4534 4524 4523 4523 4530 4534 4535 4534 4530 4530 4533 4535 4511 4509 4534 4534 4535 4511 4539 4536 4537 4537 4538 4539 4538 4537 4540 4540 4541 4538 4543 4538 4541 4541 4542 4543 4544 4539 4538 4538 4543 4544 4541 4540 4545 4545 4546 4541 4546 4545 4547 4547 4548 4546 4550 4546 4548 4548 4549 4550 4542 4541 4546 4546 4550 4542 4552 4542 4550 4550 4551 4552 4551 4550 4549 4549 4553 4551 4555 4551 4553 4553 4554 4555 4556 4552 4551 4551 4555 4556 
						4558 4544 4543 4543 4557 4558 4557 4543 4542 4542 4552 4557 4559 4557 4552 4552 4556 4559 4560 4558 4557 4557 4559 4560 4537 4536 4561 4561 4562 4537 4566 4563 4564 4564 4565 4566 4568 4566 4565 4565 4567 4568 4540 4537 4562 4562 4569 4540 4565 4564 4570 4570 4571 4565 4571 4570 4572 4572 4573 4571 4575 4571 4573 4573 4574 4575 4567 4565 4571 4571 4575 4567 4577 4567 4575 4575 4576 4577 4576 4575 4574 4574 4578 4576 4580 4576 4578 4578 4579 4580 4581 4577 4576 4576 4580 4581 4545 4540 4569 4569 4582 4545 4583 4568 4567 4567 4577 4583 4584 4583 4577 4577 4581 4584 4547 4545 4582 4582 4585 4547 4548 4547 4586 4586 4587 4548 4587 4586 4588 4588 4589 4587 4591 4587 4589 4589 4590 4591 4549 4548 4587 4587 4591 4549 4589 4588 4592 4592 4593 4589 4593 4592 4594 4594 4595 4593 4597 4593 4595 4595 4596 4597 4590 4589 4593 4593 4597 4590 4599 4590 4597 4597 4598 4599 4598 4597 4596 4596 4600 4598 4602 4598 4600 4600 4601 4602 4603 4599 4598 4598 4602 4603 
						4553 4549 4591 4591 4604 4553 4604 4591 4590 4590 4599 4604 4605 4604 4599 4599 4603 4605 4554 4553 4604 4604 4605 4554 4586 4547 4585 4585 4606 4586 4608 4584 4581 4581 4607 4608 4610 4608 4607 4607 4609 4610 4588 4586 4606 4606 4611 4588 4607 4581 4580 4580 4612 4607 4612 4580 4579 4579 4613 4612 4615 4612 4613 4613 4614 4615 4609 4607 4612 4612 4615 4609 4617 4609 4615 4615 4616 4617 4616 4615 4614 4614 4618 4616 4620 4616 4618 4618 4619 4620 4621 4617 4616 4616 4620 4621 4592 4588 4611 4611 4622 4592 4623 4610 4609 4609 4617 4623 4624 4623 4617 4617 4621 4624 4594 4592 4622 4622 4625 4594 4062 4061 4626 4626 4627 4062 4627 4626 4628 4628 4629 4627 4631 4627 4629 4629 4630 4631 4063 4062 4627 4627 4631 4063 4629 4628 4632 4632 4633 4629 4633 4632 3317 3317 3316 4633 4634 4633 3316 3316 3313 4634 4630 4629 4633 4633 4634 4630 4636 4630 4634 4634 4635 4636 4635 4634 3313 3313 3312 4635 4296 4635 3312 3312 3311 4296 4293 4636 4635 4635 4296 4293 
						4066 4063 4631 4631 4637 4066 4637 4631 4630 4630 4636 4637 4292 4637 4636 4636 4293 4292 4067 4066 4637 4637 4292 4067 4626 4061 4334 4334 4638 4626 4638 4334 4332 4332 4639 4638 4641 4638 4639 4639 4640 4641 4628 4626 4638 4638 4641 4628 4639 4332 4331 4331 4642 4639 4642 4331 3753 3753 4498 4642 4643 4642 4498 4498 4494 4643 4640 4639 4642 4642 4643 4640 4645 4640 4643 4643 4644 4645 4644 4643 4494 4494 4493 4644 3330 4644 4493 4493 3331 3330 3326 4645 4644 4644 3330 3326 4632 4628 4641 4641 4646 4632 4646 4641 4640 4640 4645 4646 3325 4646 4645 4645 3326 3325 3317 4632 4646 4646 3325 3317 4650 4647 4648 4648 4649 4650 4649 4648 4651 4651 4652 4649 4654 4649 4652 4652 4653 4654 4655 4650 4649 4649 4654 4655 4652 4651 4656 4656 4657 4652 4657 4656 4658 4658 4659 4657 4661 4657 4659 4659 4660 4661 4653 4652 4657 4657 4661 4653 4663 4653 4661 4661 4662 4663 4662 4661 4660 4660 4664 4662 4666 4662 4664 4664 4665 4666 4667 4663 4662 4662 4666 4667 
						4669 4655 4654 4654 4668 4669 4668 4654 4653 4653 4663 4668 4670 4668 4663 4663 4667 4670 4671 4669 4668 4668 4670 4671 4673 4647 4650 4650 4672 4673 4672 4650 4655 4655 4674 4672 4676 4672 4674 4674 4675 4676 4677 4673 4672 4672 4676 4677 4674 4655 4669 4669 4678 4674 4678 4669 4671 4671 4679 4678 4681 4678 4679 4679 4680 4681 4675 4674 4678 4678 4681 4675 4683 4675 4681 4681 4682 4683 4682 4681 4680 4680 4684 4682 4686 4682 4684 4684 4685 4686 4687 4683 4682 4682 4686 4687 4689 4677 4676 4676 4688 4689 4688 4676 4675 4675 4683 4688 4690 4688 4683 4683 4687 4690 4691 4689 4688 4688 4690 4691 4693 4647 4673 4673 4692 4693 4692 4673 4677 4677 4694 4692 4698 4695 4696 4696 4697 4698 4700 4699 4695 4695 4698 4700 4694 4677 4689 4689 4701 4694 4701 4689 4691 4691 4702 4701 4706 4703 4704 4704 4705 4706 4697 4696 4703 4703 4706 4697 4708 4697 4706 4706 4707 4708 4707 4706 4705 4705 4709 4707 4107 4707 4709 4709 4108 4107 4104 4708 4707 4707 4107 4104 
						4711 4700 4698 4698 4710 4711 4710 4698 4697 4697 4708 4710 4103 4710 4708 4708 4104 4103 4102 4711 4710 4710 4103 4102 4648 4647 4693 4693 4712 4648 4714 4699 4700 4700 4713 4714 4716 4714 4713 4713 4715 4716 4651 4648 4712 4712 4717 4651 4711 4102 4718 4718 4719 4711 4719 4718 4720 4720 4721 4719 4713 4719 4721 4721 4715 4713 4700 4711 4719 4719 4713 4700 4723 1768 1771 1771 4722 4723 4722 1771 1766 1766 4724 4722 4721 4722 4724 4724 4715 4721 4720 4723 4722 4722 4721 4720 1763 1762 4725 4725 4726 1763 4726 4725 4727 4727 4728 4726 4724 4726 4728 4728 4715 4724 1766 1763 4726 4726 4724 1766 4730 4658 4656 4656 4729 4730 4729 4656 4651 4651 4717 4729 4728 4731 4716 4716 4715 4728 4727 4732 4731 4731 4728 4727 4734 3385 3440 3440 4733 4734 4733 3440 3438 3438 4735 4733 4737 4733 4735 4735 4736 4737 4738 4734 4733 4733 4737 4738 4735 3438 3437 3437 4739 4735 4739 3437 3025 3025 4740 4739 4742 4739 4740 4740 4741 4742 4736 4735 4739 4739 4742 4736 
						4744 4736 4742 4742 4743 4744 4743 4742 4741 4741 4745 4743 4747 4743 4745 4745 4746 4747 4748 4744 4743 4743 4747 4748 4750 4738 4737 4737 4749 4750 4749 4737 4736 4736 4744 4749 4751 4749 4744 4744 4748 4751 4752 4750 4749 4749 4751 4752 3386 3385 4734 4734 4753 3386 4753 4734 4738 4738 4754 4753 4756 4753 4754 4754 4755 4756 3387 3386 4753 4753 4756 3387 4754 4738 4750 4750 4757 4754 4757 4750 4752 4752 4758 4757 4760 4757 4758 4758 4759 4760 4755 4754 4757 4757 4760 4755 4762 4755 4760 4760 4761 4762 4761 4760 4759 4759 4763 4761 4765 4761 4763 4763 4764 4765 4766 4762 4761 4761 4765 4766 3391 3387 4756 4756 4767 3391 4767 4756 4755 4755 4762 4767 4768 4767 4762 4762 4766 4768 3392 3391 4767 4767 4768 3392 4770 4658 4730 4730 4769 4770 4772 4732 4727 4727 4771 4772 4774 4772 4771 4771 4773 4774 4776 4770 4769 4769 4775 4776 4725 1762 1829 1829 4777 4725 4777 1829 1825 1825 4778 4777 4771 4777 4778 4778 4773 4771 4727 4725 4777 4777 4771 4727 
						1821 1820 4779 4779 4780 1821 4780 4779 4776 4776 4775 4780 4778 4781 4774 4774 4773 4778 1825 1824 4781 4781 4778 1825 4659 4658 4770 4770 4782 4659 4782 4770 4776 4776 4783 4782 4785 4782 4783 4783 4784 4785 4660 4659 4782 4782 4785 4660 4783 4776 4779 4779 4786 4783 4786 4779 1820 1820 1845 4786 4787 4786 1845 1845 1843 4787 4784 4783 4786 4786 4787 4784 4789 4784 4787 4787 4788 4789 4788 4787 1843 1843 1842 4788 4790 4788 1842 1842 1841 4790 4791 4789 4788 4788 4790 4791 4664 4660 4785 4785 4792 4664 4792 4785 4784 4784 4789 4792 4793 4792 4789 4789 4791 4793 4665 4664 4792 4792 4793 4665 4797 4794 4795 4795 4796 4797 4796 4795 4798 4798 4799 4796 4801 4796 4799 4799 4800 4801 4802 4797 4796 4796 4801 4802 4799 4798 4803 4803 4804 4799 4804 4803 4805 4805 4806 4804 4808 4804 4806 4806 4807 4808 4800 4799 4804 4804 4808 4800 4810 4800 4808 4808 4809 4810 4809 4808 4807 4807 4811 4809 4600 4809 4811 4811 4601 4600 4596 4810 4809 4809 4600 4596 
						4813 4802 4801 4801 4812 4813 4812 4801 4800 4800 4810 4812 4595 4812 4810 4810 4596 4595 4594 4813 4812 4812 4595 4594 4815 4794 4797 4797 4814 4815 4814 4797 4802 4802 4816 4814 4820 4817 4818 4818 4819 4820 4822 4821 4817 4817 4820 4822 4816 4802 4813 4813 4823 4816 4823 4813 4594 4594 4625 4823 4825 4824 4624 4624 4621 4825 4819 4818 4824 4824 4825 4819 4827 4819 4825 4825 4826 4827 4826 4825 4621 4621 4620 4826 4828 4826 4620 4620 4619 4828 4829 4827 4826 4826 4828 4829 4831 4822 4820 4820 4830 4831 4830 4820 4819 4819 4827 4830 4832 4830 4827 4827 4829 4832 4833 4831 4830 4830 4832 4833 4835 4794 4815 4815 4834 4835 4837 4821 4822 4822 4836 4837 4839 4837 4836 4836 4838 4839 4841 4835 4834 4834 4840 4841 4836 4822 4831 4831 4842 4836 4842 4831 4833 4833 4843 4842 4845 4842 4843 4843 4844 4845 4838 4836 4842 4842 4845 4838 4847 4838 4845 4845 4846 4847 4846 4845 4844 4844 4848 4846 4849 4846 4848 4848 4122 4849 4850 4847 4846 4846 4849 4850 
						4852 4841 4840 4840 4851 4852 4853 4839 4838 4838 4847 4853 4854 4853 4847 4847 4850 4854 4856 4852 4851 4851 4855 4856 4795 4794 4835 4835 4857 4795 4857 4835 4841 4841 4858 4857 4860 4857 4858 4858 4859 4860 4798 4795 4857 4857 4860 4798 4858 4841 4852 4852 4861 4858 4861 4852 4856 4856 4862 4861 4864 4861 4862 4862 4863 4864 4859 4858 4861 4861 4864 4859 4866 4859 4864 4864 4865 4866 4865 4864 4863 4863 4867 4865 4868 4865 4867 4867 4373 4868 4869 4866 4865 4865 4868 4869 4803 4798 4860 4860 4870 4803 4870 4860 4859 4859 4866 4870 4871 4870 4866 4866 4869 4871 4805 4803 4870 4870 4871 4805 4875 4872 4873 4873 4874 4875 4874 4873 4876 4876 4877 4874 4879 4874 4877 4877 4878 4879 4880 4875 4874 4874 4879 4880 4877 4876 4881 4881 4882 4877 4882 4881 4883 4883 4884 4882 4886 4882 4884 4884 4885 4886 4878 4877 4882 4882 4886 4878 4888 4878 4886 4886 4887 4888 4887 4886 4885 4885 4889 4887 4891 4887 4889 4889 4890 4891 4892 4888 4887 4887 4891 4892 
						4894 4880 4879 4879 4893 4894 4893 4879 4878 4878 4888 4893 4895 4893 4888 4888 4892 4895 4896 4894 4893 4893 4895 4896 4898 4872 4875 4875 4897 4898 4897 4875 4880 4880 4899 4897 4901 4897 4899 4899 4900 4901 4902 4898 4897 4897 4901 4902 4899 4880 4894 4894 4903 4899 4903 4894 4896 4896 4904 4903 4906 4903 4904 4904 4905 4906 4900 4899 4903 4903 4906 4900 4908 4900 4906 4906 4907 4908 4907 4906 4905 4905 4909 4907 4848 4907 4909 4909 4122 4848 4844 4908 4907 4907 4848 4844 4911 4902 4901 4901 4910 4911 4910 4901 4900 4900 4908 4910 4843 4910 4908 4908 4844 4843 4833 4911 4910 4910 4843 4833 4913 4872 4898 4898 4912 4913 4912 4898 4902 4902 4914 4912 4916 4912 4914 4914 4915 4916 4917 4913 4912 4912 4916 4917 4914 4902 4911 4911 4918 4914 4918 4911 4833 4833 4832 4918 4919 4918 4832 4832 4829 4919 4915 4914 4918 4918 4919 4915 4921 4915 4919 4919 4920 4921 4920 4919 4829 4829 4828 4920 4922 4920 4828 4828 4619 4922 4923 4921 4920 4920 4922 4923 
						4925 4917 4916 4916 4924 4925 4924 4916 4915 4915 4921 4924 4926 4924 4921 4921 4923 4926 4927 4925 4924 4924 4926 4927 4873 4872 4913 4913 4928 4873 4928 4913 4917 4917 4929 4928 4931 4928 4929 4929 4930 4931 4876 4873 4928 4928 4931 4876 4929 4917 4925 4925 4932 4929 4932 4925 4927 4927 4933 4932 4935 4932 4933 4933 4934 4935 4930 4929 4932 4932 4935 4930 4937 4930 4935 4935 4936 4937 4936 4935 4934 4934 4938 4936 4940 4936 4938 4938 4939 4940 4941 4937 4936 4936 4940 4941 4881 4876 4931 4931 4942 4881 4942 4931 4930 4930 4937 4942 4943 4942 4937 4937 4941 4943 4883 4881 4942 4942 4943 4883 4154 4148 4944 4944 4945 4154 4945 4944 4946 4946 4947 4945 4949 4945 4947 4947 4948 4949 4155 4154 4945 4945 4949 4155 4947 4946 4950 4950 4951 4947 4951 4950 3930 3930 3929 4951 4952 4951 3929 3929 3925 4952 4948 4947 4951 4951 4952 4948 4954 4948 4952 4952 4953 4954 4953 4952 3925 3925 3924 4953 4181 4953 3924 3924 3916 4181 4177 4954 4953 4953 4181 4177 
						4159 4155 4949 4949 4955 4159 4955 4949 4948 4948 4954 4955 4176 4955 4954 4954 4177 4176 4160 4159 4955 4955 4176 4160 4944 4148 4147 4147 4956 4944 4956 4147 4144 4144 4957 4956 4959 4956 4957 4957 4958 4959 4946 4944 4956 4956 4959 4946 4957 4144 4143 4143 4960 4957 4960 4143 4142 4142 4278 4960 4961 4960 4278 4278 4276 4961 4958 4957 4960 4960 4961 4958 4963 4958 4961 4961 4962 4963 4962 4961 4276 4276 4275 4962 4531 4962 4275 4275 4274 4531 4527 4963 4962 4962 4531 4527 4950 4946 4959 4959 4964 4950 4964 4959 4958 4958 4963 4964 4526 4964 4963 4963 4527 4526 3930 4950 4964 4964 4526 3930 4096 4095 4965 4965 4966 4096 4966 4965 4967 4967 4968 4966 4970 4966 4968 4968 4969 4970 4097 4096 4966 4966 4970 4097 4968 4967 4971 4971 4972 4968 4972 4971 2032 2032 2031 4972 4973 4972 2031 2031 2028 4973 4969 4968 4972 4972 4973 4969 4975 4969 4973 4973 4974 4975 4974 4973 2028 2028 2027 4974 4723 4974 2027 2027 1768 4723 4720 4975 4974 4974 4723 4720 
						4101 4097 4970 4970 4976 4101 4976 4970 4969 4969 4975 4976 4718 4976 4975 4975 4720 4718 4102 4101 4976 4976 4718 4102 4978 4219 4218 4218 4977 4978 4977 4218 4215 4215 4979 4977 4981 4977 4979 4979 4980 4981 4982 4978 4977 4977 4981 4982 4979 4215 4214 4214 4983 4979 4983 4214 3479 3479 4984 4983 4986 4983 4984 4984 4985 4986 4980 4979 4983 4983 4986 4980 4988 4980 4986 4986 4987 4988 4987 4986 4985 4985 4989 4987 4670 4987 4989 4989 4671 4670 4667 4988 4987 4987 4670 4667 4991 4982 4981 4981 4990 4991 4990 4981 4980 4980 4988 4990 4666 4990 4988 4988 4667 4666 4665 4991 4990 4990 4666 4665 4993 3465 3464 3464 4992 4993 4992 3464 3461 3461 4994 4992 4996 4992 4994 4994 4995 4996 4997 4993 4992 4992 4996 4997 4994 3461 3460 3460 4998 4994 4998 3460 3459 3459 4378 4998 4999 4998 4378 4378 4375 4999 4995 4994 4998 4998 4999 4995 5001 4995 4999 4999 5000 5001 5000 4999 4375 4375 4374 5000 5002 5000 4374 4374 4373 5002 5003 5001 5000 5000 5002 5003 
						5005 4997 4996 4996 5004 5005 5004 4996 4995 4995 5001 5004 5006 5004 5001 5001 5003 5006 4685 5005 5004 5004 5006 4685 3473 3465 4993 4993 5007 3473 5007 4993 4997 4997 5008 5007 5010 5007 5008 5008 5009 5010 3474 3473 5007 5007 5010 3474 5008 4997 5005 5005 5011 5008 5011 5005 4685 4685 4684 5011 5012 5011 4684 4684 4680 5012 5009 5008 5011 5011 5012 5009 5014 5009 5012 5012 5013 5014 5013 5012 4680 4680 4679 5013 4989 5013 4679 4679 4671 4989 4985 5014 5013 5013 4989 4985 3478 3474 5010 5010 5015 3478 5015 5010 5009 5009 5014 5015 4984 5015 5014 5014 4985 4984 3479 3478 5015 5015 4984 3479 3863 3250 3620 3620 5016 3863 5016 3620 3616 3616 5017 5016 5019 5016 5017 5017 5018 5019 3864 3863 5016 5016 5019 3864 5017 3616 3615 3615 5020 5017 5020 3615 3614 3614 5021 5020 5023 5020 5021 5021 5022 5023 5018 5017 5020 5020 5023 5018 5025 5018 5023 5023 5024 5025 5024 5023 5022 5022 5026 5024 5028 5024 5026 5026 5027 5028 5029 5025 5024 5024 5028 5029 
						3868 3864 5019 5019 5030 3868 5030 5019 5018 5018 5025 5030 5031 5030 5025 5025 5029 5031 3869 3868 5030 5030 5031 3869 5033 4927 4926 4926 5032 5033 5032 4926 4923 4923 5034 5032 5036 5032 5034 5034 5035 5036 5037 5033 5032 5032 5036 5037 5034 4923 4922 4922 5038 5034 5038 4922 4619 4619 4618 5038 5039 5038 4618 4618 4614 5039 5035 5034 5038 5038 5039 5035 5041 5035 5039 5039 5040 5041 5040 5039 4614 4614 4613 5040 5042 5040 4613 4613 4579 5042 5043 5041 5040 5040 5042 5043 5045 5037 5036 5036 5044 5045 5044 5036 5035 5035 5041 5044 5046 5044 5041 5041 5043 5046 5047 5045 5044 5044 5046 5047 4933 4927 5033 5033 5048 4933 5048 5033 5037 5037 5049 5048 5051 5048 5049 5049 5050 5051 4934 4933 5048 5048 5051 4934 5049 5037 5045 5045 5052 5049 5052 5045 5047 5047 5053 5052 5055 5052 5053 5053 5054 5055 5050 5049 5052 5052 5055 5050 5057 5050 5055 5055 5056 5057 5056 5055 5054 5054 5058 5056 5060 5056 5058 5058 5059 5060 5061 5057 5056 5056 5060 5061 
						4938 4934 5051 5051 5062 4938 5062 5051 5050 5050 5057 5062 5063 5062 5057 5057 5061 5063 4939 4938 5062 5062 5063 4939 4136 4128 5064 5064 5065 4136 5065 5064 5066 5066 5067 5065 5069 5065 5067 5067 5068 5069 4137 4136 5065 5065 5069 4137 5067 5066 5070 5070 5071 5067 5071 5070 5072 5072 5073 5071 5075 5071 5073 5073 5074 5075 5068 5067 5071 5071 5075 5068 5077 5068 5075 5075 5076 5077 5076 5075 5074 5074 5078 5076 4257 5076 5078 5078 4258 4257 4253 5077 5076 5076 4257 4253 4141 4137 5069 5069 5079 4141 5079 5069 5068 5068 5077 5079 4252 5079 5077 5077 4253 4252 4142 4141 5079 5079 4252 4142 5064 4128 4127 4127 5080 5064 5080 4127 4124 4124 5081 5080 5083 5080 5081 5081 5082 5083 5066 5064 5080 5080 5083 5066 5081 4124 4123 4123 5084 5081 5084 4123 4122 4122 4909 5084 5085 5084 4909 4909 4905 5085 5082 5081 5084 5084 5085 5082 5087 5082 5085 5085 5086 5087 5086 5085 4905 4905 4904 5086 5088 5086 4904 4904 4896 5088 5089 5087 5086 5086 5088 5089 
						5070 5066 5083 5083 5090 5070 5090 5083 5082 5082 5087 5090 5091 5090 5087 5087 5089 5091 5072 5070 5090 5090 5091 5072 5095 5092 5093 5093 5094 5095 5094 5093 5096 5096 5097 5094 5099 5094 5097 5097 5098 5099 5100 5095 5094 5094 5099 5100 5097 5096 5101 5101 5102 5097 5102 5101 5103 5103 5104 5102 5106 5102 5104 5104 5105 5106 5098 5097 5102 5102 5106 5098 5108 5098 5106 5106 5107 5108 5107 5106 5105 5105 5109 5107 5111 5107 5109 5109 5110 5111 5112 5108 5107 5107 5111 5112 5114 5100 5099 5099 5113 5114 5113 5099 5098 5098 5108 5113 5115 5113 5108 5108 5112 5115 5116 5114 5113 5113 5115 5116 5118 5092 5095 5095 5117 5118 5117 5095 5100 5100 5119 5117 5121 5117 5119 5119 5120 5121 5122 5118 5117 5117 5121 5122 5114 5116 5123 5123 5124 5114 5124 5123 5125 5125 5126 5124 5119 5124 5126 5126 5120 5119 5100 5114 5124 5124 5119 5100 5129 4572 5127 5127 5128 5129 5128 5127 5130 5130 5131 5128 5126 5128 5131 5131 5120 5126 5125 5129 5128 5128 5126 5125 
						5133 2185 2188 2188 5132 5133 5132 2188 2183 2183 5134 5132 5131 5132 5134 5134 5120 5131 5130 5133 5132 5132 5131 5130 2180 2179 5135 5135 5136 2180 5136 5135 5122 5122 5121 5136 5134 5136 5121 5121 5120 5134 2183 2180 5136 5136 5134 2183 5123 5116 5137 5137 5138 5123 5138 5137 5139 5139 5140 5138 5142 5138 5140 5140 5141 5142 5125 5123 5138 5138 5142 5125 5140 5139 5143 5143 5144 5140 5144 5143 5047 5047 5046 5144 5145 5144 5046 5046 5043 5145 5141 5140 5144 5144 5145 5141 5147 5141 5145 5145 5146 5147 5146 5145 5043 5043 5042 5146 4578 5146 5042 5042 4579 4578 4574 5147 5146 5146 4578 4574 5129 5125 5142 5142 5148 5129 5148 5142 5141 5141 5147 5148 4573 5148 5147 5147 4574 4573 4572 5129 5148 5148 4573 4572 5137 5116 5115 5115 5149 5137 5149 5115 5112 5112 5150 5149 5152 5149 5150 5150 5151 5152 5139 5137 5149 5149 5152 5139 5150 5112 5111 5111 5153 5150 5153 5111 5110 5110 5154 5153 5156 5153 5154 5154 5155 5156 5151 5150 5153 5153 5156 5151 
						5158 5151 5156 5156 5157 5158 5157 5156 5155 5155 5159 5157 5058 5157 5159 5159 5059 5058 5054 5158 5157 5157 5058 5054 5143 5139 5152 5152 5160 5143 5160 5152 5151 5151 5158 5160 5053 5160 5158 5158 5054 5053 5047 5143 5160 5160 5053 5047 4286 3276 3275 3275 5161 4286 5161 3275 3272 3272 5162 5161 5164 5161 5162 5162 5163 5164 4287 4286 5161 5161 5164 4287 5162 3272 3271 3271 5165 5162 5165 3271 3270 3270 5166 5165 5168 5165 5166 5166 5167 5168 5163 5162 5165 5165 5168 5163 5170 5163 5168 5168 5169 5170 5169 5168 5167 5167 5171 5169 4078 5169 5171 5171 4079 4078 4074 5170 5169 5169 4078 4074 4291 4287 5164 5164 5172 4291 5172 5164 5163 5163 5170 5172 4073 5172 5170 5170 4074 4073 4067 4291 5172 5172 4073 4067 4367 4359 5173 5173 5174 4367 5174 5173 5175 5175 5176 5174 5178 5174 5176 5176 5177 5178 4368 4367 5174 5174 5178 4368 5176 5175 5179 5179 5180 5176 5180 5179 5181 5181 5182 5180 5184 5180 5182 5182 5183 5184 5177 5176 5180 5180 5184 5177 
						5186 5177 5184 5184 5185 5186 5185 5184 5183 5183 5187 5185 4871 5185 5187 5187 4805 4871 4869 5186 5185 5185 4871 4869 4372 4368 5178 5178 5188 4372 5188 5178 5177 5177 5186 5188 4868 5188 5186 5186 4869 4868 4373 4372 5188 5188 4868 4373 5173 4359 4358 4358 5189 5173 5189 4358 4355 4355 5190 5189 5192 5189 5190 5190 5191 5192 5175 5173 5189 5189 5192 5175 5190 4355 4354 4354 5193 5190 5193 4354 4353 4353 5194 5193 5196 5193 5194 5194 5195 5196 5191 5190 5193 5193 5196 5191 5198 5191 5196 5196 5197 5198 5197 5196 5195 5195 5199 5197 5201 5197 5199 5199 5200 5201 5202 5198 5197 5197 5201 5202 5179 5175 5192 5192 5203 5179 5203 5192 5191 5191 5198 5203 5204 5203 5198 5198 5202 5204 5181 5179 5203 5203 5204 5181 4400 4394 4422 4422 5205 4400 5205 4422 4420 4420 5206 5205 5208 5205 5206 5206 5207 5208 4401 4400 5205 5205 5208 4401 5206 4420 4419 4419 5209 5206 5209 4419 3207 3207 4442 5209 5210 5209 4442 4442 4440 5210 5207 5206 5209 5209 5210 5207 
						5212 5207 5210 5210 5211 5212 5211 5210 4440 4440 4439 5211 5213 5211 4439 4439 4438 5213 5214 5212 5211 5211 5213 5214 4405 4401 5208 5208 5215 4405 5215 5208 5207 5207 5212 5215 5216 5215 5212 5212 5214 5216 4406 4405 5215 5215 5216 4406 5088 4896 4895 4895 5217 5088 5217 4895 4892 4892 5218 5217 5220 5217 5218 5218 5219 5220 5089 5088 5217 5217 5220 5089 5218 4892 4891 4891 5221 5218 5221 4891 4890 4890 5222 5221 5224 5221 5222 5222 5223 5224 5219 5218 5221 5221 5224 5219 5226 5219 5224 5224 5225 5226 5225 5224 5223 5223 5227 5225 5229 5225 5227 5227 5228 5229 5230 5226 5225 5225 5229 5230 5091 5089 5220 5220 5231 5091 5231 5220 5219 5219 5226 5231 5232 5231 5226 5226 5230 5232 5072 5091 5231 5231 5232 5072 5236 5233 5234 5234 5235 5236 5235 5234 5237 5237 5238 5235 5240 5235 5238 5238 5239 5240 5241 5236 5235 5235 5240 5241 5238 5237 5242 5242 5243 5238 5243 5242 5244 5244 5245 5243 5247 5243 5245 5245 5246 5247 5239 5238 5243 5243 5247 5239 
						5249 5239 5247 5247 5248 5249 5248 5247 5246 5246 5250 5248 5252 5248 5250 5250 5251 5252 5253 5249 5248 5248 5252 5253 5255 5241 5240 5240 5254 5255 5254 5240 5239 5239 5249 5254 5256 5254 5249 5249 5253 5256 5257 5255 5254 5254 5256 5257 5234 5233 5258 5258 5259 5234 5259 5258 5260 5260 5261 5259 5263 5259 5261 5261 5262 5263 5237 5234 5259 5259 5263 5237 5261 5260 5264 5264 5265 5261 5265 5264 4554 4554 4605 5265 5266 5265 4605 4605 4603 5266 5262 5261 5265 5265 5266 5262 5268 5262 5266 5266 5267 5268 5267 5266 4603 4603 4602 5267 5269 5267 4602 4602 4601 5269 5270 5268 5267 5267 5269 5270 5242 5237 5263 5263 5271 5242 5271 5263 5262 5262 5268 5271 5272 5271 5268 5268 5270 5272 5244 5242 5271 5271 5272 5244 5245 5244 5273 5273 5274 5245 5274 5273 5275 5275 5276 5274 5278 5274 5276 5276 5277 5278 5246 5245 5274 5274 5278 5246 5276 5275 5279 5279 5280 5276 5280 5279 5181 5181 5204 5280 5281 5280 5204 5204 5202 5281 5277 5276 5280 5280 5281 5277 
						5283 5277 5281 5281 5282 5283 5282 5281 5202 5202 5201 5282 5284 5282 5201 5201 5200 5284 5285 5283 5282 5282 5284 5285 5250 5246 5278 5278 5286 5250 5286 5278 5277 5277 5283 5286 5287 5286 5283 5283 5285 5287 5251 5250 5286 5286 5287 5251 5273 5244 5272 5272 5288 5273 5288 5272 5270 5270 5289 5288 5291 5288 5289 5289 5290 5291 5275 5273 5288 5288 5291 5275 5289 5270 5269 5269 5292 5289 5292 5269 4601 4601 4811 5292 5293 5292 4811 4811 4807 5293 5290 5289 5292 5292 5293 5290 5295 5290 5293 5293 5294 5295 5294 5293 4807 4807 4806 5294 5187 5294 4806 4806 4805 5187 5183 5295 5294 5294 5187 5183 5279 5275 5291 5291 5296 5279 5296 5291 5290 5290 5295 5296 5182 5296 5295 5295 5183 5182 5181 5279 5296 5296 5182 5181 5298 4258 5078 5078 5297 5298 5297 5078 5074 5074 5299 5297 5301 5297 5299 5299 5300 5301 5302 5298 5297 5297 5301 5302 5299 5074 5073 5073 5303 5299 5303 5073 5072 5072 5232 5303 5304 5303 5232 5232 5230 5304 5300 5299 5303 5303 5304 5300 
						5306 5300 5304 5304 5305 5306 5305 5304 5230 5230 5229 5305 5307 5305 5229 5229 5228 5307 5308 5306 5305 5305 5307 5308 5310 5302 5301 5301 5309 5310 5309 5301 5300 5300 5306 5309 5311 5309 5306 5306 5308 5311 5312 5310 5309 5309 5311 5312 4259 4258 5298 5298 5313 4259 5313 5298 5302 5302 5314 5313 5316 5313 5314 5314 5315 5316 4260 4259 5313 5313 5316 4260 5314 5302 5310 5310 5317 5314 5317 5310 5312 5312 5318 5317 5320 5317 5318 5318 5319 5320 5315 5314 5317 5317 5320 5315 5322 5315 5320 5320 5321 5322 5321 5320 5319 5319 5323 5321 5325 5321 5323 5323 5324 5325 5326 5322 5321 5321 5325 5326 4262 4260 5316 5316 5327 4262 5327 5316 5315 5315 5322 5327 5328 5327 5322 5322 5326 5328 3090 4262 5327 5327 5328 3090 4448 3189 4083 4083 5329 4448 5329 4083 4081 4081 5330 5329 5332 5329 5330 5330 5331 5332 4449 4448 5329 5329 5332 4449 5330 4081 4080 4080 5333 5330 5333 4080 4079 4079 5334 5333 5336 5333 5334 5334 5335 5336 5331 5330 5333 5333 5336 5331 
						5338 5331 5336 5336 5337 5338 5337 5336 5335 5335 5339 5337 5341 5337 5339 5339 5340 5341 5342 5338 5337 5337 5341 5342 4453 4449 5332 5332 5343 4453 5343 5332 5331 5331 5338 5343 5344 5343 5338 5338 5342 5344 4454 4453 5343 5343 5344 4454 5334 4079 5171 5171 5345 5334 5345 5171 5167 5167 5346 5345 5348 5345 5346 5346 5347 5348 5335 5334 5345 5345 5348 5335 5346 5167 5166 5166 5349 5346 5349 5166 3270 3270 3891 5349 5350 5349 3891 3891 3889 5350 5347 5346 5349 5349 5350 5347 5352 5347 5350 5350 5351 5352 5351 5350 3889 3889 3888 5351 5353 5351 3888 3888 3887 5353 5354 5352 5351 5351 5353 5354 5339 5335 5348 5348 5355 5339 5355 5348 5347 5347 5352 5355 5356 5355 5352 5352 5354 5356 5340 5339 5355 5355 5356 5340 3091 3090 5328 5328 5357 3091 5357 5328 5326 5326 5358 5357 5360 5357 5358 5358 5359 5360 3092 3091 5357 5357 5360 3092 5358 5326 5325 5325 5361 5358 5361 5325 5324 5324 5362 5361 5364 5361 5362 5362 5363 5364 5359 5358 5361 5361 5364 5359 
						5366 5359 5364 5364 5365 5366 5365 5364 5363 5363 5367 5365 4745 5365 5367 5367 4746 4745 4741 5366 5365 5365 4745 4741 3094 3092 5360 5360 5368 3094 5368 5360 5359 5359 5366 5368 4740 5368 5366 5366 4741 4740 3025 3094 5368 5368 4740 3025 3406 3398 5369 5369 5370 3406 5370 5369 5371 5371 5372 5370 5374 5370 5372 5372 5373 5374 3407 3406 5370 5370 5374 3407 5378 5375 5376 5376 5377 5378 5377 5376 5027 5027 5379 5377 5381 5377 5379 5379 5380 5381 5382 5378 5377 5377 5381 5382 5384 5382 5381 5381 5383 5384 5383 5381 5380 5380 5385 5383 2445 5383 5385 5385 2446 2445 2444 5384 5383 5383 2445 2444 3411 3407 5374 5374 5386 3411 5386 5374 5373 5373 5387 5386 2437 5386 5387 5387 2438 2437 400 3411 5386 5386 2437 400 5369 3398 3397 3397 5388 5369 5388 3397 3394 3394 5389 5388 5391 5388 5389 5389 5390 5391 5371 5369 5388 5388 5391 5371 5389 3394 3393 3393 5392 5389 5392 3393 3392 3392 5393 5392 5395 5392 5393 5393 5394 5395 5390 5389 5392 5392 5395 5390 
						5399 5396 5397 5397 5398 5399 5398 5397 5400 5400 5401 5398 5031 5398 5401 5401 3869 5031 5029 5399 5398 5398 5031 5029 5376 5375 5402 5402 5403 5376 5403 5402 5396 5396 5399 5403 5028 5403 5399 5399 5029 5028 5027 5376 5403 5403 5028 5027 5393 3392 4768 4768 5404 5393 5404 4768 4766 4766 5405 5404 5407 5404 5405 5405 5406 5407 5394 5393 5404 5404 5407 5394 5405 4766 4765 4765 5408 5405 5408 4765 4764 4764 5409 5408 5411 5408 5409 5409 5410 5411 5406 5405 5408 5408 5411 5406 5415 5412 5413 5413 5414 5415 5414 5413 5416 5416 5417 5414 3874 5414 5417 5417 3875 3874 3871 5415 5414 5414 3874 3871 5401 5400 5418 5418 5419 5401 5419 5418 5412 5412 5415 5419 3870 5419 5415 5415 3871 3870 3869 5401 5419 5419 3870 3869 5421 4856 4855 4855 5420 5421 5423 4854 4850 4850 5422 5423 5425 5423 5422 5422 5424 5425 5427 5421 5420 5420 5426 5427 5422 4850 4849 4849 5428 5422 5428 4849 4122 4122 4121 5428 5429 5428 4121 4121 4117 5429 5424 5422 5428 5428 5429 5424 
						5431 5424 5429 5429 5430 5431 5430 5429 4117 4117 4116 5430 4709 5430 4116 4116 4108 4709 4705 5431 5430 5430 4709 4705 5433 5427 5426 5426 5432 5433 5434 5425 5424 5424 5431 5434 4704 5434 5431 5431 4705 4704 4691 5433 5432 5432 4702 4691 4862 4856 5421 5421 5435 4862 5435 5421 5427 5427 5436 5435 5438 5435 5436 5436 5437 5438 4863 4862 5435 5435 5438 4863 5436 5427 5433 5433 5439 5436 5439 5433 4691 4691 4690 5439 5440 5439 4690 4690 4687 5440 5437 5436 5439 5439 5440 5437 5442 5437 5440 5440 5441 5442 5441 5440 4687 4687 4686 5441 5006 5441 4686 4686 4685 5006 5003 5442 5441 5441 5006 5003 4867 4863 5438 5438 5443 4867 5443 5438 5437 5437 5442 5443 5002 5443 5442 5442 5003 5002 4373 4867 5443 5443 5002 4373 5445 3839 3838 3838 5444 5445 5444 3838 3835 3835 5446 5444 5448 5444 5446 5446 5447 5448 5449 5445 5444 5444 5448 5449 5446 3835 3834 3834 5450 5446 5450 3834 3833 3833 4196 5450 5451 5450 4196 4196 4192 5451 5447 5446 5450 5450 5451 5447 
						5453 5447 5451 5451 5452 5453 5452 5451 4192 4192 4190 5452 3909 5452 4190 4190 3910 3909 3905 5453 5452 5452 3909 3905 5455 5449 5448 5448 5454 5455 5454 5448 5447 5447 5453 5454 3904 5454 5453 5453 3905 3904 3903 5455 5454 5454 3904 3903 3847 3839 5445 5445 5456 3847 5456 5445 5449 5449 5457 5456 5461 5458 5459 5459 5460 5461 3850 3849 5458 5458 5461 3850 5457 5449 5455 5455 5462 5457 5462 5455 3903 3903 3976 5462 5464 5463 3975 3975 3972 5464 5460 5459 5463 5463 5464 5460 5466 5460 5464 5464 5465 5466 5465 5464 3972 3972 3971 5465 4234 5465 3971 3971 3970 4234 4231 5466 5465 5465 4234 4231 3854 3850 5461 5461 5467 3854 5467 5461 5460 5460 5466 5467 4230 5467 5466 5466 4231 4230 3351 3854 5467 5467 4230 3351 5469 4511 4535 4535 5468 5469 5468 4535 4533 4533 5470 5468 5472 5468 5470 5470 5471 5472 5473 5469 5468 5468 5472 5473 5470 4533 4532 4532 5474 5470 5474 4532 4274 4274 4273 5474 5475 5474 4273 4273 4269 5475 5471 5470 5474 5474 5475 5471 
						5477 5471 5475 5475 5476 5477 5476 5475 4269 4269 4268 5476 3716 5476 4268 4268 3072 3716 3712 5477 5476 5476 3716 3712 5479 5473 5472 5472 5478 5479 5478 5472 5471 5471 5477 5478 3711 5478 5477 5477 3712 3711 3710 5479 5478 5478 3711 3710 4512 4511 5469 5469 5480 4512 5480 5469 5473 5473 5481 5480 5485 5482 5483 5483 5484 5485 4515 4514 5482 5482 5485 4515 5481 5473 5479 5479 5486 5481 5486 5479 3710 3710 3774 5486 5488 5487 3773 3773 3770 5488 5484 5483 5487 5487 5488 5484 5490 5484 5488 5488 5489 5490 5489 5488 3770 3770 3769 5489 3138 5489 3769 3769 3139 3138 3135 5490 5489 5489 3138 3135 4519 4515 5485 5485 5491 4519 5491 5485 5484 5484 5490 5491 3134 5491 5490 5490 3135 3134 3133 4519 5491 5491 3134 3133 5104 5103 5492 5492 5493 5104 5493 5492 5494 5494 5495 5493 5497 5493 5495 5495 5496 5497 5105 5104 5493 5493 5497 5105 5501 5498 5499 5499 5500 5501 5500 5499 5257 5257 5256 5500 5502 5500 5256 5256 5253 5502 5503 5501 5500 5500 5502 5503 
						5505 5503 5502 5502 5504 5505 5504 5502 5253 5253 5252 5504 5506 5504 5252 5252 5251 5506 5507 5505 5504 5504 5506 5507 5109 5105 5497 5497 5508 5109 5508 5497 5496 5496 5509 5508 5511 5508 5509 5509 5510 5511 5110 5109 5508 5508 5511 5110 5492 5103 5512 5512 5513 5492 5513 5512 5514 5514 5515 5513 5517 5513 5515 5515 5516 5517 5494 5492 5513 5513 5517 5494 5515 5514 5518 5518 5519 5515 5519 5518 2601 2601 2600 5519 5520 5519 2600 2600 2599 5520 5516 5515 5519 5519 5520 5516 5524 5521 5522 5522 5523 5524 5523 5522 2595 2595 2594 5523 5525 5523 2594 2594 2593 5525 5526 5524 5523 5523 5525 5526 5499 5498 5527 5527 5528 5499 5528 5527 5521 5521 5524 5528 5529 5528 5524 5524 5526 5529 5257 5499 5528 5528 5529 5257 5154 5110 5511 5511 5530 5154 5530 5511 5510 5510 5531 5530 5533 5530 5531 5531 5532 5533 5155 5154 5530 5530 5533 5155 5535 5507 5506 5506 5534 5535 5534 5506 5251 5251 5287 5534 5536 5534 5287 5287 5285 5536 5537 5535 5534 5534 5536 5537 
						5539 5537 5536 5536 5538 5539 5538 5536 5285 5285 5284 5538 5540 5538 5284 5284 5200 5540 5541 5539 5538 5538 5540 5541 5159 5155 5533 5533 5542 5159 5542 5533 5532 5532 5543 5542 5545 5542 5543 5543 5544 5545 5059 5159 5542 5542 5545 5059 5060 5059 5545 5545 5546 5060 5546 5545 5544 5544 5547 5546 5549 5546 5547 5547 5548 5549 5061 5060 5546 5546 5549 5061 5551 5541 5540 5540 5550 5551 5550 5540 5200 5200 5199 5550 5552 5550 5199 5199 5195 5552 5553 5551 5550 5550 5552 5553 5555 5553 5552 5552 5554 5555 5554 5552 5195 5195 5194 5554 5556 5554 5194 5194 4353 5556 5557 5555 5554 5554 5556 5557 5063 5061 5549 5549 5558 5063 5558 5549 5548 5548 5559 5558 5561 5558 5559 5559 5560 5561 4939 5063 5558 5558 5561 4939 4940 4939 5561 5561 5562 4940 5562 5561 5560 5560 5563 5562 5565 5562 5563 5563 5564 5565 4941 4940 5562 5562 5565 4941 5567 5557 5556 5556 5566 5567 5566 5556 4353 4353 4352 5566 5568 5566 4352 4352 4348 5568 5569 5567 5566 5566 5568 5569 
						5571 5569 5568 5568 5570 5571 5570 5568 4348 4348 4347 5570 5572 5570 4347 4347 4346 5572 5573 5571 5570 5570 5572 5573 4943 4941 5565 5565 5574 4943 5574 5565 5564 5564 5575 5574 5577 5574 5575 5575 5576 5577 4883 4943 5574 5574 5577 4883 4884 4883 5577 5577 5578 4884 5578 5577 5576 5576 5579 5578 5581 5578 5579 5579 5580 5581 4885 4884 5578 5578 5581 4885 5583 5573 5572 5572 5582 5583 5582 5572 4346 4346 4410 5582 5584 5582 4410 4410 4408 5584 5585 5583 5582 5582 5584 5585 5587 5585 5584 5584 5586 5587 5586 5584 4408 4408 4407 5586 5588 5586 4407 4407 4406 5588 5589 5587 5586 5586 5588 5589 4889 4885 5581 5581 5590 4889 5590 5581 5580 5580 5591 5590 5593 5590 5591 5591 5592 5593 4890 4889 5590 5590 5593 4890 5222 4890 5593 5593 5594 5222 5594 5593 5592 5592 5595 5594 5597 5594 5595 5595 5596 5597 5223 5222 5594 5594 5597 5223 5599 5589 5588 5588 5598 5599 5598 5588 4406 4406 5216 5598 5600 5598 5216 5216 5214 5600 5601 5599 5598 5598 5600 5601 
						5603 5601 5600 5600 5602 5603 5602 5600 5214 5214 5213 5602 5604 5602 5213 5213 4438 5604 5605 5603 5602 5602 5604 5605 5227 5223 5597 5597 5606 5227 5606 5597 5596 5596 5607 5606 5609 5606 5607 5607 5608 5609 5228 5227 5606 5606 5609 5228 5307 5228 5609 5609 5610 5307 5610 5609 5608 5608 5611 5610 5613 5610 5611 5611 5612 5613 5308 5307 5610 5610 5613 5308 5615 5605 5604 5604 5614 5615 5614 5604 4438 4438 4437 5614 5616 5614 4437 4437 4433 5616 5617 5615 5614 5614 5616 5617 5619 5617 5616 5616 5618 5619 5618 5616 4433 4433 4432 5618 5620 5618 4432 4432 4431 5620 5621 5619 5618 5618 5620 5621 5311 5308 5613 5613 5622 5311 5622 5613 5612 5612 5623 5622 5625 5622 5623 5623 5624 5625 5312 5311 5622 5622 5625 5312 5318 5312 5625 5625 5626 5318 5626 5625 5624 5624 5627 5626 5629 5626 5627 5627 5628 5629 5319 5318 5626 5626 5629 5319 5631 5621 5620 5620 5630 5631 5630 5620 4431 4431 4458 5630 5632 5630 4458 4458 4456 5632 5633 5631 5630 5630 5632 5633 
						5635 5633 5632 5632 5634 5635 5634 5632 4456 4456 4455 5634 5636 5634 4455 4455 4454 5636 5637 5635 5634 5634 5636 5637 5323 5319 5629 5629 5638 5323 5638 5629 5628 5628 5639 5638 5641 5638 5639 5639 5640 5641 5324 5323 5638 5638 5641 5324 5362 5324 5641 5641 5642 5362 5642 5641 5640 5640 5643 5642 5645 5642 5643 5643 5644 5645 5363 5362 5642 5642 5645 5363 5647 5637 5636 5636 5646 5647 5646 5636 4454 4454 5344 5646 5648 5646 5344 5344 5342 5648 5649 5647 5646 5646 5648 5649 5651 5649 5648 5648 5650 5651 5650 5648 5342 5342 5341 5650 5652 5650 5341 5341 5340 5652 5653 5651 5650 5650 5652 5653 5367 5363 5645 5645 5654 5367 5654 5645 5644 5644 5655 5654 5657 5654 5655 5655 5656 5657 4746 5367 5654 5654 5657 4746 4747 4746 5657 5657 5658 4747 5658 5657 5656 5656 5659 5658 5661 5658 5659 5659 5660 5661 4748 4747 5658 5658 5661 4748 5663 5653 5652 5652 5662 5663 5662 5652 5340 5340 5356 5662 5664 5662 5356 5356 5354 5664 5665 5663 5662 5662 5664 5665 
						5667 5665 5664 5664 5666 5667 5666 5664 5354 5354 5353 5666 5668 5666 5353 5353 3887 5668 5669 5667 5666 5666 5668 5669 4751 4748 5661 5661 5670 4751 5670 5661 5660 5660 5671 5670 5673 5670 5671 5671 5672 5673 4752 4751 5670 5670 5673 4752 4758 4752 5673 5673 5674 4758 5674 5673 5672 5672 5675 5674 5677 5674 5675 5675 5676 5677 4759 4758 5674 5674 5677 4759 5679 5669 5668 5668 5678 5679 5678 5668 3887 3887 3886 5678 5680 5678 3886 3886 3882 5680 5681 5679 5678 5678 5680 5681 5683 5681 5680 5680 5682 5683 5682 5680 3882 3882 3881 5682 5417 5682 3881 3881 3875 5417 5416 5683 5682 5682 5417 5416 4763 4759 5677 5677 5684 4763 5684 5677 5676 5676 5685 5684 5409 5684 5685 5685 5410 5409 4764 4763 5684 5684 5409 4764 2759 2758 5686 5686 5687 2759 5687 5686 5688 5688 5689 5687 5691 5687 5689 5689 5690 5691 2762 2759 5687 5687 5691 2762 5693 4165 4185 4185 5692 5693 5692 4185 4189 4189 5694 5692 5689 5692 5694 5694 5690 5689 5688 5693 5692 5692 5689 5688 
						4202 1215 2768 2768 5695 4202 5695 2768 2762 2762 5691 5695 5694 5695 5691 5691 5690 5694 4189 4202 5695 5695 5694 4189 2773 2772 5696 5696 5697 2773 5697 5696 5698 5698 5699 5697 5701 5697 5699 5699 5700 5701 2776 2773 5697 5697 5701 2776 5699 5698 5702 5702 5703 5699 5703 5702 4160 4160 4174 5703 5704 5703 4174 4174 4169 5704 5700 5699 5703 5703 5704 5700 5706 5700 5704 5704 5705 5706 5705 5704 4169 4169 4166 5705 5693 5705 4166 4166 4165 5693 5688 5706 5705 5705 5693 5688 2781 2776 5701 5701 5707 2781 5707 5701 5700 5700 5706 5707 5686 5707 5706 5706 5688 5686 2758 2781 5707 5707 5686 2758 2788 2601 5518 5518 5708 2788 5708 5518 5514 5514 5709 5708 5711 5708 5709 5709 5710 5711 2790 2788 5708 5708 5711 2790 5709 5514 5512 5512 5712 5709 5712 5512 5103 5103 5101 5712 5713 5712 5101 5101 5096 5713 5710 5709 5712 5712 5713 5710 5715 5710 5713 5713 5714 5715 5714 5713 5096 5096 5093 5714 5716 5714 5093 5093 5092 5716 5717 5715 5714 5714 5716 5717 
						2794 2790 5711 5711 5718 2794 5718 5711 5710 5710 5715 5718 5719 5718 5715 5715 5717 5719 2796 2794 5718 5718 5719 2796 2804 2796 5719 5719 5720 2804 5720 5719 5717 5717 5721 5720 5723 5720 5721 5721 5722 5723 2806 2804 5720 5720 5723 2806 5716 5092 5118 5118 5724 5716 5724 5118 5122 5122 5725 5724 5721 5724 5725 5725 5722 5721 5717 5716 5724 5724 5721 5717 5135 2179 2811 2811 5726 5135 5726 2811 2806 2806 5723 5726 5725 5726 5723 5723 5722 5725 5122 5135 5726 5726 5725 5122 2814 2446 5385 5385 5727 2814 5727 5385 5380 5380 5728 5727 5730 5727 5728 5728 5729 5730 2816 2814 5727 5727 5730 2816 5728 5380 5379 5379 5731 5728 5731 5379 5027 5027 5026 5731 5732 5731 5026 5026 5022 5732 5729 5728 5731 5731 5732 5729 5734 5729 5732 5732 5733 5734 5733 5732 5022 5022 5021 5733 3648 5733 5021 5021 3614 3648 3646 5734 5733 5733 3648 3646 2820 2816 5730 5730 5735 2820 5735 5730 5729 5729 5734 5735 3645 5735 5734 5734 3646 3645 657 2820 5735 5735 3645 657 
						2826 1068 4046 4046 5736 2826 5736 4046 4042 4042 5737 5736 5739 5736 5737 5737 5738 5739 2828 2826 5736 5736 5739 2828 5737 4042 4041 4041 5740 5737 5740 4041 4035 4035 4205 5740 5741 5740 4205 4205 4209 5741 5738 5737 5740 5740 5741 5738 5743 5738 5741 5741 5742 5743 5742 5741 4209 4209 4217 5742 5744 5742 4217 4217 4219 5744 5745 5743 5742 5742 5744 5745 2832 2828 5739 5739 5746 2832 5746 5739 5738 5738 5743 5746 5747 5746 5743 5743 5745 5747 2834 2832 5746 5746 5747 2834 2842 2834 5747 5747 5748 2842 5748 5747 5745 5745 5749 5748 5751 5748 5749 5749 5750 5751 2844 2842 5748 5748 5751 2844 5749 5745 5744 5744 5752 5749 5752 5744 4219 4219 4978 5752 5753 5752 4978 4978 4982 5753 5750 5749 5752 5752 5753 5750 5755 5750 5753 5753 5754 5755 5754 5753 4982 4982 4991 5754 4793 5754 4991 4991 4665 4793 4791 5755 5754 5754 4793 4791 2848 2844 5751 5751 5756 2848 5756 5751 5750 5750 5755 5756 4790 5756 5755 5755 4791 4790 1841 2848 5756 5756 4790 1841 
						2855 2854 5757 5757 5758 2855 5758 5757 5759 5759 5760 5758 5762 5758 5760 5760 5761 5762 2858 2855 5758 5758 5762 2858 5764 3819 3818 3818 5763 5764 5763 3818 3815 3815 5765 5763 5760 5763 5765 5765 5761 5760 5759 5764 5763 5763 5760 5759 3814 3813 4469 4469 5766 3814 5766 4469 4465 4465 5767 5766 5765 5766 5767 5767 5761 5765 3815 3814 5766 5766 5765 3815 4464 3691 5768 5768 5769 4464 5769 5768 5770 5770 5771 5769 5767 5769 5771 5771 5761 5767 4465 4464 5769 5769 5767 4465 5773 2863 2866 2866 5772 5773 5772 2866 2858 2858 5762 5772 5771 5772 5762 5762 5761 5771 5770 5773 5772 5772 5771 5770 2876 2863 5773 5773 5774 2876 5774 5773 5770 5770 5775 5774 5777 5774 5775 5775 5776 5777 2878 2876 5774 5774 5777 2878 5768 3691 5778 5778 5779 5768 5779 5778 5780 5780 5781 5779 5775 5779 5781 5781 5776 5775 5770 5768 5779 5779 5775 5770 5783 2882 2885 2885 5782 5783 5782 2885 2878 2878 5777 5782 5781 5782 5777 5777 5776 5781 5780 5783 5782 5782 5781 5780 
						2890 1221 4200 4200 5784 2890 5784 4200 4197 4197 5785 5784 5787 5784 5785 5785 5786 5787 2892 2890 5784 5784 5787 2892 5785 4197 4194 4194 5788 5785 5788 4194 3833 3833 3832 5788 5789 5788 3832 3832 3828 5789 5786 5785 5788 5788 5789 5786 5791 5786 5789 5789 5790 5791 5790 5789 3828 3828 3827 5790 5764 5790 3827 3827 3819 5764 5759 5791 5790 5790 5764 5759 2896 2892 5787 5787 5792 2896 5792 5787 5786 5786 5791 5792 5757 5792 5791 5791 5759 5757 2854 2896 5792 5792 5757 2854 2903 2902 5793 5793 5794 2903 5794 5793 5795 5795 5796 5794 5798 5794 5796 5796 5797 5798 2906 2903 5794 5794 5798 2906 5796 5795 5799 5799 5800 5796 5800 5799 4536 4536 4539 5800 5801 5800 4539 4539 4544 5801 5797 5796 5800 5800 5801 5797 5803 5797 5801 5801 5802 5803 5802 5801 4544 4544 4558 5802 5804 5802 4558 4558 4560 5804 5805 5803 5802 5802 5804 5805 2911 2906 5798 5798 5806 2911 5806 5798 5797 5797 5803 5806 5807 5806 5803 5803 5805 5807 2913 2911 5806 5806 5807 2913 
						2922 2185 5133 5133 5808 2922 5808 5133 5130 5130 5809 5808 5811 5808 5809 5809 5810 5811 2924 2922 5808 5808 5811 2924 5809 5130 5127 5127 5812 5809 5812 5127 4572 4572 4570 5812 5813 5812 4570 4570 4564 5813 5810 5809 5812 5812 5813 5810 5815 5810 5813 5813 5814 5815 5814 5813 4564 4564 4563 5814 5799 5816 4561 4561 4536 5799 5795 5817 5816 5816 5799 5795 2928 2924 5811 5811 5818 2928 5818 5811 5810 5810 5815 5818 5793 5819 5817 5817 5795 5793 2902 2930 5819 5819 5793 2902 2938 2032 4971 4971 5820 2938 5820 4971 4967 4967 5821 5820 5823 5820 5821 5821 5822 5823 2940 2938 5820 5820 5823 2940 5821 4967 4965 4965 5824 5821 5824 4965 4095 4095 4164 5824 5825 5824 4164 4164 4162 5825 5822 5821 5824 5824 5825 5822 5827 5822 5825 5825 5826 5827 5826 5825 4162 4162 4161 5826 5702 5826 4161 4161 4160 5702 5698 5827 5826 5826 5702 5698 2944 2940 5823 5823 5828 2944 5828 5823 5822 5822 5827 5828 5696 5828 5827 5827 5698 5696 2772 2944 5828 5828 5696 2772 
						2950 2913 5807 5807 5829 2950 5829 5807 5805 5805 5830 5829 5832 5829 5830 5830 5831 5832 2952 2950 5829 5829 5832 2952 5804 4560 5833 5833 5834 5804 5834 5833 5835 5835 5836 5834 5830 5834 5836 5836 5831 5830 5805 5804 5834 5834 5830 5805 5838 2956 2959 2959 5837 5838 5837 2959 2952 2952 5832 5837 5836 5837 5832 5832 5831 5836 5835 5838 5837 5837 5836 5835 2964 2956 5838 5838 5839 2964 5839 5838 5835 5835 5840 5839 5842 5839 5840 5840 5841 5842 2966 2964 5839 5839 5842 2966 5833 4560 4559 4559 5843 5833 5843 4559 4556 4556 5844 5843 5840 5843 5844 5844 5841 5840 5835 5833 5843 5843 5840 5835 4555 4554 5264 5264 5845 4555 5845 5264 5260 5260 5846 5845 5844 5845 5846 5846 5841 5844 4556 4555 5845 5845 5844 4556 5258 5233 5847 5847 5848 5258 5848 5847 5849 5849 5850 5848 5846 5848 5850 5850 5841 5846 5260 5258 5848 5848 5846 5260 5852 2970 2973 2973 5851 5852 5851 2973 2966 2966 5842 5851 5850 5851 5842 5842 5841 5850 5849 5852 5851 5851 5850 5849 
						2982 2970 5852 5852 5853 2982 5853 5852 5849 5849 5854 5853 5856 5853 5854 5854 5855 5856 2984 2982 5853 5853 5856 2984 5854 5849 5847 5847 5857 5854 5857 5847 5233 5233 5236 5857 5858 5857 5236 5236 5241 5858 5855 5854 5857 5857 5858 5855 5860 5855 5858 5858 5859 5860 5859 5858 5241 5241 5255 5859 5529 5859 5255 5255 5257 5529 5526 5860 5859 5859 5529 5526 2988 2984 5856 5856 5861 2988 5861 5856 5855 5855 5860 5861 5525 5861 5860 5860 5526 5525 2593 2988 5861 5861 5525 2593 2994 2882 5783 5783 5862 2994 5862 5783 5780 5780 5863 5862 5865 5862 5863 5863 5864 5865 2996 2994 5862 5862 5865 2996 5778 3691 3694 3694 5866 5778 5866 3694 3689 3689 5867 5866 5863 5866 5867 5867 5864 5863 5780 5778 5866 5866 5863 5780 3687 708 3001 3001 5868 3687 5868 3001 2996 2996 5865 5868 5867 5868 5865 5865 5864 5867 3689 3687 5868 5868 5867 3689 3004 1339 4310 4310 5869 3004 5869 4310 4307 4307 5870 5869 5872 5869 5870 5870 5871 5872 3006 3004 5869 5869 5872 3006 
						4305 3304 3567 3567 5873 4305 5873 3567 3565 3565 5874 5873 5870 5873 5874 5874 5871 5870 4307 4305 5873 5873 5870 4307 3564 561 3011 3011 5875 3564 5875 3011 3006 3006 5872 5875 5874 5875 5872 5872 5871 5874 3565 3564 5875 5875 5874 3565 
					</p>
				</polylist>
			</mesh>
		</geometry>
	</library_geometries>
	<library_visual_scenes>
		<visual_scene id="RootNode" name="RootNode">
			<node id="polySurface5" name="polySurface5">
				<matrix>1.000000 0.000000 0.000000 0.000000 0.000000 1.000000 0.000000 0.000000 0.000000 0.000000 1.000000 1.191397 0.000000 0.000000 0.000000 1.000000</matrix>
				<instance_geometry url="#meshId0">
					<bind_material>
						<technique_common>
							<instance_material symbol="defaultMaterial" target="#Mask" />
						</technique_common>
					</bind_material>
				</instance_geometry>
			</node>
		</visual_scene>
	</library_visual_scenes>
	<scene>
		<instance_visual_scene url="#RootNode" />
	</scene>
</COLLADA>
